Rank,Kingdom,Group,KvK,KvK Start,KvK End,Power,Power Capped,KP,Dead,CH25
1,3308,A,"C13208 (Battle), C13224 (Battle)",2026-07-03T00:00:00.000Z,2026-08-24T00:00:00.000Z,33542160989,27226272544,4.45334E+12,12222288019,300
2,1093,A,C13208 (Battle),2026-07-03T00:00:00.000Z,2026-08-24T00:00:00.000Z,29547794298,27757034469,4.2457E+12,11999028606,300
3,2359,A,"C13225 (Battle), C13208 (Battle)",2026-07-03T00:00:00.000Z,2026-08-24T00:00:00.000Z,29433482981,28082069807,4.96071E+12,13304811922,300
4,3213,A,C13209 (Battle),2026-07-03T00:00:00.000Z,2026-08-24T00:00:00.000Z,27866907372,27830480746,6.11327E+11,3847585277,300
5,1001,A,,,,27626516340,27553560696,1.41921E+11,2747257914,300
6,1002,A,C13226 (Battle),2026-07-03T00:00:00.000Z,2026-08-24T00:00:00.000Z,27127532937,27044729038,2.49689E+11,3819179797,300
7,1981,A,C13208 (Battle),2026-07-03T00:00:00.000Z,2026-08-24T00:00:00.000Z,26323599647,25569860924,2.64369E+12,7243560373,300
8,2489,A,"C13208 (Battle), C13224 (Battle)",2026-07-03T00:00:00.000Z,2026-08-24T00:00:00.000Z,25433884517,24618456719,4.60003E+12,12802752140,300
9,3189,A,C13209 (Battle),2026-07-03T00:00:00.000Z,2026-08-24T00:00:00.000Z,24526783232,24523067318,2.9126E+11,3498312516,300
10,3060,A,,,,23906081420,23902276046,2.9153E+11,4356662399,300
11,1394,A,"C13231 (Battle), C13246 (Battle)",2026-07-03T00:00:00.000Z,2026-08-24T00:00:00.000Z,23230035158,23227200510,5.63029E+11,5921630417,300
12,1903,A,,,,22759441365,22730722868,1.95692E+12,6787224010,300
13,3594,A,"C13219 (Battle), C13209 (Battle)",2026-07-03T00:00:00.000Z,2026-08-24T00:00:00.000Z,22657712488,22657268520,3.35249E+11,3960620032,300
14,1365,A,C13192 (Immigration),2026-06-05T00:00:00.000Z,2026-07-27T00:00:00.000Z,21678553789,21557422207,2.86025E+12,9098966261,300
15,2293,A,,,,20723615108,20701043805,1.6768E+12,6398532067,300
16,1052,A,C13210 (Battle),2026-07-03T00:00:00.000Z,2026-08-24T00:00:00.000Z,20683303060,20653020113,2.64923E+11,4475654007,300
17,3212,A,C13182 (Immigration),2026-06-05T00:00:00.000Z,2026-07-27T00:00:00.000Z,20233988869,20233988869,1.52086E+11,3676974152,300
18,2638,A,C13232 (Battle),2026-07-03T00:00:00.000Z,2026-08-24T00:00:00.000Z,20036652337,19984223258,1.59629E+12,5918736362,300
19,3672,A,C13208 (Battle),2026-07-03T00:00:00.000Z,2026-08-24T00:00:00.000Z,20004481940,18020327876,2.02777E+12,5700038457,300
20,1875,A,C13192 (Immigration),2026-06-05T00:00:00.000Z,2026-07-27T00:00:00.000Z,19917570313,19813105689,2.35191E+12,7654085809,300
21,1606,A,C13226 (Battle),2026-07-03T00:00:00.000Z,2026-08-24T00:00:00.000Z,19819691711,19660837657,2.84511E+12,8156178310,300
22,2141,A,,,,19633818039,19633818039,1.85606E+11,3198514710,300
23,2563,A,C13199 (Immigration),2026-06-05T00:00:00.000Z,2026-07-27T00:00:00.000Z,19481826160,19434551339,2.11392E+12,6236947421,300
24,1473,A,,,,19433541669,19360709628,1.68027E+12,6336245646,300
25,1786,A,C13226 (Battle),2026-07-03T00:00:00.000Z,2026-08-24T00:00:00.000Z,19376708644,18990601217,1.41291E+12,6236443344,300
26,2728,A,,,,19193276592,19068999538,2.31631E+12,6725100491,300
27,3842,A,,,,19064823786,18418276783,1.26212E+12,4428657375,300
28,2748,A,,,,18885505067,18693933180,1.36669E+12,5395639707,300
29,2902,A,C13226 (Battle),2026-07-03T00:00:00.000Z,2026-08-24T00:00:00.000Z,18670907472,18666981127,1.14104E+12,4557537230,300
30,1344,A,,,,18493810648,18458536390,1.53624E+11,2554471203,300
31,2925,A,C13226 (Battle),2026-07-03T00:00:00.000Z,2026-08-24T00:00:00.000Z,18471486152,18438800695,9.24237E+11,4591632308,300
32,3639,A,,,,18437406618,18437406618,2.07095E+11,2562711907,300
33,1718,A,C13199 (Immigration),2026-06-05T00:00:00.000Z,2026-07-27T00:00:00.000Z,18351444819,18297293373,2.18416E+12,6828300926,300
34,3517,A,,,,18217561922,18182620552,1.32194E+12,4742325900,300
35,1003,A,C13239 (Battle),2026-07-03T00:00:00.000Z,2026-08-24T00:00:00.000Z,18082958025,18047576584,1.2752E+11,3304088223,298
36,2382,A,C13182 (Immigration),2026-06-05T00:00:00.000Z,2026-07-27T00:00:00.000Z,18009603240,17540764835,2.03937E+11,3238433078,300
37,2387,A,C13208 (Battle),2026-07-03T00:00:00.000Z,2026-08-24T00:00:00.000Z,17874376651,17864669149,9.75804E+11,4614352028,300
38,2469,A,C13234 (Battle),2026-07-03T00:00:00.000Z,2026-08-24T00:00:00.000Z,17815291251,17815291251,1.08512E+11,3116668368,300
39,3274,A,,,,17724165332,16963782649,1.48394E+12,5337046333,300
40,3908,A,,,,17694334827,17455691373,3.11384E+11,1071997340,300
41,1316,A,C13199 (Immigration),2026-06-05T00:00:00.000Z,2026-07-27T00:00:00.000Z,17463405094,17321851585,2.26551E+12,7488898245,284
42,2905,A,C13227 (Battle),2026-07-03T00:00:00.000Z,2026-08-24T00:00:00.000Z,17353141884,17353141884,2.6402E+11,3435210077,300
43,3526,A,C13208 (Battle),2026-07-03T00:00:00.000Z,2026-08-24T00:00:00.000Z,17186766351,17163482910,8.9825E+11,3912207887,300
44,1818,A,C13192 (Immigration),2026-06-05T00:00:00.000Z,2026-07-27T00:00:00.000Z,17000262319,16976325190,8.73656E+11,4412995735,300
45,2398,A,C13182 (Immigration),2026-06-05T00:00:00.000Z,2026-07-27T00:00:00.000Z,16983970226,16983970226,2.21385E+11,3241163011,300
46,2983,A,,,,16928186417,16328373909,1.27308E+12,5299362138,300
47,2403,A,,,,16771289927,16771289927,1.85181E+11,2768037777,300
48,3500,A,,,,16704997962,16686050408,1.00127E+12,4254497808,300
49,1631,A,,,,16662131331,16662131331,2.75105E+11,3074790569,300
50,3299,A,C13192 (Immigration),2026-06-05T00:00:00.000Z,2026-07-27T00:00:00.000Z,16588682274,16588682274,1.83659E+11,2479196522,300
51,1532,A,C13216 (Battle),2026-07-03T00:00:00.000Z,2026-08-24T00:00:00.000Z,16583767058,14122855904,1.22728E+11,2097016076,264
52,2243,A,,,,16568302479,16562588060,1.16727E+11,2123166861,300
53,2341,A,,,,16511304626,16511304626,1.60768E+11,2540517470,300
54,1404,A,,,,16507708534,16503662729,1.96774E+11,2512991300,295
55,1939,A,C13216 (Battle),2026-07-03T00:00:00.000Z,2026-08-24T00:00:00.000Z,16466287343,12487580736,1.31306E+11,2121637186,278
56,3257,A,C13200 (Immigration),2026-06-05T00:00:00.000Z,2026-07-27T00:00:00.000Z,16390088793,16309131123,1.19054E+12,5938317944,300
57,2804,A,C13208 (Battle),2026-07-03T00:00:00.000Z,2026-08-24T00:00:00.000Z,16266095722,16108314243,8.6649E+11,4073172761,284
58,2062,A,C13226 (Battle),2026-07-03T00:00:00.000Z,2026-08-24T00:00:00.000Z,16106780953,14491435154,4.54064E+11,3601859359,297
59,1076,A,,,,16063441768,16059148468,1.49023E+11,2535731568,290
60,3608,A,,,,15960917942,15960917942,1.30448E+11,1786181262,300
61,1105,A,C13184 (Immigration),2026-06-05T00:00:00.000Z,2026-07-27T00:00:00.000Z,15916498160,15916498160,58566462589,2139748218,300
62,1016,A,,,,15912674245,15887908069,9.08559E+11,5136062796,300
63,1592,A,C13208 (Battle),2026-07-03T00:00:00.000Z,2026-08-24T00:00:00.000Z,15894854782,15837205377,1.54433E+12,5737396226,300
64,2199,A,,,,15831042457,15825992866,1.98465E+11,2832031934,289
65,1206,A,C13226 (Battle),2026-07-03T00:00:00.000Z,2026-08-24T00:00:00.000Z,15818021550,14489608302,9.61119E+11,4092938758,292
66,1671,A,C13182 (Immigration),2026-06-05T00:00:00.000Z,2026-07-27T00:00:00.000Z,15765162842,15171372727,4.25278E+11,3818558099,297
67,3418,A,C13183 (Immigration),2026-06-05T00:00:00.000Z,2026-07-27T00:00:00.000Z,15697806758,15697806758,1.10166E+11,2602321804,300
68,2626,A,C13214 (Battle),2026-07-03T00:00:00.000Z,2026-08-24T00:00:00.000Z,15678256247,15678256247,1.60853E+11,2671726770,300
69,2194,A,,,,15466114508,15466114508,6.86224E+11,4170068573,300
70,1209,A,,,,15417963490,15412756759,2.9768E+11,3170674373,281
71,1079,A,C13199 (Immigration),2026-06-05T00:00:00.000Z,2026-07-27T00:00:00.000Z,15340220799,15327299798,1.27127E+12,5044360056,300
72,3767,A,C13236 (Battle),2026-07-03T00:00:00.000Z,2026-08-24T00:00:00.000Z,15277988002,15065556093,1.33092E+11,1338693720,294
73,3319,A,,,,15258824499,15256549187,2.13804E+11,2920993162,300
74,3535,A,,,,15205125310,15192526809,2.76394E+11,2824056051,300
75,1757,A,,,,15192739387,15191702262,92036329125,2244005748,300
76,1816,A,,,,15146299420,15112796551,84930087937,1618746575,300
77,3143,A,C13226 (Battle),2026-07-03T00:00:00.000Z,2026-08-24T00:00:00.000Z,15137219434,14959457589,6.85983E+11,3571814486,278
78,2965,A,,,,15115492635,15105396259,1.06723E+12,4282281628,300
79,2070,A,,,,15078519853,15038305914,4.40892E+11,3819921677,300
80,1212,A,C13192 (Immigration),2026-06-05T00:00:00.000Z,2026-07-27T00:00:00.000Z,15069973016,14966574914,7.83613E+11,3847991910,300
81,3793,A,C13199 (Immigration),2026-06-05T00:00:00.000Z,2026-07-27T00:00:00.000Z,15057310652,15016229004,8.65472E+11,3082324825,300
82,1126,A,,,,15053809544,15053809544,1.68837E+11,2903811306,269
83,3538,A,,,,15033534875,15024338772,2.3283E+11,2637717295,294
84,2027,A,,,,14975686726,14937409509,7.54869E+11,3397740420,300
85,2116,A,,,,14948891905,14933090696,4.56352E+11,3291717180,300
86,1393,A,C13192 (Immigration),2026-06-05T00:00:00.000Z,2026-07-27T00:00:00.000Z,14929941738,14513212483,1.01899E+12,4443393078,300
87,1082,A,,,,14928630621,14814028737,88586691388,1676546308,210
88,2666,A,,,,14901289331,14825237323,1.33871E+12,4809599304,300
89,2217,A,C13226 (Battle),2026-07-03T00:00:00.000Z,2026-08-24T00:00:00.000Z,14846659718,14618177814,9.98123E+11,4078111601,287
90,1075,A,C13220 (Battle),2026-07-03T00:00:00.000Z,2026-08-24T00:00:00.000Z,14828144876,14169844351,96072908685,2058391337,262
91,1343,A,,,,14826239055,14823787530,1.1446E+11,2201195029,277
92,1843,A,,,,14822254830,14822254830,1.42508E+11,2729192446,263
93,1960,A,,,,14758843622,14683488953,7.80847E+11,3630703586,300
94,1877,A,,,,14710789345,14710789345,4.30308E+11,2952668784,300
95,1858,A,C13237 (Battle),2026-07-03T00:00:00.000Z,2026-08-24T00:00:00.000Z,14689039813,10436691950,5.04408E+11,2093642338,286
96,3869,A,C13206 (Battle),2026-06-11T00:00:00.000Z,2026-08-08T00:00:00.000Z,14665654497,14648538330,4.77306E+11,1499602950,300
97,2218,A,C13226 (Battle),2026-07-03T00:00:00.000Z,2026-08-24T00:00:00.000Z,14627193748,14489260197,1.42475E+12,4967841976,245
98,2964,A,C13209 (Battle),2026-07-03T00:00:00.000Z,2026-08-24T00:00:00.000Z,14571829980,14565599812,4.94716E+11,2819478303,300
99,1821,A,C13212 (Battle),2026-07-03T00:00:00.000Z,2026-08-24T00:00:00.000Z,14563044758,11439234422,4.16575E+11,2116344357,229
100,3698,A,C13236 (Battle),2026-07-03T00:00:00.000Z,2026-08-24T00:00:00.000Z,14556835354,14556835354,1.83846E+11,2091052394,300
101,1992,A,,,,14511318610,14511318610,1.10385E+11,2745204804,291
102,1854,A,,,,14497099223,14495792043,1.51609E+11,2359146465,298
103,3834,A,,,,14403560705,14403560705,1.92228E+11,1588221415,300
104,3853,A,,,,14391485730,14391485730,1.62994E+11,1157130172,300
105,1261,A,C13202 (Immigration),2026-06-05T00:00:00.000Z,2026-07-27T00:00:00.000Z,14388035194,11299121272,1.34092E+11,2293816829,255
106,2179,A,,,,14337447811,14324988001,4.18027E+11,2433316816,300
107,3731,A,,,,14316714766,14315467553,1.11564E+11,1197205322,300
108,1501,A,,,,14288622643,14203472275,8.7405E+11,3928964298,274
109,3904,A,,,,14204700212,13945188954,2.10331E+11,923396310,294
110,3256,A,,,,14116573115,14102204887,2.67148E+11,2387341258,246
111,3604,A,C13226 (Battle),2026-07-03T00:00:00.000Z,2026-08-24T00:00:00.000Z,14101391697,13439754505,4.24375E+11,2823471262,284
112,3741,A,C13231 (Battle),2026-07-03T00:00:00.000Z,2026-08-24T00:00:00.000Z,14050376858,13925332411,3.43872E+11,2161655727,282
113,2919,A,,,,14000851030,13996755635,2.75061E+11,3069642062,300
114,3848,A,,,,13979146256,13979146256,72853359763,1157180374,300
115,1770,A,C13209 (Battle),2026-07-03T00:00:00.000Z,2026-08-24T00:00:00.000Z,13970622815,13970622815,5.19349E+11,3456548974,300
116,2690,A,C13200 (Immigration),2026-06-05T00:00:00.000Z,2026-07-27T00:00:00.000Z,13966050110,13965082877,4.94542E+11,2685289031,300
117,2783,A,,,,13951760856,13951760856,78697718827,1827714770,300
118,1611,A,,,,13937216323,13937216323,1.83189E+11,2024530057,277
119,3248,A,,,,13884775206,13875213021,3.81187E+11,2983270672,300
120,1271,A,,,,13828657947,13828657947,1.07612E+11,2142372888,244
121,3652,A,C13237 (Battle),2026-07-03T00:00:00.000Z,2026-08-24T00:00:00.000Z,13747108560,13747108560,1.98627E+11,1900215290,300
122,3462,A,,,,13719932031,13711386046,4.36397E+11,2631914143,300
123,2103,A,,,,13713711943,13639056487,7.11869E+11,3099408690,279
124,1169,A,C13193 (Immigration),2026-06-05T00:00:00.000Z,2026-07-27T00:00:00.000Z,13680017305,13680017305,5.0247E+11,3883542391,300
125,3322,A,,,,13671547794,13666972120,1.34134E+11,3117014103,292
126,3743,A,,,,13631971985,13627947142,7.46209E+11,2864516488,300
127,3307,A,,,,13629006536,13629006536,2.254E+11,2566763075,284
128,1761,A,,,,13587854441,13580896240,7.0534E+11,3113277610,300
129,1368,A,C13226 (Battle),2026-07-03T00:00:00.000Z,2026-08-24T00:00:00.000Z,13569829959,13536967551,7.67612E+11,4190786075,300
130,1612,A,,,,13524892376,13513358336,3.93784E+11,2988753213,300
131,2212,A,C13229 (Battle),2026-07-03T00:00:00.000Z,2026-08-24T00:00:00.000Z,13521975349,13521975349,3.7419E+11,2924457486,286
132,2260,A,C13211 (Battle),2026-07-03T00:00:00.000Z,2026-08-24T00:00:00.000Z,13466670506,13447237399,2.0942E+11,2436818292,258
133,1525,A,,,,13451037264,13424095242,7.72889E+11,3774154069,300
134,3813,A,C13236 (Battle),2026-07-03T00:00:00.000Z,2026-08-24T00:00:00.000Z,13448445526,13448445526,1.11445E+11,1220905446,300
135,2397,A,,,,13442702358,13442702358,6.04949E+11,2952832006,300
136,3406,A,C13226 (Battle),2026-07-03T00:00:00.000Z,2026-08-24T00:00:00.000Z,13422719563,13422719563,5.18716E+11,3262363093,300
137,3676,A,,,,13408793822,12621921891,4.68987E+11,1977797774,295
138,2345,A,,,,13386162742,13386162742,2.00053E+11,2665399206,255
139,2080,A,C13232 (Battle),2026-07-03T00:00:00.000Z,2026-08-24T00:00:00.000Z,13380481292,13352015914,2.26403E+11,2277213751,274
140,1337,A,C13193 (Immigration),2026-06-05T00:00:00.000Z,2026-07-27T00:00:00.000Z,13356699951,5789455168,4.46192E+11,1428856218,244
141,3074,A,,,,13349030427,13286149085,7.16219E+11,3686928423,300
142,3025,A,C13193 (Immigration),2026-06-05T00:00:00.000Z,2026-07-27T00:00:00.000Z,13323419469,12183600523,5.38196E+11,2921557164,234
143,2400,A,,,,13323133914,13323133914,2.55042E+11,2545049012,293
144,1277,A,,,,13319079754,13319079754,1.81018E+11,2551246142,296
145,1559,A,,,,13295470701,13029333062,1.48959E+11,2728120972,216
146,3637,A,,,,13275527554,13275527554,94635337994,1499180273,300
147,2385,A,,,,13251454311,13251454311,1.19417E+11,2344733062,273
148,3757,A,C13226 (Battle),2026-07-03T00:00:00.000Z,2026-08-24T00:00:00.000Z,13227262233,790894442,1.89354E+11,96445834,263
149,3816,A,C13213 (Battle),2026-07-03T00:00:00.000Z,2026-08-24T00:00:00.000Z,13225421688,13170882187,70930713411,1173351389,297
150,3695,A,,,,13205730750,13161404886,1.03313E+12,3660406157,300
151,1418,A,C13201 (Immigration),2026-06-05T00:00:00.000Z,2026-07-27T00:00:00.000Z,13152517411,13152517411,3.3064E+11,2684915000,265
152,1047,A,,,,13124869570,13124869570,1.26125E+11,2179576079,237
153,3818,A,C13209 (Battle),2026-07-03T00:00:00.000Z,2026-08-24T00:00:00.000Z,13086499286,13086499286,2.92109E+11,1720760216,300
154,3376,A,C13226 (Battle),2026-07-03T00:00:00.000Z,2026-08-24T00:00:00.000Z,13005396104,13005396104,5.7042E+11,3027666011,300
155,3501,A,,,,12972419453,12972419453,1.47386E+11,2186959888,291
156,1507,A,,,,12950103040,12943906718,2.79447E+11,2458270491,277
157,1148,A,C13217 (Battle),2026-07-03T00:00:00.000Z,2026-08-24T00:00:00.000Z,12926547119,12926547119,1.67676E+11,2459967483,254
158,3094,A,C13227 (Battle),2026-07-03T00:00:00.000Z,2026-08-24T00:00:00.000Z,12914910259,12833485379,1.87429E+11,2787831353,252
159,1370,A,,,,12908125625,12908125625,1.36255E+11,2137328159,233
160,3542,A,C13226 (Battle),2026-07-03T00:00:00.000Z,2026-08-24T00:00:00.000Z,12888497514,12888497514,6.42618E+11,3047967958,300
161,3099,A,C13209 (Battle),2026-07-03T00:00:00.000Z,2026-08-24T00:00:00.000Z,12883309533,12883309533,5.77924E+11,2640675694,276
162,3217,A,,,,12873153120,12871913771,4.1752E+11,2695379799,282
163,2267,A,C13235 (Battle),2026-07-03T00:00:00.000Z,2026-08-24T00:00:00.000Z,12857991812,12684828142,8.41894E+11,3246543469,300
164,3777,A,C13200 (Immigration),2026-06-05T00:00:00.000Z,2026-07-27T00:00:00.000Z,12828668269,12799585724,4.59056E+11,2413085997,300
165,3125,A,,,,12796020115,12796020115,2.71904E+11,2180067473,300
166,3860,A,,,,12793571696,12790561225,1.4787E+11,1262535048,294
167,1839,A,C13202 (Immigration),2026-06-05T00:00:00.000Z,2026-07-27T00:00:00.000Z,12788812259,5065335907,1.47534E+11,1028286575,245
168,2026,A,C13211 (Battle),2026-07-03T00:00:00.000Z,2026-08-24T00:00:00.000Z,12715855937,12687931145,4.15348E+11,2290226271,300
169,2183,A,,,,12693039826,12647520324,4.00058E+11,2961066381,230
170,2929,A,C13203 (Immigration),2026-06-05T00:00:00.000Z,2026-07-27T00:00:00.000Z,12684072390,12198421321,1.51535E+11,2428721677,284
171,2707,A,C13203 (Immigration),2026-06-05T00:00:00.000Z,2026-07-27T00:00:00.000Z,12672201264,5516633669,1.56393E+11,911966909,291
172,1163,A,,,,12669849190,12625628257,8.14679E+11,3210415904,300
173,3913,A,,,,12664574298,12664574298,2.0289E+11,851144707,300
174,1414,A,,,,12642552513,12642552513,3.71644E+11,2960019688,287
175,2261,A,,,,12640835728,12640381086,4.38761E+11,2251642809,287
176,3013,A,C13193 (Immigration),2026-06-05T00:00:00.000Z,2026-07-27T00:00:00.000Z,12623675865,12623675865,4.112E+11,2767562180,300
177,1265,A,C13211 (Battle),2026-07-03T00:00:00.000Z,2026-08-24T00:00:00.000Z,12610626758,12606947069,2.56034E+11,2262446276,300
178,2755,A,,,,12592557846,11240363611,3.62196E+11,2449996466,237
179,3244,A,C13185 (Immigration),2026-06-05T00:00:00.000Z,2026-07-27T00:00:00.000Z,12587635838,12587635838,2.13576E+11,2650368455,276
180,2537,A,,,,12573432021,12549011134,83130254486,1763487769,248
181,1227,A,,,,12551135857,12547310485,1.07162E+11,2138776513,236
182,1185,A,,,,12520041247,12520041247,3.26438E+11,2705183613,282
183,1756,A,,,,12504265835,12504265835,1.85937E+11,2761516822,247
184,2149,A,,,,12489134813,12489134813,5.23199E+11,3576455844,280
185,2112,A,,,,12467885663,12462904905,3.39218E+11,2740497984,300
186,3710,A,,,,12452185389,12452185389,80625318142,1005274115,283
187,3331,A,C13210 (Battle),2026-07-03T00:00:00.000Z,2026-08-24T00:00:00.000Z,12439167553,12428423187,5.559E+11,2910114321,266
188,1837,A,,,,12430920743,12425071130,1.58704E+11,2241635484,210
189,3342,A,,,,12426674405,12020330123,4.31261E+11,2272524389,267
190,1123,A,,,,12424218650,12423335658,2.31104E+11,2516195466,236
191,3230,A,C13238 (Battle),2026-07-03T00:00:00.000Z,2026-08-24T00:00:00.000Z,12400720586,12400720586,94540363705,1736260083,256
192,2050,A,,,,12390161652,12390161652,1.65908E+11,2249047180,253
193,3772,A,,,,12387402202,12387161209,2.26034E+11,1340210817,300
194,1824,A,C13232 (Battle),2026-07-03T00:00:00.000Z,2026-08-24T00:00:00.000Z,12382342444,12373787350,4.69984E+11,2735381246,300
195,2988,A,C13193 (Immigration),2026-06-05T00:00:00.000Z,2026-07-27T00:00:00.000Z,12381482868,10110345668,3.73406E+11,2149688363,270
196,1184,A,,,,12373387032,12372895984,6.48261E+11,3330620967,300
197,3372,A,,,,12365144613,12330916799,5.43812E+11,2597804368,258
198,3271,A,C13231 (Battle),2026-07-03T00:00:00.000Z,2026-08-24T00:00:00.000Z,12342261953,12342261953,3.67213E+11,2642987625,300
199,2529,A,"C13191 (Immigration), C13182 (Immigration)",2026-06-05T00:00:00.000Z,2026-07-27T00:00:00.000Z,12322506070,12322506070,59005996059,1889403647,275
200,2777,A,C13196 (Immigration),2026-06-05T00:00:00.000Z,2026-07-27T00:00:00.000Z,12314516435,8398096355,1.5705E+11,1688714869,266
201,3671,A,C13202 (Immigration),2026-06-05T00:00:00.000Z,2026-07-27T00:00:00.000Z,12311765062,12032435735,2.31757E+11,2033793089,285
202,3002,A,C13233 (Battle),2026-07-03T00:00:00.000Z,2026-08-24T00:00:00.000Z,12311223770,11413041855,3.34047E+11,2363776607,241
203,3228,A,,,,12300663856,11344095413,1.13602E+11,1906416474,236
204,3155,A,,,,12254637336,12065618124,8.77985E+11,3274096778,222
205,3419,A,C13213 (Battle),2026-07-03T00:00:00.000Z,2026-08-24T00:00:00.000Z,12193625428,10718987168,1.70685E+11,1887701747,210
206,3852,A,,,,12192855420,12156362252,2.2894E+11,1290040259,300
207,2627,A,,,,12191218374,12190446462,3.18514E+11,2542553515,300
208,3727,A,C13201 (Immigration),2026-06-05T00:00:00.000Z,2026-07-27T00:00:00.000Z,12188887150,12128523868,4.32763E+11,2179274705,291
209,2262,A,C13205 (Immigration),2026-06-05T00:00:00.000Z,2026-07-27T00:00:00.000Z,12154096721,10362669110,1.21604E+11,1887219484,242
210,3453,A,,,,12141479250,12114254656,5.88348E+11,2601996615,242
211,1196,A,C13242 (Battle),2026-07-03T00:00:00.000Z,2026-08-24T00:00:00.000Z,12124597758,11257183205,1.10198E+11,2070618959,227
212,1387,A,,,,12110431584,12096041865,91464769921,1818465301,196
213,3224,A,,,,12110387094,10999398076,1.68992E+11,1991547413,247
214,1989,A,,,,12089249473,12088084693,2.98754E+11,2867664428,257
215,2581,A,,,,12076295105,12073184085,4.49295E+11,2674902478,300
216,3756,A,,,,12060394409,12060394409,65454472342,1299485810,300
217,1879,A,C13199 (Immigration),2026-06-05T00:00:00.000Z,2026-07-27T00:00:00.000Z,12052553952,12044957790,8.2138E+11,3814722213,300
218,3273,A,,,,12051481105,12051481105,1.47742E+11,1931671176,300
219,2170,A,,,,12037945613,12037945613,98209858721,2154190328,240
220,1679,A,C13218 (Battle),2026-07-03T00:00:00.000Z,2026-08-24T00:00:00.000Z,12015316263,10838813391,78906019839,1492689096,178
221,1553,A,C13239 (Battle),2026-07-03T00:00:00.000Z,2026-08-24T00:00:00.000Z,12012896985,11205613530,1.36092E+11,1769877340,215
222,1158,A,,,,12004271947,11628344668,4.93475E+11,2818467946,277
223,2246,A,C13209 (Battle),2026-07-03T00:00:00.000Z,2026-08-24T00:00:00.000Z,11996918034,11985472370,3.09856E+11,2211389189,300
224,3374,A,,,,11979415184,11979415184,1.2469E+11,2080836946,262
225,2907,A,C13213 (Battle),2026-07-03T00:00:00.000Z,2026-08-24T00:00:00.000Z,11958984063,11735354895,5.75197E+11,2861428906,300
226,1330,A,C13233 (Battle),2026-07-03T00:00:00.000Z,2026-08-24T00:00:00.000Z,11948805942,9778879068,1.80654E+11,2272374976,209
227,1672,A,,,,11948582618,11948046290,1.47548E+11,2178690082,205
228,3294,A,C13238 (Battle),2026-07-03T00:00:00.000Z,2026-08-24T00:00:00.000Z,11944259759,11942357589,3.10428E+11,2265432860,247
229,1994,A,C13229 (Battle),2026-07-03T00:00:00.000Z,2026-08-24T00:00:00.000Z,11910445741,11907471531,1.46157E+11,2515524664,268
230,1615,A,C13182 (Immigration),2026-06-05T00:00:00.000Z,2026-07-27T00:00:00.000Z,11909744337,11906193749,4.26649E+11,2728766054,300
231,3836,A,,,,11876403442,11876403442,81444871899,819324899,300
232,1538,A,C13210 (Battle),2026-07-03T00:00:00.000Z,2026-08-24T00:00:00.000Z,11859381524,11859381524,2.84484E+11,2861695489,190
233,3199,A,C13226 (Battle),2026-07-03T00:00:00.000Z,2026-08-24T00:00:00.000Z,11854995687,11849002688,5.03982E+11,2886960938,267
234,1447,A,C13183 (Immigration),2026-06-05T00:00:00.000Z,2026-07-27T00:00:00.000Z,11837884063,11824090560,3.70259E+11,2788678148,296
235,1385,A,C13234 (Battle),2026-07-03T00:00:00.000Z,2026-08-24T00:00:00.000Z,11788376284,11773999997,3.79189E+11,2968560885,227
236,1287,A,,,,11784958361,11774991426,1.0454E+11,1663586290,203
237,2811,A,C13248 (Battle),2026-07-03T00:00:00.000Z,2026-08-24T00:00:00.000Z,11752537085,11752537085,67118420004,1825766826,259
238,3275,A,,,,11749911929,11749911929,2.61047E+11,2095411952,300
239,3065,A,C13182 (Immigration),2026-06-05T00:00:00.000Z,2026-07-27T00:00:00.000Z,11746843449,11746440944,3.21304E+11,2136493825,300
240,3052,A,C13212 (Battle),2026-07-03T00:00:00.000Z,2026-08-24T00:00:00.000Z,11725542529,10893691003,2.20723E+11,2165165279,248
241,3758,A,C13210 (Battle),2026-07-03T00:00:00.000Z,2026-08-24T00:00:00.000Z,11725039717,11712638548,3.00535E+11,1718519954,300
242,2416,A,C13234 (Battle),2026-07-03T00:00:00.000Z,2026-08-24T00:00:00.000Z,11722466550,10099535496,3.30851E+11,2484294094,197
243,2975,A,C13226 (Battle),2026-07-03T00:00:00.000Z,2026-08-24T00:00:00.000Z,11720847580,11720561121,4.92471E+11,2768497768,300
244,2655,A,C13183 (Immigration),2026-06-05T00:00:00.000Z,2026-07-27T00:00:00.000Z,11714522551,11712762723,2.2769E+11,2329090050,300
245,2657,A,,,,11713906985,11710175621,2.46023E+11,2106899082,293
246,3768,A,C13226 (Battle),2026-07-03T00:00:00.000Z,2026-08-24T00:00:00.000Z,11708589212,11667474629,5.12352E+11,2498688314,286
247,3561,A,C13182 (Immigration),2026-06-05T00:00:00.000Z,2026-07-27T00:00:00.000Z,11707849393,6185266527,2.2049E+11,938942163,230
248,2350,A,C13228 (Battle),2026-07-03T00:00:00.000Z,2026-08-24T00:00:00.000Z,11705494509,6885927667,1.38987E+11,1315633898,203
249,2871,A,C13187 (Immigration),2026-06-05T00:00:00.000Z,2026-07-27T00:00:00.000Z,11699923797,11699923797,89576895191,2043151486,239
250,2654,A,C13192 (Immigration),2026-06-05T00:00:00.000Z,2026-07-27T00:00:00.000Z,11688804431,11656688909,4.87912E+11,2589314196,300
251,3835,A,,,,11687924193,11659643229,3.93505E+11,1659233426,294
252,2232,A,C13201 (Immigration),2026-06-05T00:00:00.000Z,2026-07-27T00:00:00.000Z,11682379210,9649460734,1.24121E+11,1831518343,187
253,3886,A,C13206 (Battle),2026-06-11T00:00:00.000Z,2026-08-08T00:00:00.000Z,11680182402,11680182402,1.4899E+11,799298040,298
254,2326,A,,,,11678038191,11678038191,78514618732,1739768751,212
255,1190,A,,,,11676827510,7229135960,1.11316E+11,1202488169,193
256,2600,A,C13185 (Immigration),2026-06-05T00:00:00.000Z,2026-07-27T00:00:00.000Z,11676353990,11676353990,1.83814E+11,2239293447,254
257,3584,A,C13211 (Battle),2026-07-03T00:00:00.000Z,2026-08-24T00:00:00.000Z,11668594076,11668594076,3.28793E+11,2205292254,215
258,1071,A,,,,11665351069,11665351069,1.53788E+11,2067651697,212
259,2890,A,C13210 (Battle),2026-07-03T00:00:00.000Z,2026-08-24T00:00:00.000Z,11643778925,11637348144,4.3747E+11,2485401060,300
260,2396,A,C13239 (Battle),2026-07-03T00:00:00.000Z,2026-08-24T00:00:00.000Z,11637716009,10383185503,1.69484E+11,1742758335,213
261,2288,A,C13231 (Battle),2026-07-03T00:00:00.000Z,2026-08-24T00:00:00.000Z,11630284946,10010705955,2.60974E+11,2182844144,213
262,3807,A,C13211 (Battle),2026-07-03T00:00:00.000Z,2026-08-24T00:00:00.000Z,11612103022,11612103022,1.26684E+11,1174599334,294
263,2010,A,C13193 (Immigration),2026-06-05T00:00:00.000Z,2026-07-27T00:00:00.000Z,11595286031,11595286031,5.6824E+11,3282363056,300
264,3312,A,C13238 (Battle),2026-07-03T00:00:00.000Z,2026-08-24T00:00:00.000Z,11586487304,11586487304,2.31347E+11,1603546766,273
265,3840,A,,,,11568468521,11568468521,85305863592,904760797,300
266,3803,A,C13236 (Battle),2026-07-03T00:00:00.000Z,2026-08-24T00:00:00.000Z,11567061792,10958698075,1.14235E+11,985607306,257
267,3641,A,,,,11562216933,11562216933,86343905821,1040288888,274
268,1744,A,C13218 (Battle),2026-07-03T00:00:00.000Z,2026-08-24T00:00:00.000Z,11553482792,11553482792,1.19083E+11,1887504265,257
269,2776,A,C13202 (Immigration),2026-06-05T00:00:00.000Z,2026-07-27T00:00:00.000Z,11545512941,10404034380,3.76848E+11,2265666703,288
270,2446,A,C13215 (Battle),2026-07-03T00:00:00.000Z,2026-08-24T00:00:00.000Z,11526955819,9720313591,1.96274E+11,1786068895,203
271,3233,A,C13231 (Battle),2026-07-03T00:00:00.000Z,2026-08-24T00:00:00.000Z,11524679650,11524679650,2.97952E+11,2243273418,300
272,2797,A,,,,11524275848,11524275848,1.52207E+11,1967976635,300
273,3388,A,C13211 (Battle),2026-07-03T00:00:00.000Z,2026-08-24T00:00:00.000Z,11513734879,11504423383,2.72462E+11,1573972117,300
274,2158,A,C13228 (Battle),2026-07-03T00:00:00.000Z,2026-08-24T00:00:00.000Z,11510640633,11479781728,5.49339E+11,2898004196,292
275,3865,A,C13206 (Battle),2026-06-11T00:00:00.000Z,2026-08-08T00:00:00.000Z,11502498966,11502498966,1.18355E+11,758090492,259
276,2538,A,,,,11485681475,11480472206,6.51856E+11,3161958151,230
277,1301,A,C13234 (Battle),2026-07-03T00:00:00.000Z,2026-08-24T00:00:00.000Z,11473181012,8047903314,2.05981E+11,1476146078,204
278,2274,A,C13233 (Battle),2026-07-03T00:00:00.000Z,2026-08-24T00:00:00.000Z,11464375841,9525958808,3.30318E+11,2073190266,175
279,3862,A,,,,11457137158,11457137158,1.17634E+11,980956846,300
280,2143,A,,,,11454326726,11454326726,1.63292E+11,2326945231,206
281,2055,A,C13202 (Immigration),2026-06-05T00:00:00.000Z,2026-07-27T00:00:00.000Z,11453523779,9599942924,5.13298E+11,2313799204,245
282,3265,A,,,,11433936344,11433936344,81062054430,1693078541,289
283,1380,A,C13244 (Battle),2026-07-03T00:00:00.000Z,2026-08-24T00:00:00.000Z,11405853760,11393765424,1.19803E+11,1511519811,204
284,1895,A,C13205 (Immigration),2026-06-05T00:00:00.000Z,2026-07-27T00:00:00.000Z,11397315021,10849642716,1.3875E+11,2522975896,211
285,1222,A,C13221 (Battle),2026-07-03T00:00:00.000Z,2026-08-24T00:00:00.000Z,11378185545,11375558902,1.19434E+11,2123037223,217
286,3059,A,,,,11375355596,11337341986,7.44699E+11,2987759162,213
287,2715,A,C13192 (Immigration),2026-06-05T00:00:00.000Z,2026-07-27T00:00:00.000Z,11369529213,11324069807,7.04411E+11,3211716582,169
288,2774,A,,,,11362631625,11354821983,4.84057E+11,2785842183,300
289,3788,A,,,,11356413458,11356413458,1.68558E+11,1507863481,300
290,2539,A,,,,11344843996,11344843996,2.90609E+11,2191312123,287
291,2370,A,C13235 (Battle),2026-07-03T00:00:00.000Z,2026-08-24T00:00:00.000Z,11343773946,11283739782,3.62457E+11,2866454925,250
292,2939,A,C13183 (Immigration),2026-06-05T00:00:00.000Z,2026-07-27T00:00:00.000Z,11341923343,11341923343,4.59453E+11,2605684199,300
293,1357,A,C13186 (Immigration),2026-06-05T00:00:00.000Z,2026-07-27T00:00:00.000Z,11315515983,9652667662,1.84831E+11,1599215622,244
294,1885,A,,,,11309942514,11267090601,6.58076E+11,3089225509,223
295,1258,A,,,,11306519904,11306519904,1.20876E+11,2259321618,220
296,3925,A,,,,11297940085,11297940085,40024530979,476990521,300
297,3610,A,C13183 (Immigration),2026-06-05T00:00:00.000Z,2026-07-27T00:00:00.000Z,11291510334,11291510334,1.68695E+11,1972383677,262
298,3849,A,,,,11272213035,11272213035,1.77915E+11,1219782708,300
299,2256,A,,,,11257697235,11236407644,2.24851E+11,2125794348,220
300,1443,A,,,,11255289985,11252692775,2.09638E+11,2327657858,230
301,1241,A,C13219 (Battle),2026-07-03T00:00:00.000Z,2026-08-24T00:00:00.000Z,11238811003,11238811003,88937655980,1870590867,222
302,1152,A,,,,11234235146,11234235146,1.19846E+11,2325163908,245
303,2078,A,C13212 (Battle),2026-07-03T00:00:00.000Z,2026-08-24T00:00:00.000Z,11231893563,10408233630,2.29668E+11,2098803781,259
304,3021,A,C13212 (Battle),2026-07-03T00:00:00.000Z,2026-08-24T00:00:00.000Z,11219542208,11219542208,2.08557E+11,1858601557,300
305,3820,A,C13209 (Battle),2026-07-03T00:00:00.000Z,2026-08-24T00:00:00.000Z,11213786760,11213786760,1.77514E+11,1172882930,288
306,2391,A,C13239 (Battle),2026-07-03T00:00:00.000Z,2026-08-24T00:00:00.000Z,11178749135,11178749135,1.1352E+11,1839904617,223
307,2647,A,C13193 (Immigration),2026-06-05T00:00:00.000Z,2026-07-27T00:00:00.000Z,11159218224,2979354302,5.87161E+11,873550135,218
308,1660,A,C13200 (Immigration),2026-06-05T00:00:00.000Z,2026-07-27T00:00:00.000Z,11152909566,11047311538,8.07741E+11,3838808738,229
309,3491,A,C13185 (Immigration),2026-06-05T00:00:00.000Z,2026-07-27T00:00:00.000Z,11152837483,11152837483,1.10776E+11,1685858799,255
310,1919,A,C13216 (Battle),2026-07-03T00:00:00.000Z,2026-08-24T00:00:00.000Z,11151091126,5457017667,1.69607E+11,1005746822,166
311,3087,A,C13218 (Battle),2026-07-03T00:00:00.000Z,2026-08-24T00:00:00.000Z,11147564129,9682745636,1.33161E+11,1543727844,195
312,2222,A,,,,11131992291,11131992291,1.47241E+11,1823432352,212
313,1457,A,C13233 (Battle),2026-07-03T00:00:00.000Z,2026-08-24T00:00:00.000Z,11127474405,7870341954,5.47758E+11,2103629576,219
314,1487,A,C13183 (Immigration),2026-06-05T00:00:00.000Z,2026-07-27T00:00:00.000Z,11125935088,11123295911,4.58815E+11,2799447543,300
315,1034,A,C13201 (Immigration),2026-06-05T00:00:00.000Z,2026-07-27T00:00:00.000Z,11118892440,4107684581,6.91412E+11,1076945722,251
316,3114,A,C13188 (Immigration),2026-06-05T00:00:00.000Z,2026-07-27T00:00:00.000Z,11118236775,11118236775,91079770305,1590962052,220
317,3181,A,C13243 (Battle),2026-07-03T00:00:00.000Z,2026-08-24T00:00:00.000Z,11117682359,8430279904,2.13203E+11,1542760251,191
318,1943,A,C13212 (Battle),2026-07-03T00:00:00.000Z,2026-08-24T00:00:00.000Z,11115891780,9474786037,2.20184E+11,1975286530,247
319,1103,A,C13211 (Battle),2026-07-03T00:00:00.000Z,2026-08-24T00:00:00.000Z,11110129792,11103041141,3.31729E+11,2361921302,202
320,3202,A,C13209 (Battle),2026-07-03T00:00:00.000Z,2026-08-24T00:00:00.000Z,11102912456,11102912456,5.53628E+11,2575171193,256
321,2940,A,,,,11099305776,11097291123,3.14335E+11,2295407164,223
322,2126,A,C13216 (Battle),2026-07-03T00:00:00.000Z,2026-08-24T00:00:00.000Z,11091900032,10168510301,83009265163,1894879614,209
323,1955,A,C13194 (Immigration),2026-06-05T00:00:00.000Z,2026-07-27T00:00:00.000Z,11091765193,11091765193,3.37951E+11,2503727576,300
324,1959,A,,,,11075578979,11075578979,1.59913E+11,1899727453,231
325,1908,A,C13195 (Immigration),2026-06-05T00:00:00.000Z,2026-07-27T00:00:00.000Z,11061709813,11061709813,1.1126E+11,1847783666,202
326,3719,A,,,,11060264314,11060264314,1.95597E+11,1371352403,271
327,2059,A,,,,11057858178,11054757192,1.58165E+11,2365963533,272
328,3805,A,C13239 (Battle),2026-07-03T00:00:00.000Z,2026-08-24T00:00:00.000Z,11057283706,9664585026,85332500855,1049036266,226
329,1968,A,,,,11035545279,11035545279,2.13523E+11,2222135616,243
330,1235,A,,,,11034055018,11033666026,1.45391E+11,1864508058,221
331,1149,A,,,,11032681414,9771595893,1.44144E+11,2108638960,195
332,2304,A,,,,11023024158,10976927986,6.62164E+11,2677181304,285
333,3326,A,,,,11012608581,11010848866,3.37496E+11,1908470833,259
334,1397,A,C13211 (Battle),2026-07-03T00:00:00.000Z,2026-08-24T00:00:00.000Z,10996128121,10996128121,2.07858E+11,2436154538,231
335,2369,A,,,,10994771761,10994771761,2.98974E+11,2277476742,273
336,1150,A,,,,10988540773,10969105994,1.78533E+11,2130799044,240
337,3845,A,,,,10971887386,10971887386,50712362315,710811593,300
338,1067,A,,,,10963401996,10880491210,1.0655E+11,1554670754,159
339,1948,A,C13216 (Battle),2026-07-03T00:00:00.000Z,2026-08-24T00:00:00.000Z,10957228856,5295825648,1.56876E+11,1169213812,191
340,1297,A,C13222 (Battle),2026-07-03T00:00:00.000Z,2026-08-24T00:00:00.000Z,10950902948,10943548732,66927025718,1367696393,212
341,2685,A,,,,10946315837,10946315837,3.58789E+11,2239144837,190
342,1649,A,,,,10943025753,10940648332,1.50752E+11,2022126865,187
343,1480,A,,,,10918158459,10910812187,2.36813E+11,2458377033,231
344,3530,A,C13217 (Battle),2026-07-03T00:00:00.000Z,2026-08-24T00:00:00.000Z,10899106669,10899106669,1.03633E+11,1918312754,235
345,3657,A,C13244 (Battle),2026-07-03T00:00:00.000Z,2026-08-24T00:00:00.000Z,10883506300,8019334054,77406252494,847039103,193
346,2324,A,C13233 (Battle),2026-07-03T00:00:00.000Z,2026-08-24T00:00:00.000Z,10877820264,8770884501,1.86428E+11,1416774986,234
347,3899,A,,,,10874281823,10874281823,64995066839,507067571,278
348,3286,A,,,,10867542598,10867542598,1.26684E+11,1757000439,262
349,1546,A,,,,10867363893,10857957209,2.51568E+11,2145413761,212
350,1684,A,,,,10864989262,10864989262,1.34977E+11,1984336883,222
351,2621,A,C13212 (Battle),2026-07-03T00:00:00.000Z,2026-08-24T00:00:00.000Z,10856685357,9869093073,3.05354E+11,2246150395,238
352,3674,A,,,,10844757269,10844757269,1.2715E+11,1378715869,264
353,2134,A,,,,10842648679,10842648679,2.27764E+11,1968878601,241
354,1399,A,C13213 (Battle),2026-07-03T00:00:00.000Z,2026-08-24T00:00:00.000Z,10838618598,9059373989,2.87303E+11,2201550545,184
355,3191,A,,,,10834940490,10822821566,3.18895E+11,2228453634,278
356,2551,A,,,,10831481793,10829594280,69765877308,1622129029,214
357,1902,A,C13213 (Battle),2026-07-03T00:00:00.000Z,2026-08-24T00:00:00.000Z,10829067417,9683960925,2.51253E+11,2273961438,210
358,1336,A,C13214 (Battle),2026-07-03T00:00:00.000Z,2026-08-24T00:00:00.000Z,10820572501,10820362397,2.09193E+11,2281350811,185
359,1187,A,,,,10814102027,10813123038,88179124922,1703773737,197
360,1392,A,C13211 (Battle),2026-07-03T00:00:00.000Z,2026-08-24T00:00:00.000Z,10804702427,10783441591,3.93064E+11,2462234535,236
361,2133,A,C13234 (Battle),2026-07-03T00:00:00.000Z,2026-08-24T00:00:00.000Z,10800652711,10800652711,2.03918E+11,2210455402,169
362,2930,A,,,,10795612547,10795612547,3.16687E+11,1704114342,300
363,1453,A,,,,10788821972,10787168345,1.67637E+11,2045812010,236
364,3728,A,C13186 (Immigration),2026-06-05T00:00:00.000Z,2026-07-27T00:00:00.000Z,10784719878,9110958336,1.01122E+11,1140102267,228
365,1020,A,C13227 (Battle),2026-07-03T00:00:00.000Z,2026-08-24T00:00:00.000Z,10780869981,10780869981,4.01734E+11,2595761905,272
366,2121,A,,,,10776692991,10484901892,3.29671E+11,1981324129,287
367,2874,A,,,,10776152492,10776152492,2.36492E+11,1851457480,289
368,1666,A,,,,10765911601,10724240531,1.30533E+11,2013542655,208
369,3879,A,C13206 (Battle),2026-06-11T00:00:00.000Z,2026-08-08T00:00:00.000Z,10765253259,10765253259,1.99484E+11,1265375637,236
370,1828,A,C13215 (Battle),2026-07-03T00:00:00.000Z,2026-08-24T00:00:00.000Z,10760040732,10760040732,1.05811E+11,2045490426,208
371,3725,A,,,,10753376703,10748575302,1.78883E+11,1190692225,281
372,3136,A,,,,10752132276,10750376382,1.90621E+11,1997039377,287
373,3076,A,C13212 (Battle),2026-07-03T00:00:00.000Z,2026-08-24T00:00:00.000Z,10747281970,9642391459,1.98308E+11,1952333287,212
374,2769,A,,,,10745400651,10736678883,2.90359E+11,1956325184,300
375,1976,A,,,,10714402080,10703493245,3.78361E+11,2435970016,256
376,3482,A,,,,10713916549,10710150623,1.68364E+11,1800839435,227
377,3633,A,C13193 (Immigration),2026-06-05T00:00:00.000Z,2026-07-27T00:00:00.000Z,10710133909,9114207709,3.48695E+11,1855772122,227
378,2497,A,,,,10706991944,10706991944,91825135466,1873302666,197
379,2033,A,,,,10686991430,10686991430,97346753073,1954662931,209
380,3518,A,,,,10682996560,10617678760,1.68551E+11,1306674462,174
381,2376,A,,,,10679716538,10679716538,2.55606E+11,1814235643,300
382,2247,A,,,,10664132399,10664132399,2.43767E+11,2262085548,229
383,3111,A,C13193 (Immigration),2026-06-05T00:00:00.000Z,2026-07-27T00:00:00.000Z,10655966048,10189783571,3.85791E+11,2321468128,262
384,1164,A,C13195 (Immigration),2026-06-05T00:00:00.000Z,2026-07-27T00:00:00.000Z,10651848865,10645612749,1.42397E+11,1789315135,246
385,3367,A,,,,10649963854,9414222776,2.13899E+11,1687331487,215
386,2284,A,C13213 (Battle),2026-07-03T00:00:00.000Z,2026-08-24T00:00:00.000Z,10645775223,7111576234,2.12649E+11,1107447092,275
387,1633,A,,,,10644728031,10644728031,2.05097E+11,1978958553,228
388,3279,A,,,,10643582826,10639523117,2.66612E+11,2104780368,243
389,3434,A,,,,10631854297,9001365761,1.04653E+11,1282638553,203
390,1784,A,C13243 (Battle),2026-07-03T00:00:00.000Z,2026-08-24T00:00:00.000Z,10614158913,6468190984,92447005655,929970822,176
391,3356,A,C13196 (Immigration),2026-06-05T00:00:00.000Z,2026-07-27T00:00:00.000Z,10598993160,10598993160,85184620534,1634831342,239
392,3844,A,,,,10593019207,10593019207,56966513511,716042948,300
393,3043,A,C13200 (Immigration),2026-06-05T00:00:00.000Z,2026-07-27T00:00:00.000Z,10585857514,10585857514,1.76308E+11,1680157474,208
394,3703,A,,,,10564089642,10564089642,46595253193,903960987,273
395,2943,A,C13218 (Battle),2026-07-03T00:00:00.000Z,2026-08-24T00:00:00.000Z,10541526515,9475614660,1.22561E+11,1683157112,194
396,3160,A,,,,10539136460,10539136460,1.81498E+11,1916502296,199
397,1758,A,,,,10537968583,10537968583,1.72533E+11,2220620190,209
398,3314,A,C13226 (Battle),2026-07-03T00:00:00.000Z,2026-08-24T00:00:00.000Z,10536194782,10526241953,5.73133E+11,2706508825,213
399,3151,A,,,,10535847258,10535847258,1.82882E+11,2012331475,231
400,1972,A,,,,10532010129,10532010129,88350916797,1642322458,235
401,2721,A,C13235 (Battle),2026-07-03T00:00:00.000Z,2026-08-24T00:00:00.000Z,10502121307,10499135653,4.13727E+11,2458460729,239
402,1819,A,,,,10494749500,4096163169,2.68042E+11,847037036,186
403,1657,A,C13201 (Immigration),2026-06-05T00:00:00.000Z,2026-07-27T00:00:00.000Z,10493773524,8702174261,2.82456E+11,2143072791,187
404,3000,A,C13198 (Immigration),2026-06-05T00:00:00.000Z,2026-07-27T00:00:00.000Z,10488262608,8767212257,1.2827E+11,1450912619,225
405,1046,A,C13185 (Immigration),2026-06-05T00:00:00.000Z,2026-07-27T00:00:00.000Z,10484419096,10484419096,1.81094E+11,1967222237,211
406,3397,A,C13201 (Immigration),2026-06-05T00:00:00.000Z,2026-07-27T00:00:00.000Z,10484150594,7741541141,3.54846E+11,1879861762,183
407,2298,A,,,,10482986359,10482986359,3.64404E+11,2239295599,283
408,1216,A,,,,10481909925,10481909925,3.92446E+11,2254911729,283
409,2841,A,,,,10477969022,10477969022,2.03862E+11,1879517727,237
410,2519,A,C13246 (Battle),2026-07-03T00:00:00.000Z,2026-08-24T00:00:00.000Z,10472149349,10472149349,1.18349E+11,1807885299,199
411,2313,A,C13212 (Battle),2026-07-03T00:00:00.000Z,2026-08-24T00:00:00.000Z,10452434884,10270667006,3.6203E+11,2195425426,279
412,3513,A,,,,10443983261,9675554380,80916418887,1466219510,245
413,2277,A,C13212 (Battle),2026-07-03T00:00:00.000Z,2026-08-24T00:00:00.000Z,10443407417,10443407417,2.7358E+11,2404074317,215
414,2833,A,,,,10442370567,10439803487,3.58807E+11,2280131879,221
415,1012,A,C13185 (Immigration),2026-06-05T00:00:00.000Z,2026-07-27T00:00:00.000Z,10432839584,10430145857,2.4768E+11,2044680146,272
416,1586,A,,,,10423478816,10423338304,2.84419E+11,2578766373,190
417,2057,A,,,,10420145328,10420145328,1.27971E+11,2014127240,188
418,2011,A,,,,10415990181,10413029625,3.31936E+11,2554854339,197
419,2338,A,,,,10414356360,10365229801,7.50745E+11,2470454549,212
420,3090,A,,,,10411745087,10411745087,1.05059E+11,1570050107,250
421,1977,A,C13187 (Immigration),2026-06-05T00:00:00.000Z,2026-07-27T00:00:00.000Z,10410078644,10410078644,1.15976E+11,1683267527,192
422,3712,A,,,,10398364893,10398364893,1.26329E+11,1253831233,232
423,3737,A,C13233 (Battle),2026-07-03T00:00:00.000Z,2026-08-24T00:00:00.000Z,10393990628,10391668827,1.94691E+11,1484560189,249
424,2138,A,,,,10384390322,8959840689,2.26028E+11,1605999333,187
425,2720,A,,,,10381091258,10381091258,74204847094,1357668239,200
426,2234,A,,,,10379965440,10379965440,63222876789,1770652333,196
427,2814,A,C13202 (Immigration),2026-06-05T00:00:00.000Z,2026-07-27T00:00:00.000Z,10374496078,10175770392,3.90489E+11,2430298175,282
428,1623,A,,,,10367090733,10367090733,1.46749E+11,2271061395,183
429,2066,A,,,,10363488203,10352152637,96746811530,1664002637,165
430,2951,A,,,,10353949305,8054570098,3.23234E+11,1522005740,205
431,2961,A,,,,10351226651,10345181081,1.16753E+11,1557583468,211
432,3690,A,C13210 (Battle),2026-07-03T00:00:00.000Z,2026-08-24T00:00:00.000Z,10345893668,10317206900,3.47592E+11,1502518000,250
433,1259,A,C13244 (Battle),2026-07-03T00:00:00.000Z,2026-08-24T00:00:00.000Z,10345090117,10345090117,70482380661,1741881063,184
434,1226,A,,,,10343482621,10343482621,1.98324E+11,2094708072,210
435,1208,A,C13219 (Battle),2026-07-03T00:00:00.000Z,2026-08-24T00:00:00.000Z,10341276559,10341276559,1.01291E+11,1752856417,187
436,2607,A,,,,10336505111,10336505111,1.76579E+11,1929578529,218
437,2089,A,,,,10332207695,10331919185,1.96172E+11,1998828652,198
438,2827,A,,,,10325646051,9733754811,2.23048E+11,1800384015,230
439,2379,A,,,,10319938843,10319938843,1.23307E+11,1712249889,192
440,3225,A,C13194 (Immigration),2026-06-05T00:00:00.000Z,2026-07-27T00:00:00.000Z,10292790957,10290336876,3.20341E+11,2170810635,300
441,2388,A,C13212 (Battle),2026-07-03T00:00:00.000Z,2026-08-24T00:00:00.000Z,10287230961,8754345062,2.3022E+11,1491573217,250
442,3313,A,C13184 (Immigration),2026-06-05T00:00:00.000Z,2026-07-27T00:00:00.000Z,10279188956,10279188956,1.57609E+11,1823218080,283
443,3229,A,,,,10276146238,10276146238,1.85299E+11,1655861707,242
444,3348,A,,,,10272012323,10272012323,59325019724,1163373145,214
445,2053,A,,,,10271304106,10271304106,2.81177E+11,2349062038,214
446,3724,A,,,,10266735263,10251794878,2.56663E+11,1680899273,229
447,3496,A,,,,10265973162,8250624721,1.03319E+11,1235936600,174
448,2669,A,,,,10260181595,8601721220,1.89066E+11,1631598295,196
449,1912,A,,,,10258830392,10247984295,1.37451E+11,1823166346,189
450,1281,A,,,,10250498179,10246729706,4.94382E+11,2656864693,150
451,2612,A,,,,10234297100,10227553357,2.81267E+11,2025823368,300
452,3611,A,C13210 (Battle),2026-07-03T00:00:00.000Z,2026-08-24T00:00:00.000Z,10226816779,10226816779,2.34161E+11,1582108461,247
453,3658,A,C13202 (Immigration),2026-06-05T00:00:00.000Z,2026-07-27T00:00:00.000Z,10215706431,8566192720,2.08521E+11,1521918046,197
454,1836,A,C13234 (Battle),2026-07-03T00:00:00.000Z,2026-08-24T00:00:00.000Z,10208284012,7169706315,2.88295E+11,1792108712,207
455,3649,A,C13213 (Battle),2026-07-03T00:00:00.000Z,2026-08-24T00:00:00.000Z,10207434846,8130631509,1.08918E+11,1000504803,204
456,1549,A,C13213 (Battle),2026-07-03T00:00:00.000Z,2026-08-24T00:00:00.000Z,10203700270,8776371610,2.74264E+11,2071160807,158
457,1213,A,C13230 (Battle),2026-07-03T00:00:00.000Z,2026-08-24T00:00:00.000Z,10202677275,10202677275,1.01039E+11,1617090645,217
458,1741,A,C13215 (Battle),2026-07-03T00:00:00.000Z,2026-08-24T00:00:00.000Z,10195366168,9324498504,1.4558E+11,1662990732,183
459,2724,A,,,,10195268816,10195268816,3.47901E+11,2199675035,221
460,2481,A,C13200 (Immigration),2026-06-05T00:00:00.000Z,2026-07-27T00:00:00.000Z,10179367798,10179367798,4.66253E+11,2522695826,252
461,3831,A,C13218 (Battle),2026-07-03T00:00:00.000Z,2026-08-24T00:00:00.000Z,10175463243,7843857780,70216926714,628546442,281
462,1109,A,,,,10175329898,10175329898,3.93033E+11,2386706557,237
463,3383,A,C13203 (Immigration),2026-06-05T00:00:00.000Z,2026-07-27T00:00:00.000Z,10173286153,10173286153,1.045E+11,1616200991,263
464,1792,A,C13188 (Immigration),2026-06-05T00:00:00.000Z,2026-07-27T00:00:00.000Z,10171653844,10171653844,1.31193E+11,2138696412,213
465,3859,A,,,,10168259307,10168259307,1.04899E+11,962365585,300
466,2346,A,C13193 (Immigration),2026-06-05T00:00:00.000Z,2026-07-27T00:00:00.000Z,10167976136,10159018304,3.47327E+11,2243651278,243
467,1309,A,C13219 (Battle),2026-07-03T00:00:00.000Z,2026-08-24T00:00:00.000Z,10165053239,10122734143,59809919485,1359963264,146
468,1842,A,C13222 (Battle),2026-07-03T00:00:00.000Z,2026-08-24T00:00:00.000Z,10142135718,6860716377,1.45599E+11,1224472023,234
469,1155,A,C13186 (Immigration),2026-06-05T00:00:00.000Z,2026-07-27T00:00:00.000Z,10138191591,10138191591,89533833647,1513090375,207
470,1377,A,C13228 (Battle),2026-07-03T00:00:00.000Z,2026-08-24T00:00:00.000Z,10137053250,10137053250,1.50562E+11,1814081660,182
471,1564,A,C13209 (Battle),2026-07-03T00:00:00.000Z,2026-08-24T00:00:00.000Z,10136555942,10099617877,7.48301E+11,3138718874,191
472,2998,A,C13242 (Battle),2026-07-03T00:00:00.000Z,2026-08-24T00:00:00.000Z,10132174546,7185108701,93555165867,1143104066,188
473,3863,A,,,,10124278645,10124278645,84107111412,755161972,295
474,3847,A,,,,10124222705,10114651206,85736927435,903400942,268
475,2152,A,C13233 (Battle),2026-07-03T00:00:00.000Z,2026-08-24T00:00:00.000Z,10115864438,8371334811,3.61384E+11,2127584397,277
476,1256,A,,,,10114438643,10114438643,4.2943E+11,2630384709,256
477,3346,A,,,,10108624019,8764622244,1.97946E+11,1402066721,215
478,2636,A,C13214 (Battle),2026-07-03T00:00:00.000Z,2026-08-24T00:00:00.000Z,10092110173,10092110173,1.24862E+11,1836524882,173
479,2427,A,C13187 (Immigration),2026-06-05T00:00:00.000Z,2026-07-27T00:00:00.000Z,10088369382,8536126540,1.20945E+11,1507749731,193
480,2291,A,,,,10086934239,10086934239,1.59828E+11,1803992730,249
481,2845,A,C13216 (Battle),2026-07-03T00:00:00.000Z,2026-08-24T00:00:00.000Z,10081309930,9209145923,1.06283E+11,1241418993,207
482,3912,A,,,,10058166297,10058166297,24426203918,442469468,300
483,2844,A,C13212 (Battle),2026-07-03T00:00:00.000Z,2026-08-24T00:00:00.000Z,10026112578,10026112578,1.59503E+11,1735074848,225
484,1691,A,C13240 (Battle),2026-07-03T00:00:00.000Z,2026-08-24T00:00:00.000Z,10015093320,9539318503,1.53436E+11,1331315347,211
485,3864,A,,,,10011580367,10011580367,39771642573,808555210,300
486,1760,A,,,,10011281928,10011281928,2.29336E+11,2130408722,220
487,3651,A,C13210 (Battle),2026-07-03T00:00:00.000Z,2026-08-24T00:00:00.000Z,10009523514,10007191236,2.64468E+11,1477001381,217
488,3851,A,,,,10009421454,10003576229,1.91977E+11,860482167,267
489,3636,A,C13212 (Battle),2026-07-03T00:00:00.000Z,2026-08-24T00:00:00.000Z,10007055754,9367998243,2.73586E+11,1549412433,253
490,2308,A,C13234 (Battle),2026-07-03T00:00:00.000Z,2026-08-24T00:00:00.000Z,10000942984,8863706314,1.86195E+11,1838785357,188
491,3504,A,C13215 (Battle),2026-07-03T00:00:00.000Z,2026-08-24T00:00:00.000Z,9999091588,8179216561,1.7397E+11,1492267527,193
492,2838,A,,,,9997647236,9997647236,1.79659E+11,1824393499,284
493,2835,A,,,,9989988889,9989988889,2.49925E+11,1707198496,275
494,1930,A,C13219 (Battle),2026-07-03T00:00:00.000Z,2026-08-24T00:00:00.000Z,9973065948,9973065948,1.06008E+11,1854266430,196
495,3801,A,C13209 (Battle),2026-07-03T00:00:00.000Z,2026-08-24T00:00:00.000Z,9968891823,9968891823,3.12451E+11,1377393949,234
496,1144,A,C13219 (Battle),2026-07-03T00:00:00.000Z,2026-08-24T00:00:00.000Z,9964249995,9944183565,1.03491E+11,1788455384,181
497,1236,A,C13235 (Battle),2026-07-03T00:00:00.000Z,2026-08-24T00:00:00.000Z,9963959528,9949018155,3.94677E+11,2309955395,203
498,1730,A,C13184 (Immigration),2026-06-05T00:00:00.000Z,2026-07-27T00:00:00.000Z,9958329981,9958329981,2.09748E+11,1930037643,270
499,3131,A,,,,9953979617,9934110570,4.32552E+11,2125369760,266
500,3632,A,,,,9952916657,9952916657,1.27731E+11,1568952344,282
501,2139,A,C13234 (Battle),2026-07-03T00:00:00.000Z,2026-08-24T00:00:00.000Z,9949393754,9892068244,4.15922E+11,2340840432,203
502,1702,A,C13225 (Battle),2026-07-03T00:00:00.000Z,2026-08-24T00:00:00.000Z,9942661623,9180458947,73469819339,1497020247,209
503,3790,A,C13185 (Immigration),2026-06-05T00:00:00.000Z,2026-07-27T00:00:00.000Z,9927860478,9927860478,80386810675,945610736,267
504,3146,A,C13247 (Battle),2026-07-03T00:00:00.000Z,2026-08-24T00:00:00.000Z,9921686429,9921686429,1.37715E+11,1751125606,163
505,1820,A,,,,9910058064,9910058064,1.27993E+11,1825942909,168
506,1486,A,C13202 (Immigration),2026-06-05T00:00:00.000Z,2026-07-27T00:00:00.000Z,9909324209,8304580290,5.311E+11,2334595032,291
507,2188,A,C13212 (Battle),2026-07-03T00:00:00.000Z,2026-08-24T00:00:00.000Z,9906230890,9906230890,2.53178E+11,1995712061,224
508,3630,A,,,,9906070391,9905111979,3.30548E+11,1722472424,281
509,1026,A,,,,9904819987,9904819987,1.337E+11,1833988752,207
510,3850,A,,,,9901305331,9901305331,1.30466E+11,986686576,266
511,3540,A,,,,9898477061,9898477061,1.04059E+11,1723441061,232
512,1922,A,C13236 (Battle),2026-07-03T00:00:00.000Z,2026-08-24T00:00:00.000Z,9893941258,7389528290,2.0619E+11,1470183926,130
513,2032,A,,,,9891674329,9891674329,1.28737E+11,1560617304,180
514,3124,A,,,,9891227964,9873643998,2.04375E+11,1661629103,223
515,2711,A,C13229 (Battle),2026-07-03T00:00:00.000Z,2026-08-24T00:00:00.000Z,9889224879,9889224879,1.10419E+11,1787002326,214
516,1815,A,,,,9885129781,9864591482,4.06001E+11,2393712482,210
517,1255,A,C13184 (Immigration),2026-06-05T00:00:00.000Z,2026-07-27T00:00:00.000Z,9883988111,9868836487,3.53261E+11,2718697641,201
518,3613,A,,,,9882085209,9875173658,2.38939E+11,1419408756,198
519,1996,A,C13187 (Immigration),2026-06-05T00:00:00.000Z,2026-07-27T00:00:00.000Z,9881953720,9045745652,1.37361E+11,1670865096,163
520,1215,A,C13239 (Battle),2026-07-03T00:00:00.000Z,2026-08-24T00:00:00.000Z,9881457727,8275840539,2.39754E+11,1859280333,153
521,2979,A,C13212 (Battle),2026-07-03T00:00:00.000Z,2026-08-24T00:00:00.000Z,9865969685,8806670514,1.98865E+11,1466851575,228
522,2424,A,,,,9863611982,9862091740,1.32487E+11,1474621237,205
523,3369,A,,,,9861758832,9861758832,1.86414E+11,1400214994,222
524,2865,A,C13233 (Battle),2026-07-03T00:00:00.000Z,2026-08-24T00:00:00.000Z,9845315185,9842074917,3.22158E+11,2081809920,193
525,2643,A,,,,9841591778,9289895508,3.42813E+11,2115622142,182
526,3142,A,,,,9838940480,9838940480,88905171776,1553818433,225
527,1367,A,C13240 (Battle),2026-07-03T00:00:00.000Z,2026-08-24T00:00:00.000Z,9838727518,6922068125,2.23772E+11,1229071178,243
528,3003,A,,,,9820832195,9820832195,2.37791E+11,1661672225,199
529,3345,A,C13187 (Immigration),2026-06-05T00:00:00.000Z,2026-07-27T00:00:00.000Z,9818819264,7757044906,1.48294E+11,1350297238,180
530,2401,A,,,,9818154119,9818154119,50201498731,1243879781,202
531,3435,A,C13189 (Immigration),2026-06-05T00:00:00.000Z,2026-07-27T00:00:00.000Z,9816819815,9816819815,91639985203,1496092470,250
532,3797,A,C13187 (Immigration),2026-06-05T00:00:00.000Z,2026-07-27T00:00:00.000Z,9813880126,7331649199,50788765016,664100605,277
533,3700,A,C13238 (Battle),2026-07-03T00:00:00.000Z,2026-08-24T00:00:00.000Z,9808801946,9808513237,1.33412E+11,1194952782,229
534,3238,A,C13216 (Battle),2026-07-03T00:00:00.000Z,2026-08-24T00:00:00.000Z,9791385317,4277217534,3.42357E+11,891033228,177
535,2999,A,,,,9791312536,9791312536,1.99394E+11,1777655078,230
536,2448,A,C13215 (Battle),2026-07-03T00:00:00.000Z,2026-08-24T00:00:00.000Z,9783177738,6916483468,2.29727E+11,1595191575,175
537,2488,A,,,,9779141820,9779106176,1.11958E+11,1706700182,201
538,2599,A,,,,9778181386,9778181386,80393046130,1414941125,209
539,3779,A,,,,9774348236,9774348236,1.28076E+11,1184734442,233
540,3687,A,C13215 (Battle),2026-07-03T00:00:00.000Z,2026-08-24T00:00:00.000Z,9770950959,9770950959,1.1875E+11,1036648302,286
541,1095,A,,,,9767984376,9767984376,1.65817E+11,2204380252,152
542,3673,A,C13188 (Immigration),2026-06-05T00:00:00.000Z,2026-07-27T00:00:00.000Z,9763505636,9763505636,1.48624E+11,1588775677,252
543,3187,A,C13236 (Battle),2026-07-03T00:00:00.000Z,2026-08-24T00:00:00.000Z,9754736750,7968178308,1.21264E+11,1385213175,157
544,3884,A,C13206 (Battle),2026-06-11T00:00:00.000Z,2026-08-08T00:00:00.000Z,9736569087,9736569087,1.11205E+11,660934350,240
545,3432,A,C13228 (Battle),2026-07-03T00:00:00.000Z,2026-08-24T00:00:00.000Z,9722937625,8842480339,1.52101E+11,1329675710,232
546,2405,A,C13200 (Immigration),2026-06-05T00:00:00.000Z,2026-07-27T00:00:00.000Z,9720493452,9703979952,6.24777E+11,2578809495,225
547,1444,A,C13244 (Battle),2026-07-03T00:00:00.000Z,2026-08-24T00:00:00.000Z,9714119357,9713644401,1.66223E+11,1934176461,188
548,1289,A,C13228 (Battle),2026-07-03T00:00:00.000Z,2026-08-24T00:00:00.000Z,9710661624,9710661624,99992412749,1934975717,188
549,1068,A,C13218 (Battle),2026-07-03T00:00:00.000Z,2026-08-24T00:00:00.000Z,9707926551,8595140565,90405095597,1362777925,175
550,1645,A,C13231 (Battle),2026-07-03T00:00:00.000Z,2026-08-24T00:00:00.000Z,9697291305,9679457803,1.39198E+11,1758882230,162
551,3771,A,,,,9694714514,9694714514,1.33843E+11,1080386681,242
552,3030,A,C13211 (Battle),2026-07-03T00:00:00.000Z,2026-08-24T00:00:00.000Z,9689047628,9673461561,4.38188E+11,1967354898,285
553,2018,A,,,,9687010467,9687010467,1.35501E+11,1880531180,183
554,2914,A,C13192 (Immigration),2026-06-05T00:00:00.000Z,2026-07-27T00:00:00.000Z,9682701883,9663891329,4.71386E+11,2064068525,200
555,3749,A,,,,9679332355,9679332355,2.00147E+11,1249602039,250
556,3366,A,,,,9674335992,3831887563,65807728786,589581666,205
557,3046,A,C13201 (Immigration),2026-06-05T00:00:00.000Z,2026-07-27T00:00:00.000Z,9672769823,6913697984,2.62879E+11,1492487408,171
558,3893,A,C13207 (Battle),2026-06-11T00:00:00.000Z,2026-08-08T00:00:00.000Z,9670454161,9670454161,23895396104,414841635,300
559,3315,A,C13215 (Battle),2026-07-03T00:00:00.000Z,2026-08-24T00:00:00.000Z,9665526411,7866478062,2.64598E+11,1634288942,179
560,1591,A,,,,9664110216,9649904322,5.99378E+11,2597898078,178
561,2813,A,,,,9656564047,9656564047,3.99655E+11,2252263397,180
562,2625,A,,,,9654542115,9643862872,3.35958E+11,1979942627,256
563,3841,A,,,,9650421196,9650421196,77104876722,761967153,266
564,3838,A,,,,9650072206,9650072206,1.00949E+11,953766133,271
565,2375,A,,,,9647023672,9647023672,92098128849,1797484315,195
566,1220,A,,,,9645621506,9645621506,3.51376E+11,2222210194,201
567,1949,A,,,,9644943107,9623966549,3.42315E+11,2403235479,212
568,3612,A,C13237 (Battle),2026-07-03T00:00:00.000Z,2026-08-24T00:00:00.000Z,9635304657,7911733106,2.43747E+11,1958001804,186
569,2911,A,C13237 (Battle),2026-07-03T00:00:00.000Z,2026-08-24T00:00:00.000Z,9635089530,8705959954,3.1987E+11,2013221559,201
570,1233,A,,,,9628861153,9628861153,90810885456,1598748046,156
571,3717,A,C13197 (Immigration),2026-06-05T00:00:00.000Z,2026-07-27T00:00:00.000Z,9628788304,9628788304,89291488553,1341018756,206
572,3287,A,C13187 (Immigration),2026-06-05T00:00:00.000Z,2026-07-27T00:00:00.000Z,9621624928,7913070954,99559940791,963709179,200
573,2618,A,,,,9612700686,5662518916,1.16734E+11,978804856,173
574,3555,A,C13212 (Battle),2026-07-03T00:00:00.000Z,2026-08-24T00:00:00.000Z,9608644018,7708333666,2.62297E+11,1641855280,168
575,3005,A,,,,9607286836,9607286836,2.04901E+11,1659854580,280
576,2717,A,C13214 (Battle),2026-07-03T00:00:00.000Z,2026-08-24T00:00:00.000Z,9598778188,9598611893,2.63572E+11,1988107398,300
577,1909,A,,,,9581939010,8739510755,1.51638E+11,1773627411,166
578,2315,A,,,,9579052883,9574014050,1.37981E+11,1720868507,193
579,1945,A,C13183 (Immigration),2026-06-05T00:00:00.000Z,2026-07-27T00:00:00.000Z,9570845853,9570845853,2.94556E+11,2486391931,216
580,3036,A,,,,9565914097,9550118822,1.29848E+11,1616940265,186
581,1032,A,,,,9564893228,9564893228,3.3708E+11,2265218496,226
582,1092,A,,,,9560644776,9560644776,78838526178,1615780014,178
583,1147,A,C13220 (Battle),2026-07-03T00:00:00.000Z,2026-08-24T00:00:00.000Z,9550348599,9040724796,1.36426E+11,1902787505,167
584,3007,A,C13183 (Immigration),2026-06-05T00:00:00.000Z,2026-07-27T00:00:00.000Z,9546460973,9546460973,2.65611E+11,1905501580,200
585,2272,A,,,,9544770479,9544770479,1.80158E+11,2021702489,184
586,3854,A,,,,9544699864,9544699864,1.01693E+11,1067675045,290
587,1324,A,,,,9544393549,9514863260,3.16616E+11,2164957587,168
588,2189,A,C13210 (Battle),2026-07-03T00:00:00.000Z,2026-08-24T00:00:00.000Z,9544301142,9541976975,2.46672E+11,1817151618,210
589,2072,A,,,,9544122370,9544122370,1.39661E+11,1902265825,171
590,1576,A,C13225 (Battle),2026-07-03T00:00:00.000Z,2026-08-24T00:00:00.000Z,9536716895,8710702054,63641011884,1454936567,203
591,3696,A,,,,9535336388,9535336388,1.28622E+11,1497985449,216
592,1122,A,C13214 (Battle),2026-07-03T00:00:00.000Z,2026-08-24T00:00:00.000Z,9533783876,9533334177,1.7676E+11,2212369162,182
593,2693,A,C13236 (Battle),2026-07-03T00:00:00.000Z,2026-08-24T00:00:00.000Z,9527563405,9526526820,2.98139E+11,2019342775,192
594,3514,A,,,,9523552676,9523552676,68329320756,1256058173,243
595,2269,A,C13210 (Battle),2026-07-03T00:00:00.000Z,2026-08-24T00:00:00.000Z,9523496747,9523496747,3.01404E+11,1954442306,251
596,1964,A,,,,9522927098,9522927098,65179852561,1221231401,143
597,1853,A,,,,9521027793,9521027793,80493309532,1671333486,183
598,3165,A,,,,9517980988,9505345258,1.94356E+11,1850745770,178
599,3796,A,C13197 (Immigration),2026-06-05T00:00:00.000Z,2026-07-27T00:00:00.000Z,9511583508,9511583508,49777064440,790793516,274
600,2723,A,C13214 (Battle),2026-07-03T00:00:00.000Z,2026-08-24T00:00:00.000Z,9511258347,9510705508,1.85593E+11,1640875030,258
601,2100,A,,,,9509963690,9509963690,2.48623E+11,2112816861,228
602,3902,A,,,,9505723231,8732822121,34990740256,444075257,262
603,2014,A,C13227 (Battle),2026-07-03T00:00:00.000Z,2026-08-24T00:00:00.000Z,9502618270,9502618270,2.6348E+11,2354410264,228
604,3033,A,,,,9494921069,9387826743,5.41252E+11,2280121268,219
605,3176,A,C13201 (Immigration),2026-06-05T00:00:00.000Z,2026-07-27T00:00:00.000Z,9493802355,9461287578,6.89205E+11,2568866049,225
606,1707,A,C13187 (Immigration),2026-06-05T00:00:00.000Z,2026-07-27T00:00:00.000Z,9487975632,7857788056,1.2194E+11,1309514452,151
607,3826,A,C13237 (Battle),2026-07-03T00:00:00.000Z,2026-08-24T00:00:00.000Z,9483133746,9483133746,1.11762E+11,897659129,246
608,3128,A,C13218 (Battle),2026-07-03T00:00:00.000Z,2026-08-24T00:00:00.000Z,9473080193,9473080193,62547039615,1372073804,202
609,2809,A,C13196 (Immigration),2026-06-05T00:00:00.000Z,2026-07-27T00:00:00.000Z,9462413894,8731444504,2.62714E+11,1972997018,204
610,2992,A,C13235 (Battle),2026-07-03T00:00:00.000Z,2026-08-24T00:00:00.000Z,9454203586,9454203586,2.46109E+11,1788590168,190
611,1349,A,,,,9453223285,9445940179,1.78957E+11,1868647146,180
612,2745,A,,,,9446533588,9443435162,1.2961E+11,2029256863,208
613,3045,A,,,,9431180515,7789090111,1.18678E+11,1282271940,160
614,1709,A,,,,9430399459,9405132657,4.22706E+11,2007682984,290
615,2393,A,,,,9429882103,9429882103,2.20836E+11,2310264598,199
616,2629,A,C13236 (Battle),2026-07-03T00:00:00.000Z,2026-08-24T00:00:00.000Z,9429429474,9422292483,1.13913E+11,1452748318,198
617,1934,A,,,,9427586243,9427586243,3.54431E+11,2446586410,207
618,3533,A,,,,9422215812,9417727428,2.08494E+11,1540559080,213
619,2494,A,,,,9415612928,9415612928,80554042417,1482119753,174
620,2490,A,C13194 (Immigration),2026-06-05T00:00:00.000Z,2026-07-27T00:00:00.000Z,9415170130,9415170130,2.60768E+11,2037117137,220
621,3795,A,,,,9414269476,9412131048,1.71944E+11,1274595076,246
622,3486,A,C13204 (Immigration),2026-06-05T00:00:00.000Z,2026-07-27T00:00:00.000Z,9410355769,8275931621,1.48404E+11,1492787444,211
623,2826,A,,,,9406008520,8256066293,64955576376,1236483715,173
624,3485,A,,,,9402576329,9401625820,1.12619E+11,1239684636,221
625,3438,A,,,,9397414374,9397414374,1.37108E+11,1695377108,187
626,2872,A,C13214 (Battle),2026-07-03T00:00:00.000Z,2026-08-24T00:00:00.000Z,9389395583,9375440751,2.30896E+11,1750723693,254
627,3588,A,,,,9379474584,9379474584,1.09553E+11,1219986118,214
628,3320,A,,,,9375208343,9375208343,2.09405E+11,1676239603,269
629,2242,A,C13216 (Battle),2026-07-03T00:00:00.000Z,2026-08-24T00:00:00.000Z,9369284132,9341039308,2.55252E+11,1644061261,242
630,3129,A,C13210 (Battle),2026-07-03T00:00:00.000Z,2026-08-24T00:00:00.000Z,9369275415,9357302982,4.11621E+11,2419196936,154
631,2854,A,C13235 (Battle),2026-07-03T00:00:00.000Z,2026-08-24T00:00:00.000Z,9362915838,9362915838,1.69526E+11,1774198286,229
632,3927,A,,,,9360193021,9360193021,57914134905,484387133,284
633,3107,A,,,,9357658697,9357232673,2.77531E+11,1792363772,253
634,1137,A,,,,9356194966,9356194966,1.07545E+11,2032974950,184
635,3558,A,C13227 (Battle),2026-07-03T00:00:00.000Z,2026-08-24T00:00:00.000Z,9351401648,9346666199,3.78159E+11,2086208632,235
636,1923,A,C13191 (Immigration),2026-06-05T00:00:00.000Z,2026-07-27T00:00:00.000Z,9350035294,9309343456,63381970823,921895500,127
637,2885,A,,,,9337978759,9337978759,2.6716E+11,2018274710,209
638,3262,A,C13201 (Immigration),2026-06-05T00:00:00.000Z,2026-07-27T00:00:00.000Z,9334312104,8250491036,2.12478E+11,1581997579,211
639,1641,A,,,,9333591529,9333591529,1.42467E+11,1780921294,193
640,3246,A,,,,9329472486,9329472486,71449734942,1508983057,204
641,3050,A,,,,9326869200,9326869200,1.99188E+11,1684012011,212
642,1017,A,C13239 (Battle),2026-07-03T00:00:00.000Z,2026-08-24T00:00:00.000Z,9321593099,9321593099,2.309E+11,2368624771,168
643,3075,A,,,,9311017663,9311017663,2.54394E+11,1942531750,220
644,1500,A,,,,9305370892,9260393099,5.0255E+11,2610093170,178
645,1506,A,,,,9303727553,9300685297,3.41569E+11,2286402884,198
646,2228,A,,,,9300234990,9300234990,1.44485E+11,1751659522,242
647,3714,A,C13182 (Immigration),2026-06-05T00:00:00.000Z,2026-07-27T00:00:00.000Z,9299112680,9299112680,2.00333E+11,1450138249,206
648,1892,A,C13222 (Battle),2026-07-03T00:00:00.000Z,2026-08-24T00:00:00.000Z,9296981470,2857206155,3.15008E+11,724471385,136
649,1680,A,C13186 (Immigration),2026-06-05T00:00:00.000Z,2026-07-27T00:00:00.000Z,9293592492,9293592492,1.63907E+11,1791370292,190
650,3259,A,C13220 (Battle),2026-07-03T00:00:00.000Z,2026-08-24T00:00:00.000Z,9292860196,8210411309,1.62066E+11,1384304511,205
651,3520,A,C13227 (Battle),2026-07-03T00:00:00.000Z,2026-08-24T00:00:00.000Z,9292230381,9284266831,2.68252E+11,1777310936,256
652,2504,A,C13212 (Battle),2026-07-03T00:00:00.000Z,2026-08-24T00:00:00.000Z,9281847536,7077814714,2.44723E+11,1531846811,198
653,1747,A,C13195 (Immigration),2026-06-05T00:00:00.000Z,2026-07-27T00:00:00.000Z,9279384551,9279384551,3.73332E+11,2039880246,263
654,1080,A,C13203 (Immigration),2026-06-05T00:00:00.000Z,2026-07-27T00:00:00.000Z,9278833623,9278833623,2.22478E+11,1918531408,168
655,1015,A,,,,9277179553,9277157523,87059530706,1503926321,157
656,2276,A,C13194 (Immigration),2026-06-05T00:00:00.000Z,2026-07-27T00:00:00.000Z,9274489209,9269162979,2.42063E+11,2145635950,169
657,3531,A,C13193 (Immigration),2026-06-05T00:00:00.000Z,2026-07-27T00:00:00.000Z,9271747182,6367051228,2.85645E+11,1507171539,170
658,1027,A,C13195 (Immigration),2026-06-05T00:00:00.000Z,2026-07-27T00:00:00.000Z,9271499433,9271499433,1.77967E+11,2034790389,201
659,2108,A,C13234 (Battle),2026-07-03T00:00:00.000Z,2026-08-24T00:00:00.000Z,9265449893,8317204546,1.41949E+11,1651143681,151
660,2849,A,C13217 (Battle),2026-07-03T00:00:00.000Z,2026-08-24T00:00:00.000Z,9262611796,9262611796,72044885248,1620067913,193
661,3857,A,,,,9256465776,9242703401,1.38621E+11,1127975836,268
662,1179,A,C13203 (Immigration),2026-06-05T00:00:00.000Z,2026-07-27T00:00:00.000Z,9255723639,6109261550,1.23641E+11,1346760578,164
663,2209,A,C13247 (Battle),2026-07-03T00:00:00.000Z,2026-08-24T00:00:00.000Z,9254148190,9254148190,94202445111,1407184695,178
664,2784,A,,,,9249245069,9244223764,2.37869E+11,1754181924,205
665,3398,A,C13213 (Battle),2026-07-03T00:00:00.000Z,2026-08-24T00:00:00.000Z,9248292535,6440107541,1.99327E+11,1292366740,130
666,3386,A,,,,9236136380,9236136380,73885226033,1237866648,236
667,2280,A,,,,9231855335,9231855335,1.3237E+11,1732219535,217
668,1547,A,,,,9231589050,9228731807,1.80611E+11,1873597428,169
669,3190,A,,,,9231433640,9228440015,4.78723E+11,2347084335,236
670,1708,A,,,,9230018938,9221081251,77056174121,1672574113,181
671,3215,A,,,,9229658038,9229658038,1.44014E+11,1621524902,222
672,2786,A,C13242 (Battle),2026-07-03T00:00:00.000Z,2026-08-24T00:00:00.000Z,9228842118,7300677519,1.30757E+11,1336609142,156
673,1827,A,C13205 (Immigration),2026-06-05T00:00:00.000Z,2026-07-27T00:00:00.000Z,9224082224,7363927778,1.6289E+11,1517845083,210
674,2207,A,C13222 (Battle),2026-07-03T00:00:00.000Z,2026-08-24T00:00:00.000Z,9216107144,8614061519,75377245178,1050176429,149
675,2995,A,,,,9215967461,9215967461,2.817E+11,1823466917,218
676,2719,A,,,,9211606720,9211606720,2.01023E+11,1681246364,272
677,1938,A,C13233 (Battle),2026-07-03T00:00:00.000Z,2026-08-24T00:00:00.000Z,9203971720,9188244209,2.43866E+11,2012570500,179
678,3031,A,,,,9191446483,9190873925,2.32592E+11,1539812532,174
679,2953,A,,,,9186263195,9182426827,5.63484E+11,2487259344,180
680,1552,A,C13214 (Battle),2026-07-03T00:00:00.000Z,2026-08-24T00:00:00.000Z,9185253724,9185253724,2.58511E+11,1965226298,217
681,2456,A,,,,9178245995,9178245995,1.35102E+11,1673915654,215
682,2384,A,,,,9175887314,9175887314,80458308967,1426599822,177
683,1800,A,C13229 (Battle),2026-07-03T00:00:00.000Z,2026-08-24T00:00:00.000Z,9175390573,9172504836,2.87388E+11,1839328654,184
684,3528,A,C13186 (Immigration),2026-06-05T00:00:00.000Z,2026-07-27T00:00:00.000Z,9171348627,7584200702,1.41245E+11,1195274475,263
685,2163,A,C13225 (Battle),2026-07-03T00:00:00.000Z,2026-08-24T00:00:00.000Z,9170555517,9111854172,2.43245E+11,1776011662,174
686,3903,A,,,,9168570271,9168570271,55126521648,488513868,238
687,1345,A,C13203 (Immigration),2026-06-05T00:00:00.000Z,2026-07-27T00:00:00.000Z,9168111338,8688959208,71107111481,1872988762,197
688,2747,A,C13184 (Immigration),2026-06-05T00:00:00.000Z,2026-07-27T00:00:00.000Z,9158639294,9157741322,2.38211E+11,1842267814,265
689,2306,A,C13183 (Immigration),2026-06-05T00:00:00.000Z,2026-07-27T00:00:00.000Z,9155246109,9154681571,1.9812E+11,1855573472,200
690,2044,A,,,,9155145352,9155145352,1.67863E+11,1636261420,195
691,3623,A,,,,9152996698,9152996698,86062463701,1032048677,190
692,2227,A,,,,9147544206,9147544206,1.22519E+11,1599313642,182
693,3614,A,C13213 (Battle),2026-07-03T00:00:00.000Z,2026-08-24T00:00:00.000Z,9146653024,9146653024,1.92176E+11,1452136614,231
694,1202,A,,,,9144905540,9144905540,72954254010,1508808717,171
695,2205,A,,,,9140224727,7082133342,1.75602E+11,1384866956,134
696,1407,A,C13216 (Battle),2026-07-03T00:00:00.000Z,2026-08-24T00:00:00.000Z,9139941081,8667688846,89267405885,1401069340,141
697,3733,A,,,,9111369726,9111369726,61564865964,846374690,207
698,3291,A,C13239 (Battle),2026-07-03T00:00:00.000Z,2026-08-24T00:00:00.000Z,9109940012,7434479469,1.34449E+11,1259041397,161
699,3697,A,,,,9106515990,9106515990,2.68166E+11,1672941971,205
700,2694,A,C13193 (Immigration),2026-06-05T00:00:00.000Z,2026-07-27T00:00:00.000Z,9092011802,9092011802,3.60823E+11,2097029688,283
701,1056,A,C13244 (Battle),2026-07-03T00:00:00.000Z,2026-08-24T00:00:00.000Z,9082012360,6644468738,97056181342,1463220215,100
702,3506,A,,,,9079174912,9079174912,1.90165E+11,1568772712,234
703,1382,A,C13220 (Battle),2026-07-03T00:00:00.000Z,2026-08-24T00:00:00.000Z,9068090100,5514178468,1.07282E+11,1063723252,143
704,2124,A,,,,9066803054,9066803054,2.07502E+11,2043457616,178
705,2879,A,,,,9062380020,9062380020,1.63599E+11,2020634262,195
706,2894,A,C13246 (Battle),2026-07-03T00:00:00.000Z,2026-08-24T00:00:00.000Z,9059844850,9056225298,63897096173,1331486484,191
707,2766,A,,,,9059634755,7589105157,1.86789E+11,1818336014,169
708,2294,A,C13212 (Battle),2026-07-03T00:00:00.000Z,2026-08-24T00:00:00.000Z,9058926406,7616915405,2.18741E+11,1671608439,152
709,3260,A,,,,9046509897,9046509897,3.02262E+11,1969683253,211
710,3924,A,,,,9045929595,9045929595,19413578266,355180459,300
711,1225,A,C13222 (Battle),2026-07-03T00:00:00.000Z,2026-08-24T00:00:00.000Z,9043145755,9041128247,53487831620,1033564816,159
712,2962,A,C13221 (Battle),2026-07-03T00:00:00.000Z,2026-08-24T00:00:00.000Z,9025476084,7864473175,1.06747E+11,1415638730,166
713,3083,A,,,,9023415766,9023257399,3.22607E+11,1743368349,164
714,2875,A,C13220 (Battle),2026-07-03T00:00:00.000Z,2026-08-24T00:00:00.000Z,9020144476,8147239451,1.32537E+11,1181852929,186
715,2154,A,,,,9017996924,9014026223,1.03143E+11,1581612735,216
716,3009,A,,,,9016602086,8989100668,2.48738E+11,1654615853,204
717,3570,A,,,,9004999384,9004999384,2.45098E+11,1774915146,203
718,2946,A,,,,9003568848,9003568848,1.61051E+11,1403078011,201
719,3145,A,,,,9002159504,9002159504,1.02246E+11,1399591407,208
720,3459,A,C13210 (Battle),2026-07-03T00:00:00.000Z,2026-08-24T00:00:00.000Z,9000716546,8856812388,3.9422E+11,2335086251,171
721,2554,A,,,,8993826085,8993826085,61885324571,1415506292,181
722,3292,A,,,,8990085935,8990085935,2.64038E+11,1800804486,207
723,3855,A,,,,8985820387,8980928342,1.21461E+11,1017274891,259
724,1203,A,,,,8980782476,8980782476,1.41862E+11,1718497164,179
725,3343,A,,,,8976280322,8929383410,6.29076E+11,2435376202,147
726,2335,A,C13227 (Battle),2026-07-03T00:00:00.000Z,2026-08-24T00:00:00.000Z,8975437432,8975437432,2.28807E+11,1955826782,239
727,2422,A,,,,8974229572,8974229572,2.771E+11,2152936477,202
728,1417,A,C13224 (Battle),2026-07-03T00:00:00.000Z,2026-08-24T00:00:00.000Z,8970468181,8949829506,1.63142E+11,1668723585,134
729,3272,A,C13184 (Immigration),2026-06-05T00:00:00.000Z,2026-07-27T00:00:00.000Z,8966355493,8966355493,76199250401,1144587781,171
730,2457,A,,,,8956441582,8950758980,55989269209,1104438500,160
731,2651,A,,,,8951226978,8015584411,1.23189E+11,1278134441,200
732,2419,A,,,,8943264109,6942347791,88257045086,1136588695,145
733,3571,B,,,,8942689653,8942689653,3.17622E+11,1739860058,184
734,2861,B,C13246 (Battle),2026-07-03T00:00:00.000Z,2026-08-24T00:00:00.000Z,8936196206,8936196206,85763316113,1634000243,184
735,1975,B,C13213 (Battle),2026-07-03T00:00:00.000Z,2026-08-24T00:00:00.000Z,8933858933,8933858933,1.97211E+11,1818406356,219
736,1066,B,,,,8931583123,8931583123,71644551288,1594679959,163
737,3323,B,,,,8928366217,8928366217,2.68408E+11,1816858202,163
738,1356,B,,,,8925801205,8911804701,1.66906E+11,1806691932,138
739,2003,B,,,,8924465267,8914956524,84238836016,1397736158,147
740,1388,B,,,,8924213027,8645952475,1.8461E+11,1749123372,186
741,3400,B,,,,8919166065,8919166065,75421156811,1289908205,206
742,3675,B,,,,8918281905,8918281905,97746166305,1405580380,235
743,3479,B,C13195 (Immigration),2026-06-05T00:00:00.000Z,2026-07-27T00:00:00.000Z,8915786898,8915786898,2.11921E+11,1532995081,300
744,1907,B,,,,8896857281,8896857281,89456854613,1721985297,171
745,2633,B,C13215 (Battle),2026-07-03T00:00:00.000Z,2026-08-24T00:00:00.000Z,8886014882,8885566085,1.92464E+11,2060438379,182
746,3117,B,,,,8883862657,8883862657,1.38682E+11,1524232696,170
747,3277,B,,,,8883017523,8880969904,2.71527E+11,1761872972,190
748,3409,B,C13237 (Battle),2026-07-03T00:00:00.000Z,2026-08-24T00:00:00.000Z,8879599952,7487822271,1.74689E+11,1258808475,173
749,2320,B,C13205 (Immigration),2026-06-05T00:00:00.000Z,2026-07-27T00:00:00.000Z,8876739827,8876739827,94117579714,1553280510,161
750,3502,B,C13211 (Battle),2026-07-03T00:00:00.000Z,2026-08-24T00:00:00.000Z,8873958165,8873958165,1.84103E+11,1599821372,219
751,2662,B,,,,8871812190,8871812190,1.26309E+11,1324359639,209
752,2588,B,,,,8862260751,8862260751,1.35388E+11,1709712427,168
753,1966,B,,,,8862083702,8862083702,1.37304E+11,1473813726,174
754,2950,B,,,,8856979234,8856979234,1.29121E+11,1438526956,196
755,3685,B,,,,8847950721,8847950721,52870770921,775627353,226
756,3173,B,,,,8845929672,8845929672,91428604177,1457183838,178
757,1290,B,,,,8839113495,8839113495,1.34568E+11,1810612511,177
758,3134,B,C13232 (Battle),2026-07-03T00:00:00.000Z,2026-08-24T00:00:00.000Z,8838110332,8838110332,1.7179E+11,1467513878,176
759,3209,B,C13214 (Battle),2026-07-03T00:00:00.000Z,2026-08-24T00:00:00.000Z,8836345878,8836345878,1.60785E+11,1372548039,249
760,2349,B,C13245 (Battle),2026-07-03T00:00:00.000Z,2026-08-24T00:00:00.000Z,8831042595,8831042595,93230100088,1529724678,178
761,1776,B,C13196 (Immigration),2026-06-05T00:00:00.000Z,2026-07-27T00:00:00.000Z,8830870164,6918194507,1.65986E+11,1685508411,133
762,2128,B,C13217 (Battle),2026-07-03T00:00:00.000Z,2026-08-24T00:00:00.000Z,8829308346,8828108114,1.06159E+11,1540384988,177
763,1933,B,,,,8823720616,8823720616,2.4984E+11,2540405323,185
764,1871,B,C13218 (Battle),2026-07-03T00:00:00.000Z,2026-08-24T00:00:00.000Z,8820382751,8360349510,1.96208E+11,1538519886,203
765,3269,B,,,,8819635169,8819635169,2.09654E+11,1739626339,194
766,3736,B,C13184 (Immigration),2026-06-05T00:00:00.000Z,2026-07-27T00:00:00.000Z,8809334201,8809334201,1.7628E+11,1289552245,225
767,3677,B,,,,8804439977,8802388449,1.38609E+11,1286010613,213
768,1009,B,C13197 (Immigration),2026-06-05T00:00:00.000Z,2026-07-27T00:00:00.000Z,8801455661,8801455661,82425904075,1528855199,195
769,2821,B,,,,8800501618,8800501618,1.56678E+11,1565704624,202
770,1419,B,C13215 (Battle),2026-07-03T00:00:00.000Z,2026-08-24T00:00:00.000Z,8799885340,7188187443,2.38337E+11,1378609822,159
771,2931,B,,,,8794195475,8794195475,1.99077E+11,1713212890,260
772,3253,B,C13215 (Battle),2026-07-03T00:00:00.000Z,2026-08-24T00:00:00.000Z,8792991485,6987225449,1.20406E+11,1183690379,160
773,2695,B,C13227 (Battle),2026-07-03T00:00:00.000Z,2026-08-24T00:00:00.000Z,8789149612,8784475966,3.2726E+11,2063638785,231
774,3226,B,,,,8788432424,8788432424,1.83925E+11,1599299367,180
775,1140,B,C13218 (Battle),2026-07-03T00:00:00.000Z,2026-08-24T00:00:00.000Z,8786741292,8786741292,1.54266E+11,1586911935,174
776,1189,B,,,,8782044593,8782044593,90895313343,1580714435,152
777,1894,B,C13215 (Battle),2026-07-03T00:00:00.000Z,2026-08-24T00:00:00.000Z,8780576233,6837023783,2.37403E+11,1485373014,162
778,1037,B,,,,8779393957,8779393957,1.39071E+11,1397158580,171
779,2678,B,,,,8778614154,8778614154,1.41168E+11,1426321243,207
780,3928,B,,,,8778282445,8778282445,49964305678,429803716,271
781,3615,B,C13209 (Battle),2026-07-03T00:00:00.000Z,2026-08-24T00:00:00.000Z,8776957813,8739891207,3.94886E+11,1536940702,173
782,3347,B,,,,8771495463,7470315339,1.13116E+11,1129135063,168
783,2744,B,C13242 (Battle),2026-07-03T00:00:00.000Z,2026-08-24T00:00:00.000Z,8768161819,7000916828,2.26029E+11,1765680676,149
784,1307,B,,,,8766652689,8714246530,2.42255E+11,2119389897,229
785,3861,B,,,,8766587874,8766587874,1.04321E+11,927921906,240
786,3923,B,,,,8766510393,8766510393,79221718020,474227270,226
787,2132,B,C13204 (Immigration),2026-06-05T00:00:00.000Z,2026-07-27T00:00:00.000Z,8764781737,8764020514,2.47552E+11,1873547028,199
788,1688,B,,,,8761948107,8761948107,3.01708E+11,2098416480,181
789,3718,B,,,,8754635396,8754635396,1.15751E+11,1160674283,216
790,2105,B,C13222 (Battle),2026-07-03T00:00:00.000Z,2026-08-24T00:00:00.000Z,8753490303,8753490303,1.02601E+11,1440432361,162
791,1759,B,,,,8753305682,8748277758,2.31223E+11,1929409889,184
792,1787,B,C13195 (Immigration),2026-06-05T00:00:00.000Z,2026-07-27T00:00:00.000Z,8752109890,8734596906,5.93988E+11,2778787178,274
793,1303,B,,,,8748503635,8748503635,1.11974E+11,1528194090,160
794,2957,B,C13203 (Immigration),2026-06-05T00:00:00.000Z,2026-07-27T00:00:00.000Z,8745855103,7674945658,80097134404,1171567977,169
795,1831,B,C13186 (Immigration),2026-06-05T00:00:00.000Z,2026-07-27T00:00:00.000Z,8737381552,6710710765,1.59416E+11,1330754139,162
796,2775,B,C13221 (Battle),2026-07-03T00:00:00.000Z,2026-08-24T00:00:00.000Z,8736230838,7385184988,64153417316,898320844,178
797,3484,B,C13194 (Immigration),2026-06-05T00:00:00.000Z,2026-07-27T00:00:00.000Z,8734126370,8734126370,2.58459E+11,1705631583,238
798,3701,B,C13213 (Battle),2026-07-03T00:00:00.000Z,2026-08-24T00:00:00.000Z,8723331147,4537699235,1.0651E+11,710817650,155
799,2412,B,,,,8721228742,8713747990,2.39541E+11,1564380452,225
800,3109,B,C13243 (Battle),2026-07-03T00:00:00.000Z,2026-08-24T00:00:00.000Z,8716735560,7465679050,1.44697E+11,1498736728,152
801,2278,B,C13197 (Immigration),2026-06-05T00:00:00.000Z,2026-07-27T00:00:00.000Z,8716726151,8716726151,62291809155,1568095985,169
802,1331,B,C13211 (Battle),2026-07-03T00:00:00.000Z,2026-08-24T00:00:00.000Z,8716539019,8706500807,4.15917E+11,2332299993,195
803,2915,B,C13186 (Immigration),2026-06-05T00:00:00.000Z,2026-07-27T00:00:00.000Z,8712832556,6818625123,1.53654E+11,1249991014,220
804,1088,B,C13248 (Battle),2026-07-03T00:00:00.000Z,2026-08-24T00:00:00.000Z,8707293642,7680044418,47749363084,1083993156,138
805,3583,B,C13194 (Immigration),2026-06-05T00:00:00.000Z,2026-07-27T00:00:00.000Z,8705841478,8705841478,1.58494E+11,1233326377,248
806,1456,B,,,,8701688939,8661594109,1.18067E+11,1441325941,176
807,3264,B,,,,8700823085,8700823085,1.69508E+11,1594613895,203
808,1865,B,C13185 (Immigration),2026-06-05T00:00:00.000Z,2026-07-27T00:00:00.000Z,8699661304,8690526065,1.75043E+11,1748867631,193
809,2921,B,,,,8699126177,8693558770,4.36215E+11,2174668949,188
810,3057,B,,,,8691362903,8691362903,1.106E+11,1617943322,171
811,2237,B,,,,8686838089,8675425599,2.06684E+11,1739938487,182
812,3276,B,C13217 (Battle),2026-07-03T00:00:00.000Z,2026-08-24T00:00:00.000Z,8686372309,8686372309,1.25377E+11,1520421934,192
813,3565,B,,,,8684122501,8684122501,1.47801E+11,1383496792,217
814,3543,B,C13212 (Battle),2026-07-03T00:00:00.000Z,2026-08-24T00:00:00.000Z,8679523238,8679523238,2.12741E+11,1458702112,221
815,2110,B,C13248 (Battle),2026-07-03T00:00:00.000Z,2026-08-24T00:00:00.000Z,8674853291,8674853291,58111777518,1394840604,169
816,2442,B,C13183 (Immigration),2026-06-05T00:00:00.000Z,2026-07-27T00:00:00.000Z,8670295795,8670295795,1.37064E+11,1631688984,185
817,3441,B,,,,8667991081,8667991081,1.39977E+11,1363805708,212
818,2088,B,,,,8664977901,8664977901,1.17556E+11,1939499411,165
819,3832,B,C13218 (Battle),2026-07-03T00:00:00.000Z,2026-08-24T00:00:00.000Z,8660682212,8660682212,89672555744,1098487420,300
820,2616,B,C13228 (Battle),2026-07-03T00:00:00.000Z,2026-08-24T00:00:00.000Z,8659376746,7401264745,3.29278E+11,1788503137,240
821,3763,B,C13210 (Battle),2026-07-03T00:00:00.000Z,2026-08-24T00:00:00.000Z,8655251574,8653974931,2.49403E+11,1434884212,229
822,3755,B,C13239 (Battle),2026-07-03T00:00:00.000Z,2026-08-24T00:00:00.000Z,8654631011,6709047558,1.29103E+11,739328035,160
823,2578,B,,,,8651154317,8644464556,1.75389E+11,1616983087,171
824,2314,B,,,,8650979897,8650979897,2.05392E+11,1936425100,194
825,1182,B,,,,8648309975,8625446056,5.174E+11,2320415746,144
826,2917,B,,,,8645213903,8624266005,3.27205E+11,1920636791,165
827,1128,B,,,,8639395392,8639395392,1.17505E+11,1807314147,159
828,3837,B,,,,8637233180,8637233180,1.26353E+11,798028958,209
829,3726,B,,,,8636451718,8636451718,33191611470,626815502,218
830,1482,B,C13219 (Battle),2026-07-03T00:00:00.000Z,2026-08-24T00:00:00.000Z,8636126209,8636126209,1.66385E+11,2051934299,147
831,2362,B,C13238 (Battle),2026-07-03T00:00:00.000Z,2026-08-24T00:00:00.000Z,8634240690,8634240690,1.23854E+11,1556751355,173
832,3355,B,C13182 (Immigration),2026-06-05T00:00:00.000Z,2026-07-27T00:00:00.000Z,8627679976,8627679976,3.57934E+11,1802957568,204
833,3493,B,,,,8623060733,8607919194,2.47833E+11,1534187808,174
834,1006,B,C13222 (Battle),2026-07-03T00:00:00.000Z,2026-08-24T00:00:00.000Z,8614708217,6576312008,70388703774,1088291702,146
835,1102,B,,,,8612217383,8612217383,1.58731E+11,1598983541,175
836,2071,B,,,,8610809711,8610809711,1.2719E+11,1737015109,177
837,1607,B,C13205 (Immigration),2026-06-05T00:00:00.000Z,2026-07-27T00:00:00.000Z,8610714872,6740658926,99341799323,1051194933,163
838,3752,B,C13216 (Battle),2026-07-03T00:00:00.000Z,2026-08-24T00:00:00.000Z,8609665817,5443782191,94345812777,529422960,173
839,3465,B,C13215 (Battle),2026-07-03T00:00:00.000Z,2026-08-24T00:00:00.000Z,8607655866,8607655866,2.69774E+11,1737184993,199
840,3609,B,,,,8605929890,8605929890,1.27185E+11,1013474819,177
841,3430,B,,,,8600533706,8600533706,1.71104E+11,1445064929,232
842,3242,B,C13183 (Immigration),2026-06-05T00:00:00.000Z,2026-07-27T00:00:00.000Z,8588018001,8588018001,2.84269E+11,1709601547,256
843,1565,B,,,,8584247925,8581727728,3.48315E+11,2171004533,183
844,1409,B,C13198 (Immigration),2026-06-05T00:00:00.000Z,2026-07-27T00:00:00.000Z,8579430984,8579430984,1.04076E+11,1767184861,149
845,2354,B,C13202 (Immigration),2026-06-05T00:00:00.000Z,2026-07-27T00:00:00.000Z,8577592829,7177840163,2.44996E+11,1717250765,190
846,2312,B,C13247 (Battle),2026-07-03T00:00:00.000Z,2026-08-24T00:00:00.000Z,8577569923,8577569923,95840913618,1490892505,174
847,2321,B,C13203 (Immigration),2026-06-05T00:00:00.000Z,2026-07-27T00:00:00.000Z,8577399826,7402052199,1.92186E+11,1660628339,154
848,3357,B,C13213 (Battle),2026-07-03T00:00:00.000Z,2026-08-24T00:00:00.000Z,8571452490,8571452490,1.65937E+11,1627693139,163
849,1726,B,C13197 (Immigration),2026-06-05T00:00:00.000Z,2026-07-27T00:00:00.000Z,8571447697,8571447697,92538048597,1389627569,163
850,3159,B,C13182 (Immigration),2026-06-05T00:00:00.000Z,2026-07-27T00:00:00.000Z,8570587817,8570587817,3.46815E+11,1726673340,218
851,1201,B,C13188 (Immigration),2026-06-05T00:00:00.000Z,2026-07-27T00:00:00.000Z,8569554964,8567956167,1.54731E+11,1657558071,169
852,3770,B,,,,8568040529,8568040529,71346423131,918911771,218
853,2867,B,C13237 (Battle),2026-07-03T00:00:00.000Z,2026-08-24T00:00:00.000Z,8566925848,8566925848,1.29579E+11,1535472317,169
854,1929,B,,,,8565290178,8551061447,1.47633E+11,1901043715,172
855,3370,B,C13212 (Battle),2026-07-03T00:00:00.000Z,2026-08-24T00:00:00.000Z,8564878022,8527088083,4.15707E+11,1857059433,264
856,2213,B,C13213 (Battle),2026-07-03T00:00:00.000Z,2026-08-24T00:00:00.000Z,8557147098,8557147098,2.61809E+11,1800432160,237
857,3169,B,C13217 (Battle),2026-07-03T00:00:00.000Z,2026-08-24T00:00:00.000Z,8556484385,8552446993,1.63433E+11,1398287162,231
858,3576,B,C13198 (Immigration),2026-06-05T00:00:00.000Z,2026-07-27T00:00:00.000Z,8556351471,8556351471,43648235796,1028268857,267
859,3765,B,,,,8549130338,8549130338,1.22427E+11,1229958514,240
860,2544,B,,,,8543390143,8543390143,6.01805E+11,2250412912,163
861,3867,B,C13206 (Battle),2026-06-11T00:00:00.000Z,2026-08-08T00:00:00.000Z,8540896837,8540896837,93030840145,570376435,180
862,3194,B,C13187 (Immigration),2026-06-05T00:00:00.000Z,2026-07-27T00:00:00.000Z,8540513790,6488491950,1.94973E+11,1425299832,201
863,2825,B,C13203 (Immigration),2026-06-05T00:00:00.000Z,2026-07-27T00:00:00.000Z,8538901321,8537406031,91302235976,1350358786,169
864,3634,B,,,,8532809140,8532809140,1.48146E+11,1369699551,227
865,3066,B,,,,8532410352,8532410352,2.16049E+11,1675293219,187
866,2164,B,C13233 (Battle),2026-07-03T00:00:00.000Z,2026-08-24T00:00:00.000Z,8527230012,8526591389,1.65431E+11,1734118960,151
867,1651,B,,,,8518500683,8518500683,1.33014E+11,1585410061,170
868,3219,B,C13216 (Battle),2026-07-03T00:00:00.000Z,2026-08-24T00:00:00.000Z,8518117155,6384138422,1.39842E+11,1165763332,153
869,3599,B,C13213 (Battle),2026-07-03T00:00:00.000Z,2026-08-24T00:00:00.000Z,8517984200,8517984200,3.8682E+11,1740431058,233
870,1522,B,,,,8512190415,8512190415,2.45801E+11,1966396675,148
871,2816,B,,,,8511038597,8511038597,1.03355E+11,1319349560,161
872,2985,B,,,,8509291358,8504602476,1.84955E+11,1415831438,218
873,3808,B,C13238 (Battle),2026-07-03T00:00:00.000Z,2026-08-24T00:00:00.000Z,8506782821,8506782821,95015254533,825613014,193
874,1533,B,,,,8505584017,8505584017,3.90029E+11,2054877673,172
875,1793,B,C13183 (Immigration),2026-06-05T00:00:00.000Z,2026-07-27T00:00:00.000Z,8502754244,8490014448,2.50867E+11,2059517888,196
876,3280,B,,,,8495548137,8495548137,1.05636E+11,1240118941,197
877,2880,B,C13186 (Immigration),2026-06-05T00:00:00.000Z,2026-07-27T00:00:00.000Z,8494264989,7360814134,98192191406,1291656253,182
878,1141,B,,,,8490355937,8488481175,43901517321,1032692788,144
879,1090,B,C13221 (Battle),2026-07-03T00:00:00.000Z,2026-08-24T00:00:00.000Z,8489054276,8489054276,1.15117E+11,1293435533,258
880,2153,B,,,,8484458092,8484458092,87858516023,1309704741,181
881,3663,B,C13215 (Battle),2026-07-03T00:00:00.000Z,2026-08-24T00:00:00.000Z,8483154186,6271057511,1.26499E+11,1024172584,166
882,3184,B,C13218 (Battle),2026-07-03T00:00:00.000Z,2026-08-24T00:00:00.000Z,8483083551,8483083551,1.01172E+11,1338521938,202
883,3846,B,,,,8482801143,8482801143,30888378030,513967121,268
884,2936,B,C13186 (Immigration),2026-06-05T00:00:00.000Z,2026-07-27T00:00:00.000Z,8481117894,8481117894,1.78058E+11,1482354314,170
885,1664,B,C13220 (Battle),2026-07-03T00:00:00.000Z,2026-08-24T00:00:00.000Z,8477149653,8477149653,1.14193E+11,1743319746,160
886,3042,B,,,,8476258162,8476258162,1.08195E+11,1473013629,160
887,3917,B,,,,8476038875,8476038875,37965318910,415876734,244
888,1166,B,C13217 (Battle),2026-07-03T00:00:00.000Z,2026-08-24T00:00:00.000Z,8475121930,8471489430,2.24577E+11,2052235662,213
889,3296,B,,,,8471701332,8471701332,95014185162,1124548338,178
890,1374,B,,,,8469500163,8461582274,2.0053E+11,1712472986,138
891,1562,B,C13217 (Battle),2026-07-03T00:00:00.000Z,2026-08-24T00:00:00.000Z,8468383150,8465225486,1.68039E+11,1775490962,150
892,2779,B,C13184 (Immigration),2026-06-05T00:00:00.000Z,2026-07-27T00:00:00.000Z,8460781531,8460781531,2.7096E+11,1916639517,201
893,1228,B,C13193 (Immigration),2026-06-05T00:00:00.000Z,2026-07-27T00:00:00.000Z,8460049115,8460049115,6.19497E+11,3004195961,208
894,3567,B,C13196 (Immigration),2026-06-05T00:00:00.000Z,2026-07-27T00:00:00.000Z,8455120063,8455120063,1.78976E+11,1601394561,215
895,3735,B,C13202 (Immigration),2026-06-05T00:00:00.000Z,2026-07-27T00:00:00.000Z,8452387140,2579810650,1.00653E+11,360605560,177
896,3120,B,C13183 (Immigration),2026-06-05T00:00:00.000Z,2026-07-27T00:00:00.000Z,8452168757,8452168757,3.03242E+11,1864538541,288
897,1637,B,C13228 (Battle),2026-07-03T00:00:00.000Z,2026-08-24T00:00:00.000Z,8446008569,2915727210,2.03956E+11,657089664,137
898,2330,B,,,,8445693598,8429958747,2.13681E+11,2070305817,151
899,1111,B,,,,8444982622,8444982622,1.12602E+11,1462135256,195
900,2516,B,C13235 (Battle),2026-07-03T00:00:00.000Z,2026-08-24T00:00:00.000Z,8439614052,8439614052,2.24766E+11,1643575447,213
901,2679,B,,,,8436162871,8436162871,1.89289E+11,1619117105,169
902,3592,B,C13184 (Immigration),2026-06-05T00:00:00.000Z,2026-07-27T00:00:00.000Z,8435254208,8435254208,1.69778E+11,1124983202,202
903,3156,B,,,,8434080922,8434080922,2.26343E+11,1495060128,256
904,2024,B,,,,8428489681,8428489681,84154089110,1785907935,159
905,3715,B,C13236 (Battle),2026-07-03T00:00:00.000Z,2026-08-24T00:00:00.000Z,8421554652,6166305032,94158919335,697151366,158
906,1658,B,C13186 (Immigration),2026-06-05T00:00:00.000Z,2026-07-27T00:00:00.000Z,8416671496,6906285186,2.09293E+11,1707329289,153
907,2402,B,C13242 (Battle),2026-07-03T00:00:00.000Z,2026-08-24T00:00:00.000Z,8408668799,7542992194,1.40971E+11,1518197612,170
908,3126,B,C13198 (Immigration),2026-06-05T00:00:00.000Z,2026-07-27T00:00:00.000Z,8406409569,7151266815,70176649873,845366405,192
909,3022,B,,,,8404258351,8403809786,3.19222E+11,1829407006,223
910,1033,B,C13197 (Immigration),2026-06-05T00:00:00.000Z,2026-07-27T00:00:00.000Z,8398016800,8398016800,1.2596E+11,1847233006,170
911,2175,B,,,,8397776100,8397776100,1.43561E+11,1855929188,180
912,3373,B,,,,8393473881,7358254454,61076419993,701289328,153
913,2084,B,C13240 (Battle),2026-07-03T00:00:00.000Z,2026-08-24T00:00:00.000Z,8390294749,7323645157,1.64766E+11,1340311152,154
914,1470,B,C13216 (Battle),2026-07-03T00:00:00.000Z,2026-08-24T00:00:00.000Z,8377317129,6570174310,1.19844E+11,1188487141,152
915,2823,B,C13198 (Immigration),2026-06-05T00:00:00.000Z,2026-07-27T00:00:00.000Z,8376849595,8376849595,66970075800,1190105543,173
916,3115,B,C13214 (Battle),2026-07-03T00:00:00.000Z,2026-08-24T00:00:00.000Z,8376072076,8376072076,1.07071E+11,1217425672,185
917,1563,B,C13242 (Battle),2026-07-03T00:00:00.000Z,2026-08-24T00:00:00.000Z,8376058972,7852950230,1.38153E+11,1561817306,163
918,2677,B,C13218 (Battle),2026-07-03T00:00:00.000Z,2026-08-24T00:00:00.000Z,8372914112,8372914112,1.96004E+11,1569719284,236
919,3819,B,C13217 (Battle),2026-07-03T00:00:00.000Z,2026-08-24T00:00:00.000Z,8367626216,8367626216,46811607061,721198351,204
920,2017,B,,,,8367086984,8359074282,2.75271E+11,1680853931,177
921,3378,B,C13213 (Battle),2026-07-03T00:00:00.000Z,2026-08-24T00:00:00.000Z,8364062706,8354962905,1.61576E+11,1567546782,210
922,3325,B,C13226 (Battle),2026-07-03T00:00:00.000Z,2026-08-24T00:00:00.000Z,8362392880,8362392880,3.5027E+11,2143514942,197
923,2960,B,,,,8356379086,8356379086,1.72563E+11,1632309150,193
924,3490,B,C13193 (Immigration),2026-06-05T00:00:00.000Z,2026-07-27T00:00:00.000Z,8355288260,8355288260,3.06862E+11,1740400476,171
925,2648,B,,,,8352033856,8352033856,3.58735E+11,1881084827,165
926,2709,B,,,,8349075306,8341752196,2.8395E+11,1741345535,215
927,1676,B,,,,8344732681,8338683749,2.3132E+11,1776512071,211
928,1143,B,C13245 (Battle),2026-07-03T00:00:00.000Z,2026-08-24T00:00:00.000Z,8335011726,8335011726,44937752224,1148559976,147
929,2858,B,C13235 (Battle),2026-07-03T00:00:00.000Z,2026-08-24T00:00:00.000Z,8332264824,8332264824,2.9026E+11,1905006105,224
930,3132,B,C13213 (Battle),2026-07-03T00:00:00.000Z,2026-08-24T00:00:00.000Z,8331517894,8331517894,1.24167E+11,1373306334,208
931,3293,B,,,,8326151453,8323517850,2.33616E+11,1507289178,194
932,1104,B,,,,8325735740,8325735740,1.18394E+11,1700597405,158
933,1667,B,,,,8324168939,5408103585,1.06563E+11,1040699654,151
934,3035,B,,,,8322671146,8322127619,1.11758E+11,1383507929,185
935,3472,B,,,,8320915162,8320915162,1.37774E+11,1340375058,210
936,3828,B,C13216 (Battle),2026-07-03T00:00:00.000Z,2026-08-24T00:00:00.000Z,8319246707,7028413688,40187362715,520013052,183
937,3878,B,C13207 (Battle),2026-06-11T00:00:00.000Z,2026-08-08T00:00:00.000Z,8315848718,8315848718,36262312512,421153831,240
938,1863,B,C13194 (Immigration),2026-06-05T00:00:00.000Z,2026-07-27T00:00:00.000Z,8310498515,8310498515,3.69986E+11,2188590931,191
939,2585,B,,,,8309405303,8309405303,1.70433E+11,1625981812,180
940,1204,B,C13246 (Battle),2026-07-03T00:00:00.000Z,2026-08-24T00:00:00.000Z,8308195270,8308195270,94880133986,1365475435,139
941,3380,B,C13214 (Battle),2026-07-03T00:00:00.000Z,2026-08-24T00:00:00.000Z,8307413783,8300979051,1.70605E+11,1353668934,216
942,1495,B,,,,8304748304,8269332392,85478485897,1267088017,144
943,2023,B,C13197 (Immigration),2026-06-05T00:00:00.000Z,2026-07-27T00:00:00.000Z,8300360014,8300360014,2.30938E+11,1917977435,173
944,2889,B,,,,8293391569,8293391569,69625489656,1258081894,178
945,1544,B,,,,8286986186,8274780958,4.2712E+11,2778985917,174
946,2913,B,C13184 (Immigration),2026-06-05T00:00:00.000Z,2026-07-27T00:00:00.000Z,8278017346,8278017346,3.02363E+11,1791082021,251
947,3235,B,,,,8277497967,8277497967,1.62933E+11,1480390804,178
948,2156,B,C13186 (Immigration),2026-06-05T00:00:00.000Z,2026-07-27T00:00:00.000Z,8268291900,6238036806,1.39691E+11,1204424526,163
949,1670,B,C13243 (Battle),2026-07-03T00:00:00.000Z,2026-08-24T00:00:00.000Z,8268052353,7446058165,94478978805,1222476227,149
950,1433,B,C13201 (Immigration),2026-06-05T00:00:00.000Z,2026-07-27T00:00:00.000Z,8266408978,7342129209,5.56275E+11,2288823275,206
951,2187,B,,,,8266220707,8265854261,4.41966E+11,1933459781,191
952,2378,B,,,,8264874590,8264874590,2.27115E+11,1624970627,207
953,3004,B,,,,8264229084,8252404018,3.33439E+11,1673364191,228
954,3507,B,,,,8263745617,8263745617,2.8E+11,1679204618,185
955,3656,B,,,,8255704107,8255704107,99470814123,1113241231,171
956,3519,B,,,,8253384174,8253384174,1.91888E+11,1373312349,234
957,3617,B,C13186 (Immigration),2026-06-05T00:00:00.000Z,2026-07-27T00:00:00.000Z,8253376504,8253376504,1.26957E+11,1483084918,196
958,1031,B,C13240 (Battle),2026-07-03T00:00:00.000Z,2026-08-24T00:00:00.000Z,8252550994,8242748638,87751915369,1165690552,117
959,2756,B,,,,8252173007,8243868490,2.29984E+11,1872239217,162
960,1799,B,C13214 (Battle),2026-07-03T00:00:00.000Z,2026-08-24T00:00:00.000Z,8251992249,8251992249,2.01996E+11,1596772717,216
961,3895,B,C13207 (Battle),2026-06-11T00:00:00.000Z,2026-08-08T00:00:00.000Z,8248242032,8248242032,47107067861,432813835,244
962,3467,B,,,,8248120418,8248120418,1.25867E+11,1150223628,198
963,1694,B,,,,8245060925,8245060925,1.58569E+11,1564578354,182
964,2462,B,C13243 (Battle),2026-07-03T00:00:00.000Z,2026-08-24T00:00:00.000Z,8242081840,8020858872,1.29234E+11,1478501813,176
965,1632,B,C13229 (Battle),2026-07-03T00:00:00.000Z,2026-08-24T00:00:00.000Z,8239184146,8219396411,69113976180,1111123974,126
966,3368,B,,,,8235027791,6930125764,1.87376E+11,1389272353,171
967,1400,B,,,,8234633557,8234633557,50629225089,1173291164,134
968,2743,B,,,,8232062814,8232062814,3.47658E+11,1754355532,200
969,1411,B,,,,8231920182,8200840029,1.41665E+11,2144665038,138
970,3289,B,,,,8228378405,8228378405,1.24016E+11,1424234152,190
971,1329,B,,,,8224451783,7955807853,94336657737,1607670160,132
972,1043,B,C13190 (Immigration),2026-06-05T00:00:00.000Z,2026-07-27T00:00:00.000Z,8223875923,6595279530,1.26972E+11,1234561052,136
973,1490,B,C13213 (Battle),2026-07-03T00:00:00.000Z,2026-08-24T00:00:00.000Z,8223515312,7500391249,2.89987E+11,2223731385,155
974,2281,B,C13189 (Immigration),2026-06-05T00:00:00.000Z,2026-07-27T00:00:00.000Z,8220371848,8220371848,98588027988,1459251578,157
975,2856,B,,,,8215221587,5042059177,74081026410,715030403,176
976,1130,B,C13228 (Battle),2026-07-03T00:00:00.000Z,2026-08-24T00:00:00.000Z,8209702266,8209702266,1.02351E+11,1493034442,153
977,2815,B,C13236 (Battle),2026-07-03T00:00:00.000Z,2026-08-24T00:00:00.000Z,8207709283,8207709283,1.05447E+11,1201243498,174
978,1195,B,,,,8205206479,8205206479,98483451160,1607081486,142
979,3596,B,,,,8203318178,8203318178,1.62192E+11,1177386495,223
980,2910,B,C13210 (Battle),2026-07-03T00:00:00.000Z,2026-08-24T00:00:00.000Z,8200190028,8200190028,3.3448E+11,1705359792,225
981,1178,B,C13228 (Battle),2026-07-03T00:00:00.000Z,2026-08-24T00:00:00.000Z,8196941729,8196941729,1.29515E+11,1502687038,235
982,1326,B,C13240 (Battle),2026-07-03T00:00:00.000Z,2026-08-24T00:00:00.000Z,8191441698,8191441698,1.23316E+11,1512927691,165
983,3754,B,C13196 (Immigration),2026-06-05T00:00:00.000Z,2026-07-27T00:00:00.000Z,8189964085,8189964085,1.94057E+11,1174885136,216
984,2493,B,,,,8187470963,8187470963,1.2587E+11,1428072321,186
985,2410,B,,,,8184569271,8184569271,1.5323E+11,1593161544,183
986,3494,B,,,,8184104692,8181147981,3.30205E+11,1828855837,189
987,3210,B,C13184 (Immigration),2026-06-05T00:00:00.000Z,2026-07-27T00:00:00.000Z,8178189966,8176466575,2.2106E+11,1418326150,237
988,2311,B,,,,8175990841,7533800309,68745841257,1070009331,119
989,1713,B,,,,8175521366,8175521366,2.0207E+11,1845209016,173
990,1689,B,C13226 (Battle),2026-07-03T00:00:00.000Z,2026-08-24T00:00:00.000Z,8172075101,8118694852,7.95306E+11,2956316489,157
991,3431,B,C13243 (Battle),2026-07-03T00:00:00.000Z,2026-08-24T00:00:00.000Z,8165972547,8165972547,81807365269,1012258233,165
992,3424,B,,,,8165957285,8165957285,1.07026E+11,1233378270,190
993,3153,B,C13216 (Battle),2026-07-03T00:00:00.000Z,2026-08-24T00:00:00.000Z,8162692223,8162692223,1.26856E+11,1165878373,159
994,2333,B,,,,8157087603,8154126481,1.93887E+11,1564835579,170
995,2436,B,C13216 (Battle),2026-07-03T00:00:00.000Z,2026-08-24T00:00:00.000Z,8156794606,7157527784,1.29117E+11,1487266585,140
996,2560,B,,,,8155692141,8150866182,4.93347E+11,2205146936,173
997,2483,B,C13228 (Battle),2026-07-03T00:00:00.000Z,2026-08-24T00:00:00.000Z,8155285905,5490145333,1.13853E+11,1088571823,116
998,2420,B,,,,8154859659,8154859659,2.06619E+11,1873501085,172
999,2253,B,C13214 (Battle),2026-07-03T00:00:00.000Z,2026-08-24T00:00:00.000Z,8152707777,8152707777,1.04854E+11,1384997926,169
1000,1888,B,C13194 (Immigration),2026-06-05T00:00:00.000Z,2026-07-27T00:00:00.000Z,8152026637,8152026637,2.69351E+11,2155262636,258
1001,2342,B,C13215 (Battle),2026-07-03T00:00:00.000Z,2026-08-24T00:00:00.000Z,8149624180,8149624180,1.65632E+11,1506165404,176
1002,2806,B,C13230 (Battle),2026-07-03T00:00:00.000Z,2026-08-24T00:00:00.000Z,8149298217,8149298217,1.38824E+11,1401422778,247
1003,1120,B,,,,8147549708,8138238443,3.43969E+11,2220388261,221
1004,3086,B,C13215 (Battle),2026-07-03T00:00:00.000Z,2026-08-24T00:00:00.000Z,8145737246,6244239966,3.48222E+11,1624929958,139
1005,3894,B,C13206 (Battle),2026-06-11T00:00:00.000Z,2026-08-08T00:00:00.000Z,8141018921,8141018921,61667707512,543270500,259
1006,1891,B,C13227 (Battle),2026-07-03T00:00:00.000Z,2026-08-24T00:00:00.000Z,8134139662,8133140712,2.47696E+11,2225923954,150
1007,3381,B,C13185 (Immigration),2026-06-05T00:00:00.000Z,2026-07-27T00:00:00.000Z,8127747622,8127378519,2.14921E+11,1523058712,229
1008,1749,B,,,,8126956517,8092416243,2.45904E+11,1672944786,140
1009,3595,B,,,,8126062032,8126062032,1.04093E+11,1132006649,205
1010,3422,B,C13248 (Battle),2026-07-03T00:00:00.000Z,2026-08-24T00:00:00.000Z,8124541945,8115154565,77516068266,987876867,163
1011,2714,B,,,,8123775932,8123775932,3.15179E+11,1878906974,130
1012,1639,B,C13222 (Battle),2026-07-03T00:00:00.000Z,2026-08-24T00:00:00.000Z,8117191627,7870716428,1.4233E+11,1647722285,140
1013,3643,B,C13236 (Battle),2026-07-03T00:00:00.000Z,2026-08-24T00:00:00.000Z,8103868612,8103868612,1.19738E+11,1197377418,252
1014,2601,B,,,,8099909798,8099107107,1.11549E+11,1274508688,159
1015,3509,B,,,,8097798308,6309233380,76105933410,1020354162,165
1016,1748,B,,,,8096968691,8096968691,3.03881E+11,1848733410,158
1017,3085,B,,,,8095608016,8095608016,1.18748E+11,1419559206,186
1018,2093,B,C13230 (Battle),2026-07-03T00:00:00.000Z,2026-08-24T00:00:00.000Z,8093536523,8093536523,84098551374,1174908649,139
1019,1200,B,,,,8088679080,8088679080,1.30498E+11,1632462673,174
1020,2726,B,,,,8088576550,8088576550,1.13233E+11,1323860885,142
1021,2565,B,C13200 (Immigration),2026-06-05T00:00:00.000Z,2026-07-27T00:00:00.000Z,8088198411,8062880885,1.98882E+11,1481208618,156
1022,3607,B,C13196 (Immigration),2026-06-05T00:00:00.000Z,2026-07-27T00:00:00.000Z,8087331765,3595975446,1.75533E+11,464140731,154
1023,3789,B,,,,8081926857,8081926857,57791638229,551628890,199
1024,3483,B,,,,8081349811,8080774395,2.96381E+11,1797064374,195
1025,3454,B,,,,8081041440,8081041440,2.5803E+11,1582223923,170
1026,2857,B,,,,8077777774,8067980705,2.4142E+11,1539927180,200
1027,2094,B,C13232 (Battle),2026-07-03T00:00:00.000Z,2026-08-24T00:00:00.000Z,8074733337,8056078671,3.02662E+11,1932128691,183
1028,3702,B,,,,8072581898,8072581898,1.4135E+11,1227154698,219
1029,3802,B,C13239 (Battle),2026-07-03T00:00:00.000Z,2026-08-24T00:00:00.000Z,8071237827,8071237827,83095707498,884189934,196
1030,3470,B,C13242 (Battle),2026-07-03T00:00:00.000Z,2026-08-24T00:00:00.000Z,8070591206,8070591206,49977945800,827645717,174
1031,3585,B,C13184 (Immigration),2026-06-05T00:00:00.000Z,2026-07-27T00:00:00.000Z,8069516755,8069516755,1.33916E+11,1199467818,182
1032,3668,B,C13194 (Immigration),2026-06-05T00:00:00.000Z,2026-07-27T00:00:00.000Z,8066876189,8066876189,1.71761E+11,1357046521,197
1033,3377,B,C13247 (Battle),2026-07-03T00:00:00.000Z,2026-08-24T00:00:00.000Z,8064675363,8064675363,91104294009,1371149269,173
1034,2734,B,C13218 (Battle),2026-07-03T00:00:00.000Z,2026-08-24T00:00:00.000Z,8063601491,8063601491,1.20929E+11,1468605405,171
1035,2593,B,C13228 (Battle),2026-07-03T00:00:00.000Z,2026-08-24T00:00:00.000Z,8063261453,8063255729,2.682E+11,1809092274,162
1036,1450,B,C13205 (Immigration),2026-06-05T00:00:00.000Z,2026-07-27T00:00:00.000Z,8059619342,3973299716,66837270809,749102065,153
1037,2759,B,,,,8053053305,8053053305,77791967425,1222449965,166
1038,3810,B,C13204 (Immigration),2026-06-05T00:00:00.000Z,2026-07-27T00:00:00.000Z,8053046178,6694156158,65860318093,557439194,195
1039,1913,B,C13201 (Immigration),2026-06-05T00:00:00.000Z,2026-07-27T00:00:00.000Z,8047573523,8047573523,1.06227E+11,1621567374,157
1040,3524,B,C13242 (Battle),2026-07-03T00:00:00.000Z,2026-08-24T00:00:00.000Z,8042605592,415904209,84721863398,72731544,168
1041,2883,B,,,,8040741358,8040741358,1.677E+11,1219707185,164
1042,2949,B,C13225 (Battle),2026-07-03T00:00:00.000Z,2026-08-24T00:00:00.000Z,8039750920,8039750920,67668516413,1294651425,149
1043,1334,B,C13203 (Immigration),2026-06-05T00:00:00.000Z,2026-07-27T00:00:00.000Z,8039565633,6809027943,1.72035E+11,1488008160,167
1044,3350,B,,,,8037386149,8026756749,3.91952E+11,1709255731,169
1045,1661,B,C13187 (Immigration),2026-06-05T00:00:00.000Z,2026-07-27T00:00:00.000Z,8036025925,8015776283,1.88311E+11,1673221850,162
1046,3678,B,,,,8034528368,8033530154,1.601E+11,1138489368,174
1047,2120,B,C13219 (Battle),2026-07-03T00:00:00.000Z,2026-08-24T00:00:00.000Z,8025374442,8025374442,87044167032,1606202302,165
1048,2319,B,C13194 (Immigration),2026-06-05T00:00:00.000Z,2026-07-27T00:00:00.000Z,8024331222,8024331222,3.60697E+11,1964507138,215
1049,3455,B,C13205 (Immigration),2026-06-05T00:00:00.000Z,2026-07-27T00:00:00.000Z,8022910959,6685895885,1.25272E+11,1312643967,143
1050,2399,B,C13228 (Battle),2026-07-03T00:00:00.000Z,2026-08-24T00:00:00.000Z,8020843023,8020843023,1.20321E+11,1620015307,155
1051,1961,B,C13244 (Battle),2026-07-03T00:00:00.000Z,2026-08-24T00:00:00.000Z,8020608943,8020608943,1.49051E+11,1556572640,182
1052,3096,B,,,,8019783422,8019783422,75865756445,1142841818,188
1053,3896,B,C13207 (Battle),2026-06-11T00:00:00.000Z,2026-08-08T00:00:00.000Z,8017496952,8017496952,44309423959,462212391,280
1054,2417,B,C13216 (Battle),2026-07-03T00:00:00.000Z,2026-08-24T00:00:00.000Z,8017377340,6252210240,1.36404E+11,1118512463,187
1055,2569,B,,,,8014411555,6556030381,2.38322E+11,1233199566,134
1056,3442,B,C13220 (Battle),2026-07-03T00:00:00.000Z,2026-08-24T00:00:00.000Z,8014308052,5923745746,1.0037E+11,947360540,129
1057,3705,B,,,,8014259074,8014259074,75683262597,852538359,251
1058,1778,B,,,,8013257429,8012152184,2.23587E+11,1690209588,164
1059,2165,B,C13213 (Battle),2026-07-03T00:00:00.000Z,2026-08-24T00:00:00.000Z,8012083026,8012083026,1.38356E+11,1525965518,176
1060,3776,B,C13185 (Immigration),2026-06-05T00:00:00.000Z,2026-07-27T00:00:00.000Z,8008940746,8008940746,60275044230,639332312,221
1061,1304,B,,,,8002597473,8002597473,1.27587E+11,1633615813,157
1062,3489,B,C13204 (Immigration),2026-06-05T00:00:00.000Z,2026-07-27T00:00:00.000Z,7997145731,6438260646,1.67852E+11,1226566562,166
1063,2414,B,C13242 (Battle),2026-07-03T00:00:00.000Z,2026-08-24T00:00:00.000Z,7996851574,7996851574,1.62141E+11,1521621113,185
1064,3047,B,C13219 (Battle),2026-07-03T00:00:00.000Z,2026-08-24T00:00:00.000Z,7989964034,7989964034,1.68943E+11,1701921139,184
1065,2203,B,,,,7987386201,7977493724,3.16128E+11,1787373920,189
1066,3660,B,C13210 (Battle),2026-07-03T00:00:00.000Z,2026-08-24T00:00:00.000Z,7982966887,7982966887,2.52666E+11,1449309409,185
1067,2421,B,C13219 (Battle),2026-07-03T00:00:00.000Z,2026-08-24T00:00:00.000Z,7981110580,7981110580,1.65678E+11,1505938310,154
1068,3068,B,,,,7977933911,7977658894,2.29072E+11,1702758268,172
1069,3600,B,,,,7977829985,7977829985,2.17959E+11,1541292287,183
1070,3110,B,C13241 (Battle),2026-07-03T00:00:00.000Z,2026-08-24T00:00:00.000Z,7969022049,7969022049,78412698463,1133153337,183
1071,3216,B,C13240 (Battle),2026-07-03T00:00:00.000Z,2026-08-24T00:00:00.000Z,7967982972,6351642714,1.91696E+11,1321092040,175
1072,3282,B,C13215 (Battle),2026-07-03T00:00:00.000Z,2026-08-24T00:00:00.000Z,7963358808,7132349518,2.02456E+11,1508726912,159
1073,1942,B,,,,7962002570,7949938462,1.41014E+11,1466124831,181
1074,1472,B,,,,7959047106,7948067038,1.3269E+11,1602266085,131
1075,2955,B,C13197 (Immigration),2026-06-05T00:00:00.000Z,2026-07-27T00:00:00.000Z,7958086976,7958086976,82664198658,1466458775,149
1076,2757,B,,,,7957623430,7957623430,2.07133E+11,1754634101,197
1077,3707,B,C13196 (Immigration),2026-06-05T00:00:00.000Z,2026-07-27T00:00:00.000Z,7957410832,7957410832,1.09327E+11,915049708,200
1078,3362,B,C13185 (Immigration),2026-06-05T00:00:00.000Z,2026-07-27T00:00:00.000Z,7956535783,7951740471,1.43153E+11,1563615578,172
1079,3915,B,,,,7954716946,7932812444,67949155900,488706126,223
1080,3363,B,C13243 (Battle),2026-07-03T00:00:00.000Z,2026-08-24T00:00:00.000Z,7954472302,7954472302,99076008783,1290423387,161
1081,3337,B,C13187 (Immigration),2026-06-05T00:00:00.000Z,2026-07-27T00:00:00.000Z,7951129342,6794641792,1.43256E+11,1179409728,195
1082,3723,B,C13211 (Battle),2026-07-03T00:00:00.000Z,2026-08-24T00:00:00.000Z,7950796511,7950796511,2.32747E+11,1491185532,162
1083,3753,B,,,,7950443105,7950443105,33113665080,692025186,204
1084,3239,B,,,,7949301676,7942621023,2.55313E+11,1509763785,164
1085,2613,B,C13218 (Battle),2026-07-03T00:00:00.000Z,2026-08-24T00:00:00.000Z,7948583283,7948583283,1.32259E+11,1053632134,158
1086,3693,B,C13248 (Battle),2026-07-03T00:00:00.000Z,2026-08-24T00:00:00.000Z,7946290725,7945138303,73197732548,833228257,191
1087,1806,B,,,,7945421188,7945421188,1.85849E+11,1746642644,159
1088,3546,B,C13194 (Immigration),2026-06-05T00:00:00.000Z,2026-07-27T00:00:00.000Z,7944901581,7944901581,1.5626E+11,1246464537,163
1089,3071,B,C13227 (Battle),2026-07-03T00:00:00.000Z,2026-08-24T00:00:00.000Z,7944190002,7944190002,2.05788E+11,1844756077,202
1090,2978,B,,,,7938751283,7938751283,2.4158E+11,1631157002,195
1091,3077,B,C13195 (Immigration),2026-06-05T00:00:00.000Z,2026-07-27T00:00:00.000Z,7938697629,7938697629,97681143101,1302110012,170
1092,1455,B,C13221 (Battle),2026-07-03T00:00:00.000Z,2026-08-24T00:00:00.000Z,7935383785,6669374221,65798086678,937036568,147
1093,3401,B,C13214 (Battle),2026-07-03T00:00:00.000Z,2026-08-24T00:00:00.000Z,7934960000,7920152164,4.14796E+11,1982532089,193
1094,2730,B,C13227 (Battle),2026-07-03T00:00:00.000Z,2026-08-24T00:00:00.000Z,7934902596,7934902596,4.26451E+11,2253756121,186
1095,2718,B,,,,7932719518,7932719518,1.26843E+11,1349067374,194
1096,3249,B,,,,7931880163,7931880163,2.67969E+11,1478944363,166
1097,2697,B,,,,7929059714,7929059714,1.54312E+11,1457699593,163
1098,3843,B,,,,7926286242,7926286242,73074912684,647171351,190
1099,2687,B,,,,7923915787,7923915787,3.28218E+11,2025070829,178
1100,1990,B,C13185 (Immigration),2026-06-05T00:00:00.000Z,2026-07-27T00:00:00.000Z,7923275054,7923275054,3.35039E+11,2431214308,193
1101,3112,B,,,,7922581189,7905691948,2.30203E+11,1447223795,184
1102,2000,B,,,,7915443979,7909568216,1.70132E+11,1705835993,160
1103,2737,B,C13237 (Battle),2026-07-03T00:00:00.000Z,2026-08-24T00:00:00.000Z,7914612702,7913211432,3.65142E+11,1891856553,196
1104,1921,B,C13210 (Battle),2026-07-03T00:00:00.000Z,2026-08-24T00:00:00.000Z,7908321819,7901038727,3.26061E+11,1660326906,262
1105,3892,B,C13207 (Battle),2026-06-11T00:00:00.000Z,2026-08-08T00:00:00.000Z,7905450829,7905450829,37028811014,398345003,236
1106,1211,B,C13216 (Battle),2026-07-03T00:00:00.000Z,2026-08-24T00:00:00.000Z,7902989832,5705793995,2.36767E+11,1622931821,121
1107,3784,B,C13195 (Immigration),2026-06-05T00:00:00.000Z,2026-07-27T00:00:00.000Z,7898434548,7898434548,44678817451,681532379,208
1108,3154,B,C13227 (Battle),2026-07-03T00:00:00.000Z,2026-08-24T00:00:00.000Z,7897979520,7897979520,2.97585E+11,1740177011,207
1109,3198,B,,,,7892109658,7892109658,87543629552,1459255138,168
1110,2476,B,C13216 (Battle),2026-07-03T00:00:00.000Z,2026-08-24T00:00:00.000Z,7891854541,7891854541,63757701076,1106357188,158
1111,1364,B,C13215 (Battle),2026-07-03T00:00:00.000Z,2026-08-24T00:00:00.000Z,7885683184,5844113872,2.00739E+11,1302946477,154
1112,1527,B,C13248 (Battle),2026-07-03T00:00:00.000Z,2026-08-24T00:00:00.000Z,7883553239,6407753025,93999989508,1106832415,136
1113,1459,B,,,,7861155234,7845548483,1.91272E+11,1705751763,138
1114,2736,B,,,,7860446805,7860446805,1.03394E+11,1367743594,145
1115,3774,B,C13194 (Immigration),2026-06-05T00:00:00.000Z,2026-07-27T00:00:00.000Z,7857040375,7857040375,1.08283E+11,684140791,230
1116,3458,B,C13215 (Battle),2026-07-03T00:00:00.000Z,2026-08-24T00:00:00.000Z,7856463005,6369766626,1.59031E+11,1264784756,133
1117,2837,B,C13234 (Battle),2026-07-03T00:00:00.000Z,2026-08-24T00:00:00.000Z,7856438695,7856438695,1.11169E+11,1495539582,139
1118,1434,B,,,,7855736415,7855736415,1.2615E+11,1480705786,149
1119,1719,B,C13182 (Immigration),2026-06-05T00:00:00.000Z,2026-07-27T00:00:00.000Z,7853155506,7852382590,5.84866E+11,2266763605,193
1120,2258,B,,,,7849147559,7849147559,73314834917,1406695541,161
1121,1739,B,C13243 (Battle),2026-07-03T00:00:00.000Z,2026-08-24T00:00:00.000Z,7846351987,7099192535,1.52039E+11,1429721692,134
1122,2186,B,C13189 (Immigration),2026-06-05T00:00:00.000Z,2026-07-27T00:00:00.000Z,7841733921,7817594670,84713216504,1243677627,141
1123,3218,B,,,,7840901295,7840901295,2.41756E+11,1550851473,189
1124,2696,B,,,,7839101135,7839101135,1.76403E+11,1353556948,194
1125,3183,B,,,,7837046661,7837046661,1.40318E+11,1469597510,189
1126,1700,B,,,,7836608511,5946069855,76342233110,1078504146,143
1127,3549,B,,,,7835965928,7825488680,3.04149E+11,1708885204,147
1128,3870,B,C13206 (Battle),2026-06-11T00:00:00.000Z,2026-08-08T00:00:00.000Z,7835834681,7835834681,61388826284,523889248,220
1129,2202,B,,,,7832402186,7829380835,97898055401,1175642468,117
1130,2795,B,,,,7830734609,7830734609,1.75337E+11,1325444904,189
1131,2859,B,,,,7823700073,7821672530,1.93569E+11,1560558039,190
1132,2486,B,,,,7821018127,7821018127,1.27987E+11,1259318953,144
1133,3440,B,C13219 (Battle),2026-07-03T00:00:00.000Z,2026-08-24T00:00:00.000Z,7819631895,7819631895,1.36012E+11,1045570730,180
1134,2069,B,,,,7819108035,7818504810,1.38957E+11,1328937602,159
1135,3048,B,C13202 (Immigration),2026-06-05T00:00:00.000Z,2026-07-27T00:00:00.000Z,7818051484,5863879440,2.11879E+11,1303802010,161
1136,2562,B,C13220 (Battle),2026-07-03T00:00:00.000Z,2026-08-24T00:00:00.000Z,7813946167,3200705699,91566930022,546887293,151
1137,3301,B,,,,7812788471,7812788471,1.77447E+11,1300720473,171
1138,3475,B,C13194 (Immigration),2026-06-05T00:00:00.000Z,2026-07-27T00:00:00.000Z,7812500193,7812500193,2.05374E+11,1549587284,198
1139,1180,B,C13242 (Battle),2026-07-03T00:00:00.000Z,2026-08-24T00:00:00.000Z,7807822638,7807822638,47145044075,1048035805,160
1140,3091,B,C13196 (Immigration),2026-06-05T00:00:00.000Z,2026-07-27T00:00:00.000Z,7804788004,6360622823,1.52074E+11,1202398317,134
1141,2079,B,,,,7803620672,7794287432,3.28341E+11,2079814586,155
1142,2602,B,C13186 (Immigration),2026-06-05T00:00:00.000Z,2026-07-27T00:00:00.000Z,7800557863,5204994887,1.67564E+11,1132893667,159
1143,2788,B,,,,7798832037,7798832037,96259352303,1199146532,149
1144,2659,B,C13240 (Battle),2026-07-03T00:00:00.000Z,2026-08-24T00:00:00.000Z,7797311154,6452614427,1.5475E+11,1295320685,168
1145,3097,B,C13197 (Immigration),2026-06-05T00:00:00.000Z,2026-07-27T00:00:00.000Z,7795285120,7773664374,1.70716E+11,1090730886,184
1146,1652,B,C13189 (Immigration),2026-06-05T00:00:00.000Z,2026-07-27T00:00:00.000Z,7794698125,7794698125,81504224295,1290551648,161
1147,2676,B,C13196 (Immigration),2026-06-05T00:00:00.000Z,2026-07-27T00:00:00.000Z,7792791070,5426194716,1.74483E+11,1252758499,131
1148,2829,B,C13228 (Battle),2026-07-03T00:00:00.000Z,2026-08-24T00:00:00.000Z,7789690771,7789690771,2.69964E+11,1630368974,155
1149,2909,B,C13199 (Immigration),2026-06-05T00:00:00.000Z,2026-07-27T00:00:00.000Z,7787730970,7787730970,2.4555E+11,1711267512,192
1150,1074,B,C13190 (Immigration),2026-06-05T00:00:00.000Z,2026-07-27T00:00:00.000Z,7784906017,7781024291,48586512238,1114079587,134
1151,1214,B,,,,7784742712,7766149686,2.81429E+11,1713753833,156
1152,1288,B,C13224 (Battle),2026-07-03T00:00:00.000Z,2026-08-24T00:00:00.000Z,7783303702,7783303702,92208816290,1602155282,148
1153,2331,B,,,,7780854710,7780854710,61649615320,1367881854,144
1154,3358,B,,,,7780783133,7780783133,72654887203,1080860609,166
1155,3664,B,,,,7777035019,7777035019,1.40232E+11,972427654,172
1156,3391,B,,,,7774762039,7774762039,68194360356,1060043415,153
1157,3792,B,,,,7771746567,7771746567,67901189961,719916470,243
1158,3297,B,C13243 (Battle),2026-07-03T00:00:00.000Z,2026-08-24T00:00:00.000Z,7771479257,6528406973,95713667199,1071454374,147
1159,3551,B,C13194 (Immigration),2026-06-05T00:00:00.000Z,2026-07-27T00:00:00.000Z,7767859479,7767859479,2.18377E+11,1618562627,186
1160,1535,B,C13220 (Battle),2026-07-03T00:00:00.000Z,2026-08-24T00:00:00.000Z,7765824103,6794993072,1.36162E+11,1493990683,128
1161,2251,B,,,,7764404229,7764404229,91379764407,1247893251,147
1162,2670,B,C13214 (Battle),2026-07-03T00:00:00.000Z,2026-08-24T00:00:00.000Z,7761942973,7761730998,2.0262E+11,1589540756,229
1163,1952,B,,,,7761599584,6613992021,67921318462,1108820665,156
1164,1841,B,C13218 (Battle),2026-07-03T00:00:00.000Z,2026-08-24T00:00:00.000Z,7760197783,3360560283,1.67649E+11,494560938,144
1165,2832,B,C13234 (Battle),2026-07-03T00:00:00.000Z,2026-08-24T00:00:00.000Z,7753942746,7753942746,1.93212E+11,1443127407,199
1166,2892,B,C13229 (Battle),2026-07-03T00:00:00.000Z,2026-08-24T00:00:00.000Z,7750313978,7750313978,1.11577E+11,1367865263,178
1167,2452,B,,,,7746518901,7746518901,1.08281E+11,1350887924,188
1168,3426,B,C13205 (Immigration),2026-06-05T00:00:00.000Z,2026-07-27T00:00:00.000Z,7745171503,5038282307,1.5749E+11,911285442,101
1169,1295,B,,,,7745164565,7745164565,74663948865,1089650159,167
1170,3144,B,C13197 (Immigration),2026-06-05T00:00:00.000Z,2026-07-27T00:00:00.000Z,7744150441,7744150441,1.05235E+11,1397949722,176
1171,1038,B,C13230 (Battle),2026-07-03T00:00:00.000Z,2026-08-24T00:00:00.000Z,7742109423,7742109423,73788497210,1218716841,139
1172,3817,B,C13215 (Battle),2026-07-03T00:00:00.000Z,2026-08-24T00:00:00.000Z,7741497927,605956753,1.1328E+11,81902036,172
1173,3088,B,,,,7735106741,7735106741,2.9567E+11,1677760764,176
1174,3477,B,,,,7731120270,7731120270,1.36631E+11,1435737185,196
1175,3782,B,C13182 (Immigration),2026-06-05T00:00:00.000Z,2026-07-27T00:00:00.000Z,7730544962,7730159230,3.1497E+11,1374151453,151
1176,1291,B,C13228 (Battle),2026-07-03T00:00:00.000Z,2026-08-24T00:00:00.000Z,7730291972,6439895802,1.35506E+11,1450400377,146
1177,3266,B,,,,7725671345,7725671345,1.00891E+11,1272979904,157
1178,1523,B,C13196 (Immigration),2026-06-05T00:00:00.000Z,2026-07-27T00:00:00.000Z,7724743651,6541922029,1.82797E+11,1442373000,201
1179,2896,B,,,,7720852533,7720852533,2.41223E+11,1750716301,144
1180,3192,B,,,,7715557330,7715557330,1.45896E+11,1299357848,180
1181,3399,B,,,,7706224733,7692619323,2.76223E+11,1808125755,157
1182,3706,B,,,,7704175070,7704175070,1.13688E+11,969003337,218
1183,2802,B,,,,7703345257,7681482543,1.74694E+11,1284177287,185
1184,3787,B,,,,7699569931,7697948825,1.9603E+11,1205318011,252
1185,1838,B,C13222 (Battle),2026-07-03T00:00:00.000Z,2026-08-24T00:00:00.000Z,7699527418,4594501640,67430176390,740350696,129
1186,2231,B,,,,7696225943,7693205851,75725513467,1073674052,128
1187,2923,B,C13195 (Immigration),2026-06-05T00:00:00.000Z,2026-07-27T00:00:00.000Z,7696093279,7696093279,2.13512E+11,1372074711,208
1188,1219,B,C13190 (Immigration),2026-06-05T00:00:00.000Z,2026-07-27T00:00:00.000Z,7692239107,7692239107,97126451275,1421434930,124
1189,3121,B,C13235 (Battle),2026-07-03T00:00:00.000Z,2026-08-24T00:00:00.000Z,7691916573,7691469103,1.73682E+11,1158688442,233
1190,2363,B,,,,7689465324,7660648424,1.68028E+11,1677793464,175
1191,2891,B,C13229 (Battle),2026-07-03T00:00:00.000Z,2026-08-24T00:00:00.000Z,7687462915,7687462915,1.65993E+11,1325551101,210
1192,2598,B,C13188 (Immigration),2026-06-05T00:00:00.000Z,2026-07-27T00:00:00.000Z,7683304435,7683304435,73695449922,1146605870,219
1193,1926,B,,,,7682998979,7668180087,2.20859E+11,1744174324,184
1194,2518,B,,,,7682724769,7682724769,87629312552,1532467778,160
1195,3186,B,,,,7679772218,7679772218,68399165091,1165624301,162
1196,3812,B,C13210 (Battle),2026-07-03T00:00:00.000Z,2026-08-24T00:00:00.000Z,7675181646,7675181646,1.39151E+11,910246869,198
1197,1734,B,,,,7674018646,7671775483,2.2985E+11,1652053449,173
1198,1874,B,C13230 (Battle),2026-07-03T00:00:00.000Z,2026-08-24T00:00:00.000Z,7670690488,7670690488,1.36175E+11,1637323014,165
1199,3775,B,C13195 (Immigration),2026-06-05T00:00:00.000Z,2026-07-27T00:00:00.000Z,7669762614,7669762614,85340368705,815858537,191
1200,3544,B,,,,7667140008,7667140008,1.46327E+11,1185656470,208
1201,1581,B,C13216 (Battle),2026-07-03T00:00:00.000Z,2026-08-24T00:00:00.000Z,7666952522,7666952522,1.04506E+11,1533829283,138
1202,2536,B,,,,7664767514,7658907642,1.5935E+11,1596200159,161
1203,3874,B,C13206 (Battle),2026-06-11T00:00:00.000Z,2026-08-08T00:00:00.000Z,7662304074,7662304074,60163111836,513488289,194
1204,2433,B,C13204 (Immigration),2026-06-05T00:00:00.000Z,2026-07-27T00:00:00.000Z,7659697833,7271875985,1.29286E+11,1470891124,157
1205,3720,B,C13195 (Immigration),2026-06-05T00:00:00.000Z,2026-07-27T00:00:00.000Z,7656871260,7656871260,90364110104,966915309,214
1206,1703,B,,,,7653171028,7653171028,4.05432E+11,1917862719,163
1207,2458,B,C13216 (Battle),2026-07-03T00:00:00.000Z,2026-08-24T00:00:00.000Z,7649980533,4005478067,1.73315E+11,792630839,142
1208,1539,B,,,,7642360190,7628943843,2.89011E+11,1823685984,170
1209,2971,B,,,,7636846691,7635435139,1.59226E+11,1303135226,189
1210,1866,B,,,,7627398074,7627398074,1.14413E+11,1483652125,133
1211,2927,B,,,,7624567385,7624567385,2.76531E+11,1894374788,141
1212,3327,B,C13194 (Immigration),2026-06-05T00:00:00.000Z,2026-07-27T00:00:00.000Z,7622788098,7622494696,1.30003E+11,1100763597,154
1213,3897,B,,,,7619474419,7619474419,74515659738,454686545,205
1214,3447,B,C13188 (Immigration),2026-06-05T00:00:00.000Z,2026-07-27T00:00:00.000Z,7617684045,7614841868,1.19146E+11,1406181671,184
1215,2392,B,C13220 (Battle),2026-07-03T00:00:00.000Z,2026-08-24T00:00:00.000Z,7615483048,6029329403,90808557612,1202116061,155
1216,3034,B,C13189 (Immigration),2026-06-05T00:00:00.000Z,2026-07-27T00:00:00.000Z,7615228772,7615228772,1.09194E+11,1147894454,194
1217,2030,B,,,,7613686406,7613686406,1.42742E+11,1368035717,180
1218,2043,B,C13198 (Immigration),2026-06-05T00:00:00.000Z,2026-07-27T00:00:00.000Z,7604334553,4932904805,45071773912,841289496,152
1219,3488,B,C13211 (Battle),2026-07-03T00:00:00.000Z,2026-08-24T00:00:00.000Z,7603585366,7603585366,2.03955E+11,1190442005,171
1220,1252,B,C13219 (Battle),2026-07-03T00:00:00.000Z,2026-08-24T00:00:00.000Z,7602723583,7602723583,97967258100,1628093939,145
1221,3100,B,C13194 (Immigration),2026-06-05T00:00:00.000Z,2026-07-27T00:00:00.000Z,7602273107,7599863540,2.47801E+11,1857475379,212
1222,3691,B,,,,7601272186,7598325692,99951553328,885698359,148
1223,2211,B,C13200 (Immigration),2026-06-05T00:00:00.000Z,2026-07-27T00:00:00.000Z,7598001439,7598001439,2.35944E+11,1928305006,144
1224,2966,B,C13212 (Battle),2026-07-03T00:00:00.000Z,2026-08-24T00:00:00.000Z,7596097622,7592461595,2.21973E+11,1497836632,134
1225,1794,B,C13188 (Immigration),2026-06-05T00:00:00.000Z,2026-07-27T00:00:00.000Z,7595319859,6864969959,1.51829E+11,1448186044,130
1226,3429,B,C13213 (Battle),2026-07-03T00:00:00.000Z,2026-08-24T00:00:00.000Z,7593740325,7593740325,2.86655E+11,1785814394,156
1227,1173,B,,,,7593070049,7190538672,68878078929,1248042600,130
1228,3351,B,,,,7592596382,5827110410,1.36332E+11,974770418,180
1229,1485,B,C13219 (Battle),2026-07-03T00:00:00.000Z,2026-08-24T00:00:00.000Z,7590347246,7590347246,80059609649,1314325093,158
1230,3919,B,,,,7589541037,7589541037,44130947100,411989560,242
1231,2423,B,,,,7589193190,7589193190,1.41328E+11,1411341561,150
1232,2708,B,C13220 (Battle),2026-07-03T00:00:00.000Z,2026-08-24T00:00:00.000Z,7583408402,5758836471,1.36807E+11,1185403666,151
1233,2987,B,C13211 (Battle),2026-07-03T00:00:00.000Z,2026-08-24T00:00:00.000Z,7582343321,7581966073,2.10935E+11,1571396758,135
1234,2182,B,C13219 (Battle),2026-07-03T00:00:00.000Z,2026-08-24T00:00:00.000Z,7582158171,7582158171,1.01975E+11,1596676978,137
1235,3709,B,C13211 (Battle),2026-07-03T00:00:00.000Z,2026-08-24T00:00:00.000Z,7578656590,7577170315,3.38456E+11,1541477533,173
1236,3618,B,C13237 (Battle),2026-07-03T00:00:00.000Z,2026-08-24T00:00:00.000Z,7575940365,7575940365,1.05825E+11,1021636666,146
1237,2801,B,C13217 (Battle),2026-07-03T00:00:00.000Z,2026-08-24T00:00:00.000Z,7575074662,7572945422,1.11281E+11,1241527479,141
1238,1602,B,,,,7574983594,7574983594,1.05953E+11,1280919234,163
1239,3416,B,,,,7572218298,7572218298,1.05389E+11,1130632836,152
1240,3602,B,C13229 (Battle),2026-07-03T00:00:00.000Z,2026-08-24T00:00:00.000Z,7569236418,7569236418,48544665706,770812667,176
1241,2328,B,C13194 (Immigration),2026-06-05T00:00:00.000Z,2026-07-27T00:00:00.000Z,7569223809,7569223809,2.2031E+11,1701818445,194
1242,3601,B,,,,7569210284,7569210284,1.26072E+11,1107254796,169
1243,1253,B,C13245 (Battle),2026-07-03T00:00:00.000Z,2026-08-24T00:00:00.000Z,7559749309,7559749309,1.33462E+11,1531537374,163
1244,2081,B,C13193 (Immigration),2026-06-05T00:00:00.000Z,2026-07-27T00:00:00.000Z,7559356697,7559356697,5.64437E+11,2802456355,173
1245,1999,B,,,,7553473817,7553473817,1.64781E+11,1504467623,238
1246,3404,B,,,,7553123448,7552481609,2.85354E+11,1600380136,205
1247,3722,B,C13203 (Immigration),2026-06-05T00:00:00.000Z,2026-07-27T00:00:00.000Z,7550499266,7550499266,79569851010,810587160,168
1248,3620,B,,,,7547142436,7547142436,1.04576E+11,1215705932,172
1249,1621,B,,,,7539191176,7537217983,1.36727E+11,1356520691,133
1250,2847,B,,,,7534910553,7531240631,2.08855E+11,1430186572,162
1251,1570,B,C13215 (Battle),2026-07-03T00:00:00.000Z,2026-08-24T00:00:00.000Z,7534123605,6244782904,2.81075E+11,1506090519,124
1252,3258,B,C13196 (Immigration),2026-06-05T00:00:00.000Z,2026-07-27T00:00:00.000Z,7533058133,6460098388,1.93366E+11,1075198488,212
1253,3910,B,,,,7527039904,7527039904,60896845972,437569759,201
1254,2596,B,,,,7525363793,7525363793,1.63197E+11,1463708528,178
1255,2828,B,,,,7524252353,7487264749,1.7095E+11,1254432813,151
1256,3284,B,C13183 (Immigration),2026-06-05T00:00:00.000Z,2026-07-27T00:00:00.000Z,7523556604,7502188974,3.15005E+11,1501035933,172
1257,3603,B,C13185 (Immigration),2026-06-05T00:00:00.000Z,2026-07-27T00:00:00.000Z,7519833682,7519833682,1.02222E+11,1076924875,186
1258,3532,B,C13195 (Immigration),2026-06-05T00:00:00.000Z,2026-07-27T00:00:00.000Z,7518905274,7518905274,1.72807E+11,1441709364,177
1259,1369,B,C13239 (Battle),2026-07-03T00:00:00.000Z,2026-08-24T00:00:00.000Z,7512506556,7512506556,1.61108E+11,1437444537,138
1260,3635,B,C13224 (Battle),2026-07-03T00:00:00.000Z,2026-08-24T00:00:00.000Z,7506890520,6021935238,28238352403,619889857,162
1261,3760,B,,,,7503214758,7503214758,1.5252E+11,1114752915,194
1262,3222,B,C13195 (Immigration),2026-06-05T00:00:00.000Z,2026-07-27T00:00:00.000Z,7497832867,7497832867,1.92868E+11,1355418129,194
1263,1940,B,C13221 (Battle),2026-07-03T00:00:00.000Z,2026-08-24T00:00:00.000Z,7494783010,5993799280,99639829309,1308186135,151
1264,2172,B,,,,7489350297,7489350297,1.46937E+11,1512372144,203
1265,3732,B,,,,7489141246,7469708587,1.19668E+11,1064311970,172
1266,1995,B,,,,7488404761,7488404761,1.85997E+11,1607494927,125
1267,2661,B,,,,7486921487,7486921487,1.71238E+11,1571136271,155
1268,3694,B,,,,7485101519,7485101519,3.05609E+11,1695683967,166
1269,1008,B,C13245 (Battle),2026-07-03T00:00:00.000Z,2026-08-24T00:00:00.000Z,7484783863,7482808138,1.17373E+11,1560994658,150
1270,2374,B,,,,7479203887,7479203887,1.49847E+11,1243496943,183
1271,3267,B,C13186 (Immigration),2026-06-05T00:00:00.000Z,2026-07-27T00:00:00.000Z,7478821119,7478821119,1.72018E+11,1320082299,166
1272,1620,B,C13187 (Immigration),2026-06-05T00:00:00.000Z,2026-07-27T00:00:00.000Z,7476423243,6268191469,1.90068E+11,1424033816,143
1273,3573,B,C13222 (Battle),2026-07-03T00:00:00.000Z,2026-08-24T00:00:00.000Z,7475305166,5029750706,49751760389,660300944,158
1274,2012,B,C13210 (Battle),2026-07-03T00:00:00.000Z,2026-08-24T00:00:00.000Z,7474547200,7473668405,2.09613E+11,1410163635,220
1275,3730,B,C13215 (Battle),2026-07-03T00:00:00.000Z,2026-08-24T00:00:00.000Z,7474543448,5587271737,95739230405,678491669,201
1276,2994,B,,,,7474397133,7474397133,1.65165E+11,1280931477,137
1277,3032,B,,,,7472480996,7472480996,47284027873,1083918190,157
1278,2665,B,,,,7469735019,7469735019,2.05774E+11,1645582920,135
1279,2818,B,C13194 (Immigration),2026-06-05T00:00:00.000Z,2026-07-27T00:00:00.000Z,7460387321,7447498462,3.34576E+11,1696635248,168
1280,2049,B,C13248 (Battle),2026-07-03T00:00:00.000Z,2026-08-24T00:00:00.000Z,7458129041,7458129041,92095201354,1428543600,162
1281,1154,B,,,,7457594724,7457594724,1.91799E+11,1662040122,145
1282,2606,B,,,,7456919667,7456919667,1.39984E+11,1498305452,166
1283,1978,B,,,,7456115736,7456115736,2.68301E+11,1865281707,139
1284,1446,B,C13189 (Immigration),2026-06-05T00:00:00.000Z,2026-07-27T00:00:00.000Z,7456056880,7456056880,1.24846E+11,1460864648,173
1285,3692,B,,,,7455876743,7455876743,1.57157E+11,1009337922,201
1286,3858,B,,,,7452243252,7452243252,83518144942,722029784,190
1287,1502,B,,,,7448387477,7442252820,2.28196E+11,1775871273,146
1288,1139,B,,,,7446766660,7446766660,1.51112E+11,1568180556,125
1289,2545,B,,,,7444260469,7444260469,3.35175E+11,1866943694,136
1290,3586,B,C13226 (Battle),2026-07-03T00:00:00.000Z,2026-08-24T00:00:00.000Z,7444185342,7432990868,3.33872E+11,1678486353,179
1291,2123,B,,,,7432533744,7420693369,3.36814E+11,1621576521,182
1292,3205,B,,,,7431361639,7430942151,84684074543,1346794029,154
1293,3605,B,,,,7431351808,7431351808,2.03796E+11,1410615285,203
1294,1724,B,,,,7430062091,7430062091,64777661429,1098685164,133
1295,2307,B,,,,7429954796,7429954796,1.40155E+11,1243053507,124
1296,2532,B,C13229 (Battle),2026-07-03T00:00:00.000Z,2026-08-24T00:00:00.000Z,7427524306,7427524306,1.54197E+11,1542229913,172
1297,3682,B,C13227 (Battle),2026-07-03T00:00:00.000Z,2026-08-24T00:00:00.000Z,7425980733,7424370244,2.40821E+11,1186470668,205
1298,1811,B,C13188 (Immigration),2026-06-05T00:00:00.000Z,2026-07-27T00:00:00.000Z,7425500242,6865363303,1.03598E+11,1332143851,121
1299,2842,B,C13237 (Battle),2026-07-03T00:00:00.000Z,2026-08-24T00:00:00.000Z,7417974740,7417974740,1.42035E+11,1314810858,152
1300,1498,B,,,,7417920367,7417920367,1.94486E+11,1667064233,129
1301,2808,B,C13215 (Battle),2026-07-03T00:00:00.000Z,2026-08-24T00:00:00.000Z,7416924053,7416924053,2.2414E+11,1535287887,175
1302,3901,B,,,,7416491116,7416491116,56025014027,391762315,179
1303,2099,B,,,,7415537713,7407641324,74854559902,1098712460,122
1304,2688,B,C13196 (Immigration),2026-06-05T00:00:00.000Z,2026-07-27T00:00:00.000Z,7412922483,7412922483,1.26203E+11,1263195161,180
1305,1663,B,C13185 (Immigration),2026-06-05T00:00:00.000Z,2026-07-27T00:00:00.000Z,7411519612,7411519612,2.73835E+11,1686344101,156
1306,3780,B,C13182 (Immigration),2026-06-05T00:00:00.000Z,2026-07-27T00:00:00.000Z,7408618921,7408618921,1.21134E+11,1078692618,187
1307,2303,B,C13228 (Battle),2026-07-03T00:00:00.000Z,2026-08-24T00:00:00.000Z,7405065268,627911786,1.20538E+11,103443037,106
1308,2794,B,,,,7403846802,7403846802,1.41453E+11,1272766892,149
1309,2963,B,C13204 (Immigration),2026-06-05T00:00:00.000Z,2026-07-27T00:00:00.000Z,7403390784,7403390784,1.63777E+11,1673733298,197
1310,1238,B,C13235 (Battle),2026-07-03T00:00:00.000Z,2026-08-24T00:00:00.000Z,7395902337,7395898306,2.25113E+11,1390794301,142
1311,3113,B,,,,7394396085,7391435154,2.17563E+11,1346827601,146
1312,3427,B,C13214 (Battle),2026-07-03T00:00:00.000Z,2026-08-24T00:00:00.000Z,7392128913,7392128913,2.388E+11,1395716442,153
1313,3019,B,C13211 (Battle),2026-07-03T00:00:00.000Z,2026-08-24T00:00:00.000Z,7380812748,7375252879,2.99984E+11,1842752510,158
1314,3713,B,C13193 (Immigration),2026-06-05T00:00:00.000Z,2026-07-27T00:00:00.000Z,7378683530,7378683530,1.72868E+11,1295273506,167
1315,1823,B,C13217 (Battle),2026-07-03T00:00:00.000Z,2026-08-24T00:00:00.000Z,7378282984,7378282984,1.79433E+11,1684670539,139
1316,2824,B,,,,7374221310,7374221310,1.39294E+11,1460902826,162
1317,3072,B,C13188 (Immigration),2026-06-05T00:00:00.000Z,2026-07-27T00:00:00.000Z,7371691283,6213104731,73713060469,1061018442,134
1318,2541,B,C13185 (Immigration),2026-06-05T00:00:00.000Z,2026-07-27T00:00:00.000Z,7370135265,7370135265,1.16441E+11,1472758089,126
1319,1812,B,,,,7370040892,7356810693,1.41646E+11,1382683830,136
1320,1695,B,C13214 (Battle),2026-07-03T00:00:00.000Z,2026-08-24T00:00:00.000Z,7369133415,7365060197,1.56198E+11,1239015151,177
1321,3666,B,,,,7363438998,7363438998,67681330917,916627056,180
1322,3495,B,C13194 (Immigration),2026-06-05T00:00:00.000Z,2026-07-27T00:00:00.000Z,7362427517,7362427517,1.41379E+11,1162168076,186
1323,1627,B,C13240 (Battle),2026-07-03T00:00:00.000Z,2026-08-24T00:00:00.000Z,7356832152,6860511445,1.13379E+11,1387133440,160
1324,1181,B,C13232 (Battle),2026-07-03T00:00:00.000Z,2026-08-24T00:00:00.000Z,7355554697,7355554697,2.33253E+11,1732489134,185
1325,2434,B,C13195 (Immigration),2026-06-05T00:00:00.000Z,2026-07-27T00:00:00.000Z,7352576099,7348199003,1.57163E+11,1415405549,134
1326,1467,B,,,,7351355967,6861111568,2.41054E+11,1809961830,124
1327,3606,B,,,,7348287197,7348287197,2.59811E+11,1229213953,206
1328,1721,B,,,,7347975356,7306882824,3.2334E+11,1877248296,121
1329,2555,B,,,,7347390634,7347390634,1.85176E+11,1459995256,143
1330,2528,B,C13186 (Immigration),2026-06-05T00:00:00.000Z,2026-07-27T00:00:00.000Z,7345117625,7344065410,2.04772E+11,1449416978,154
1331,3621,B,,,,7342538712,7339597583,2.17297E+11,1420575961,163
1332,3900,B,,,,7339832291,7339832291,1.09262E+11,483113332,170
1333,3227,B,,,,7337878633,7336542172,2.30271E+11,1597705422,175
1334,3170,B,,,,7334117683,7330418634,1.28746E+11,1461142741,169
1335,3794,B,C13183 (Immigration),2026-06-05T00:00:00.000Z,2026-07-27T00:00:00.000Z,7331470830,7331470830,99413663503,789392193,168
1336,2732,B,C13198 (Immigration),2026-06-05T00:00:00.000Z,2026-07-27T00:00:00.000Z,7331200149,5893393999,73059351249,998717899,137
1337,1834,B,,,,7330413324,7330413324,1.2473E+11,1723329960,141
1338,1524,B,,,,7326665460,7320959013,2.10504E+11,1617794241,118
1339,1308,B,,,,7321183834,7305265968,94653698970,1122449123,108
1340,2285,B,,,,7319908704,7319908704,88722914031,1159906606,155
1341,2098,B,C13197 (Immigration),2026-06-05T00:00:00.000Z,2026-07-27T00:00:00.000Z,7317529812,7303064213,2.52566E+11,1801169173,165
1342,1635,B,,,,7316406908,7316281521,1.46033E+11,1676144743,127
1343,3708,B,,,,7314338473,7314338473,84480676772,863672842,148
1344,3541,B,C13216 (Battle),2026-07-03T00:00:00.000Z,2026-08-24T00:00:00.000Z,7313152173,7313152173,1.31055E+11,1096246323,176
1345,1944,B,,,,7311803224,7296692876,2.3862E+11,1757737137,109
1346,2884,B,C13190 (Immigration),2026-06-05T00:00:00.000Z,2026-07-27T00:00:00.000Z,7306431806,5662185640,66728035484,991906919,151
1347,1098,B,,,,7304104563,7304104563,1.4262E+11,1886172176,121
1348,3163,B,,,,7303629649,7303629649,80362461307,1264158320,159
1349,3471,B,,,,7303574231,7299011338,2.14156E+11,1372376005,154
1350,1223,B,C13198 (Immigration),2026-06-05T00:00:00.000Z,2026-07-27T00:00:00.000Z,7301313322,7287647455,1.12012E+11,1262600744,100
1351,3081,B,C13202 (Immigration),2026-06-05T00:00:00.000Z,2026-07-27T00:00:00.000Z,7293377781,7293377781,1.28996E+11,1266133712,165
1352,1198,B,,,,7293000098,7290733325,1.15497E+11,1211850767,158
1353,3178,B,C13228 (Battle),2026-07-03T00:00:00.000Z,2026-08-24T00:00:00.000Z,7291907793,7291907793,1.64558E+11,1370649991,179
1354,2235,B,C13236 (Battle),2026-07-03T00:00:00.000Z,2026-08-24T00:00:00.000Z,7287846003,7287846003,1.5152E+11,1507327711,150
1355,2210,B,C13219 (Battle),2026-07-03T00:00:00.000Z,2026-08-24T00:00:00.000Z,7287477647,7287477647,87975355177,1392288254,140
1356,2048,B,C13204 (Immigration),2026-06-05T00:00:00.000Z,2026-07-27T00:00:00.000Z,7285750883,7285750883,1.43781E+11,1581310105,167
1357,3800,B,,,,7284111091,7284111091,1.26465E+11,1133869339,189
1358,1728,B,C13221 (Battle),2026-07-03T00:00:00.000Z,2026-08-24T00:00:00.000Z,7278731438,7278731438,91945312307,1240957122,161
1359,1659,B,,,,7268835767,7253822865,2.382E+11,1623939513,143
1360,2302,B,C13186 (Immigration),2026-06-05T00:00:00.000Z,2026-07-27T00:00:00.000Z,7268466977,7267432507,1.18938E+11,1409541981,163
1361,3798,B,,,,7268038555,7268038555,1.2834E+11,853709942,190
1362,1024,B,C13199 (Immigration),2026-06-05T00:00:00.000Z,2026-07-27T00:00:00.000Z,7264446130,7264446130,1.14956E+11,1321108640,130
1363,1701,B,C13186 (Immigration),2026-06-05T00:00:00.000Z,2026-07-27T00:00:00.000Z,7264016840,7264016840,1.49637E+11,1334756946,150
1364,2525,B,,,,7262429687,7260414634,2.15033E+11,1540149396,135
1365,3171,B,C13187 (Immigration),2026-06-05T00:00:00.000Z,2026-07-27T00:00:00.000Z,7260736961,5996920372,1.01596E+11,1160956087,139
1366,3889,B,C13207 (Battle),2026-06-11T00:00:00.000Z,2026-08-08T00:00:00.000Z,7258064848,7258064848,23009289915,374383366,261
1367,2768,B,,,,7253984338,7253984338,3.34736E+11,1836110899,141
1368,1464,B,,,,7251658737,7251658737,1.48122E+11,1456479465,138
1369,3084,B,,,,7250291460,7250291460,1.02727E+11,1234089048,143
1370,2635,B,C13190 (Immigration),2026-06-05T00:00:00.000Z,2026-07-27T00:00:00.000Z,7250007166,3732085876,1.69877E+11,648028616,175
1371,2952,B,C13241 (Battle),2026-07-03T00:00:00.000Z,2026-08-24T00:00:00.000Z,7241907474,7239430658,1.69509E+11,1686114356,139
1372,3515,B,C13185 (Immigration),2026-06-05T00:00:00.000Z,2026-07-27T00:00:00.000Z,7238881033,7238881033,95819544393,1093505185,170
1373,1142,B,,,,7236791544,7236791544,1.48707E+11,1609566136,129
1374,1293,B,C13220 (Battle),2026-07-03T00:00:00.000Z,2026-08-24T00:00:00.000Z,7234542822,6223791963,1.01578E+11,1225351478,123
1375,2869,B,,,,7228531705,7228531705,1.52609E+11,1367157430,161
1376,3646,B,C13222 (Battle),2026-07-03T00:00:00.000Z,2026-08-24T00:00:00.000Z,7224906938,4318154474,57848526656,567950679,156
1377,2245,B,,,,7224325537,5580268523,1.32531E+11,1181459489,147
1378,1575,B,,,,7223351455,7223351455,98175576724,1199171112,141
1379,1860,B,C13221 (Battle),2026-07-03T00:00:00.000Z,2026-08-24T00:00:00.000Z,7221975632,4418362767,1.13693E+11,958707257,145
1380,2591,B,,,,7218489356,7218489356,98053537111,1192610097,175
1381,3751,B,,,,7215382098,7215382098,30129341160,561861814,203
1382,1705,B,C13220 (Battle),2026-07-03T00:00:00.000Z,2026-08-24T00:00:00.000Z,7207900009,7207900009,1.30344E+11,1476171033,128
1383,1980,B,,,,7207359075,7207359075,99936090355,1462721622,146
1384,3527,B,,,,7206729205,7206729205,3.24522E+11,1651542516,142
1385,3302,B,C13214 (Battle),2026-07-03T00:00:00.000Z,2026-08-24T00:00:00.000Z,7205062200,7205062200,1.03479E+11,1149484989,159
1386,2836,B,C13222 (Battle),2026-07-03T00:00:00.000Z,2026-08-24T00:00:00.000Z,7204883597,7204056517,83931398514,1032995334,161
1387,1249,B,,,,7200496051,7200496051,93416176879,1318188753,140
1388,3906,B,,,,7197077950,7197077950,46629611860,465312163,210
1389,2029,B,,,,7196522392,6897685785,2.67792E+11,1450595732,177
1390,3809,B,C13211 (Battle),2026-07-03T00:00:00.000Z,2026-08-24T00:00:00.000Z,7195411216,7195411216,1.04032E+11,805322384,178
1391,2365,B,C13220 (Battle),2026-07-03T00:00:00.000Z,2026-08-24T00:00:00.000Z,7194261658,7194261658,94029473428,1314822699,150
1392,3049,B,C13221 (Battle),2026-07-03T00:00:00.000Z,2026-08-24T00:00:00.000Z,7193488066,7193488066,1.24439E+11,1412765830,162
1393,3250,B,C13185 (Immigration),2026-06-05T00:00:00.000Z,2026-07-27T00:00:00.000Z,7185798060,7185798060,2.34619E+11,1342683702,239
1394,3880,B,C13207 (Battle),2026-06-11T00:00:00.000Z,2026-08-08T00:00:00.000Z,7185759269,7185759269,50697286077,488435943,214
1395,2752,B,C13219 (Battle),2026-07-03T00:00:00.000Z,2026-08-24T00:00:00.000Z,7185241593,7182239968,1.3012E+11,1433445292,199
1396,2520,B,,,,7181230933,7176802729,76304668071,1064228361,149
1397,2993,B,,,,7173243048,7173243048,60799299254,1047598230,189
1398,2404,B,C13189 (Immigration),2026-06-05T00:00:00.000Z,2026-07-27T00:00:00.000Z,7173021704,7157492105,1.28361E+11,1309934868,155
1399,1950,B,C13241 (Battle),2026-07-03T00:00:00.000Z,2026-08-24T00:00:00.000Z,7172603364,7172603364,1.66483E+11,1540734629,151
1400,3631,B,C13215 (Battle),2026-07-03T00:00:00.000Z,2026-08-24T00:00:00.000Z,7171236407,3996548383,83254999877,537279806,138
1401,1025,B,,,,7168591835,7168591835,1.66279E+11,1587125000,148
1402,1510,B,C13190 (Immigration),2026-06-05T00:00:00.000Z,2026-07-27T00:00:00.000Z,7166908272,6342425216,56149013642,945833647,113
1403,1042,B,C13197 (Immigration),2026-06-05T00:00:00.000Z,2026-07-27T00:00:00.000Z,7166547307,7166547307,1.15624E+11,1486038939,136
1404,2361,B,C13186 (Immigration),2026-06-05T00:00:00.000Z,2026-07-27T00:00:00.000Z,7161342979,6291082012,1.3986E+11,1183741928,142
1405,1124,B,C13247 (Battle),2026-07-03T00:00:00.000Z,2026-08-24T00:00:00.000Z,7157144935,7157144935,1.34006E+11,1356618614,167
1406,3653,B,C13198 (Immigration),2026-06-05T00:00:00.000Z,2026-07-27T00:00:00.000Z,7156802320,5437380132,1.30505E+11,909651054,131
1407,1072,B,,,,7155839502,7155839502,1.482E+11,1183824789,139
1408,1765,B,,,,7155687811,7155687811,1.10901E+11,1382393065,144
1409,2368,B,C13218 (Battle),2026-07-03T00:00:00.000Z,2026-08-24T00:00:00.000Z,7155203489,7155203489,96679725834,1363100436,171
1410,1302,B,,,,7152715601,7152715601,2.9826E+11,2056319038,171
1411,3108,B,C13196 (Immigration),2026-06-05T00:00:00.000Z,2026-07-27T00:00:00.000Z,7143105228,7143105228,1.78358E+11,1403523233,198
1412,3234,B,C13194 (Immigration),2026-06-05T00:00:00.000Z,2026-07-27T00:00:00.000Z,7142232715,7142232715,2.21552E+11,1415329506,155
1413,1516,B,C13246 (Battle),2026-07-03T00:00:00.000Z,2026-08-24T00:00:00.000Z,7141671303,7130291130,1.62026E+11,1436665647,143
1414,2283,B,C13204 (Immigration),2026-06-05T00:00:00.000Z,2026-07-27T00:00:00.000Z,7141106456,7133202877,1.92407E+11,1445889603,173
1415,2215,B,,,,7138173720,6344797798,1.4529E+11,1270931724,123
1416,3402,B,,,,7136722936,7136722936,1.29458E+11,1220153706,149
1417,3336,B,C13198 (Immigration),2026-06-05T00:00:00.000Z,2026-07-27T00:00:00.000Z,7136106236,7136106236,75599257680,1003777795,158
1418,1266,B,,,,7134992125,7134992125,2.12764E+11,1891327656,104
1419,3748,B,,,,7133151608,7133151608,26780265023,615021341,187
1420,2028,B,C13242 (Battle),2026-07-03T00:00:00.000Z,2026-08-24T00:00:00.000Z,7132853226,7132853226,92765296872,1320365595,126
1421,3622,B,,,,7129389540,7129389540,1.56329E+11,1210214323,179
1422,1366,B,C13227 (Battle),2026-07-03T00:00:00.000Z,2026-08-24T00:00:00.000Z,7123792949,7123792949,1.70562E+11,1655815240,154
1423,3387,B,,,,7120948753,7120948753,1.07876E+11,1265445149,192
1424,3669,B,,,,7119959304,7119959304,1.21838E+11,903891995,174
1425,2758,B,C13241 (Battle),2026-07-03T00:00:00.000Z,2026-08-24T00:00:00.000Z,7119584047,7119582588,1.26553E+11,1199088343,147
1426,3349,B,C13246 (Battle),2026-07-03T00:00:00.000Z,2026-08-24T00:00:00.000Z,7118270104,6011755528,1.65862E+11,1230805403,129
1427,1054,B,,,,7114297844,7114297844,1.32393E+11,1423502732,133
1428,1018,B,C13230 (Battle),2026-07-03T00:00:00.000Z,2026-08-24T00:00:00.000Z,7109480385,7109480385,81210362126,1213968145,134
1429,2916,B,,,,7099889383,7091282324,1.21231E+11,920772004,145
1430,3654,B,C13230 (Battle),2026-07-03T00:00:00.000Z,2026-08-24T00:00:00.000Z,7095719445,7092618906,54452592049,956683309,195
1431,2051,B,C13244 (Battle),2026-07-03T00:00:00.000Z,2026-08-24T00:00:00.000Z,7093649333,6640636686,1.33979E+11,1408723473,139
1432,1521,B,,,,7093446050,7092891312,68517574495,1018198545,141
1433,2926,B,C13228 (Battle),2026-07-03T00:00:00.000Z,2026-08-24T00:00:00.000Z,7089779234,5771940360,1.03849E+11,1252647073,144
1434,1162,B,C13219 (Battle),2026-07-03T00:00:00.000Z,2026-08-24T00:00:00.000Z,7080208423,7080208423,1.28044E+11,1536567390,146
1435,2523,B,,,,7077494097,7077494097,1.23403E+11,1088561775,157
1436,3152,B,C13244 (Battle),2026-07-03T00:00:00.000Z,2026-08-24T00:00:00.000Z,7075052765,6581088347,43719525684,953884776,128
1437,1898,B,C13217 (Battle),2026-07-03T00:00:00.000Z,2026-08-24T00:00:00.000Z,7073806730,7073806730,1.12301E+11,1196206768,149
1438,1044,B,C13213 (Battle),2026-07-03T00:00:00.000Z,2026-08-24T00:00:00.000Z,7072142947,7071741053,3.87195E+11,2216317771,151
1439,3627,B,,,,7070984351,7070836110,2.26252E+11,1303552998,138
1440,3157,B,,,,7070422052,7070422052,1.06515E+11,1134406222,160
1441,3811,B,C13182 (Immigration),2026-06-05T00:00:00.000Z,2026-07-27T00:00:00.000Z,7063822404,7050266700,1.10087E+11,650415306,134
1442,3492,B,C13214 (Battle),2026-07-03T00:00:00.000Z,2026-08-24T00:00:00.000Z,7062174339,7062174339,69990463762,977296649,159
1443,2087,B,,,,7053877890,7053877890,1.85792E+11,1586777175,125
1444,2444,B,C13215 (Battle),2026-07-03T00:00:00.000Z,2026-08-24T00:00:00.000Z,7051271478,7046282493,95067093058,1145850289,142
1445,3451,B,,,,7049658367,7045129075,3.58915E+11,1602945538,166
1446,3830,B,C13238 (Battle),2026-07-03T00:00:00.000Z,2026-08-24T00:00:00.000Z,7045632952,7045632952,72937432522,592215738,188
1447,1514,B,,,,7044062513,7043145408,3.18906E+11,1870165484,154
1448,3028,B,,,,7042577065,7042577065,1.80556E+11,1328496596,136
1449,2710,B,C13221 (Battle),2026-07-03T00:00:00.000Z,2026-08-24T00:00:00.000Z,7041909393,7041909393,1.68063E+11,1767075117,146
1450,2701,B,C13218 (Battle),2026-07-03T00:00:00.000Z,2026-08-24T00:00:00.000Z,7039451680,5803274497,1.79187E+11,1353873638,108
1451,3360,B,,,,7033881325,7033881325,1.99969E+11,1372111783,135
1452,1589,B,,,,7032516558,7028931419,2.18319E+11,1578872893,154
1453,3018,B,C13187 (Immigration),2026-06-05T00:00:00.000Z,2026-07-27T00:00:00.000Z,7031410713,7031410713,1.22641E+11,1125833819,227
1454,3916,B,,,,7028978660,7028978660,48454965009,409653943,207
1455,2035,B,,,,7023494438,7023494438,1.22411E+11,1499121105,127
1456,3593,B,,,,7020267981,7020267981,52444503702,644271329,166
1457,2521,B,C13244 (Battle),2026-07-03T00:00:00.000Z,2026-08-24T00:00:00.000Z,7014917542,7014917542,89724333584,1098187281,154
1458,3762,B,C13221 (Battle),2026-07-03T00:00:00.000Z,2026-08-24T00:00:00.000Z,7011927081,7011927081,1.29991E+11,982999710,180
1459,1106,B,,,,7011879944,7009243318,1.3929E+11,1321859906,128
1460,2524,B,C13245 (Battle),2026-07-03T00:00:00.000Z,2026-08-24T00:00:00.000Z,7010699588,7010699588,1.21063E+11,1491425616,154
1461,2899,B,C13220 (Battle),2026-07-03T00:00:00.000Z,2026-08-24T00:00:00.000Z,7010302290,7010302290,90571535995,1136256012,196
1462,2822,B,C13184 (Immigration),2026-06-05T00:00:00.000Z,2026-07-27T00:00:00.000Z,7009903087,7009903087,1.53003E+11,1367550189,149
1463,3699,B,,,,7008178780,7008178780,1.22705E+11,637650014,130
1464,1868,B,,,,7003848992,7003848992,64272651700,872407093,143
1465,3138,C,,,,7003802971,7000959749,2.13586E+11,1374159704,147
1466,2056,C,C13221 (Battle),2026-07-03T00:00:00.000Z,2026-08-24T00:00:00.000Z,7002917283,6568676867,82002419231,1222444122,126
1467,3512,C,C13211 (Battle),2026-07-03T00:00:00.000Z,2026-08-24T00:00:00.000Z,7001223234,7001223234,1.70974E+11,1319408465,140
1468,2168,C,C13225 (Battle),2026-07-03T00:00:00.000Z,2026-08-24T00:00:00.000Z,6999239733,6988203164,41440720021,834303743,137
1469,2686,C,,,,6995586670,6995586670,78210533876,1087915586,166
1470,3769,C,C13183 (Immigration),2026-06-05T00:00:00.000Z,2026-07-27T00:00:00.000Z,6995138308,6995138308,1.04715E+11,760207221,163
1471,1327,C,C13218 (Battle),2026-07-03T00:00:00.000Z,2026-08-24T00:00:00.000Z,6987938439,5558278421,1.8594E+11,1212480299,129
1472,1685,C,,,,6986315774,6986315774,1.73771E+11,1469028959,162
1473,1956,C,,,,6985790909,6985790909,65949671989,1372212652,130
1474,2037,C,,,,6980163305,6980163305,91374686851,1087335004,132
1475,1678,C,,,,6972062405,6972062405,1.05605E+11,1281184372,129
1476,2479,C,C13204 (Immigration),2026-06-05T00:00:00.000Z,2026-07-27T00:00:00.000Z,6971017456,929555870,1.32988E+11,152417776,113
1477,2803,C,,,,6970735109,6970535172,1.83083E+11,1233871441,175
1478,2771,C,C13196 (Immigration),2026-06-05T00:00:00.000Z,2026-07-27T00:00:00.000Z,6969170400,5772574611,1.81141E+11,1369989060,113
1479,1156,C,C13219 (Battle),2026-07-03T00:00:00.000Z,2026-08-24T00:00:00.000Z,6969038188,6969038188,78073699670,1175481767,136
1480,2922,C,,,,6968353256,6968353256,52684219666,1155729953,170
1481,2065,C,C13196 (Immigration),2026-06-05T00:00:00.000Z,2026-07-27T00:00:00.000Z,6961472636,6961472636,1.33485E+11,1440937719,135
1482,3394,C,C13220 (Battle),2026-07-03T00:00:00.000Z,2026-08-24T00:00:00.000Z,6961045987,5787087831,1.2339E+11,989979167,138
1483,3207,C,C13218 (Battle),2026-07-03T00:00:00.000Z,2026-08-24T00:00:00.000Z,6959657910,5875169566,1.21518E+11,1091596714,132
1484,2193,C,C13220 (Battle),2026-07-03T00:00:00.000Z,2026-08-24T00:00:00.000Z,6957511376,4477848108,59682642534,705631361,123
1485,3014,C,,,,6956815203,6956815203,83893856296,997736505,128
1486,2386,C,,,,6955043348,6927953708,2.3368E+11,1802268628,143
1487,2727,C,C13196 (Immigration),2026-06-05T00:00:00.000Z,2026-07-27T00:00:00.000Z,6953027092,6953027092,1.59823E+11,1294572989,158
1488,2831,C,C13214 (Battle),2026-07-03T00:00:00.000Z,2026-08-24T00:00:00.000Z,6952934395,6952934395,2.12662E+11,1370073705,144
1489,3333,C,C13247 (Battle),2026-07-03T00:00:00.000Z,2026-08-24T00:00:00.000Z,6944628409,6944628409,1.19423E+11,1169377462,174
1490,3166,C,,,,6939724459,6939724459,2.03076E+11,1268041367,145
1491,2007,C,,,,6938248471,6936356179,3.07858E+11,1849351723,122
1492,1134,C,,,,6936932254,6901579331,1.0393E+11,844596264,147
1493,2778,C,C13216 (Battle),2026-07-03T00:00:00.000Z,2026-08-24T00:00:00.000Z,6935072305,6105204438,1.10065E+11,1164006558,124
1494,2443,C,C13188 (Immigration),2026-06-05T00:00:00.000Z,2026-07-27T00:00:00.000Z,6930048733,6930048733,73907406779,1140292862,125
1495,3745,C,C13233 (Battle),2026-07-03T00:00:00.000Z,2026-08-24T00:00:00.000Z,6929850542,6929850542,84680826307,852009621,174
1496,2702,C,,,,6927579072,6927579072,1.49463E+11,1162598192,176
1497,1848,C,,,,6920528419,6911040570,76299006380,1234146722,163
1498,3474,C,,,,6916389318,6909498999,1.6622E+11,1195056412,138
1499,1305,C,C13232 (Battle),2026-07-03T00:00:00.000Z,2026-08-24T00:00:00.000Z,6914702851,6914046929,1.68435E+11,1435708275,126
1500,1013,C,,,,6913215021,6851635872,80389039923,998462355,103
1501,3011,C,,,,6912961470,6912961470,1.6793E+11,1465427974,138
1502,2271,C,C13198 (Immigration),2026-06-05T00:00:00.000Z,2026-07-27T00:00:00.000Z,6910969145,6910969145,1.02716E+11,1290188974,172
1503,1584,C,,,,6904326477,6904326477,1.36404E+11,1306265241,118
1504,2137,C,,,,6903606158,6903606158,1.16833E+11,1319840664,132
1505,1973,C,C13188 (Immigration),2026-06-05T00:00:00.000Z,2026-07-27T00:00:00.000Z,6902883105,6902883105,93077625568,1211893540,177
1506,1386,C,,,,6901951807,6899986162,2.09557E+11,1439176775,131
1507,2441,C,C13199 (Immigration),2026-06-05T00:00:00.000Z,2026-07-27T00:00:00.000Z,6900094843,6872357092,3.02182E+11,1542876854,186
1508,1010,C,C13242 (Battle),2026-07-03T00:00:00.000Z,2026-08-24T00:00:00.000Z,6897292965,6896142772,1.12892E+11,1526632970,128
1509,3395,C,,,,6896482503,6892564625,1.76364E+11,1198803346,181
1510,2887,C,,,,6894001438,6891484069,3.14088E+11,1538029426,185
1511,1461,C,,,,6889776454,6889776454,1.72552E+11,1490014508,138
1512,2908,C,C13212 (Battle),2026-07-03T00:00:00.000Z,2026-08-24T00:00:00.000Z,6889333055,6889333055,1.58594E+11,1192209597,169
1513,1958,C,,,,6887501899,6887501899,1.93861E+11,1567911883,140
1514,1859,C,,,,6887418128,6887418128,1.04244E+11,1256245752,129
1515,2968,C,C13218 (Battle),2026-07-03T00:00:00.000Z,2026-08-24T00:00:00.000Z,6885925792,5847459262,1.1116E+11,1061762923,127
1516,1257,C,,,,6885090522,6885090522,83987119467,1337458287,116
1517,3868,C,C13206 (Battle),2026-06-11T00:00:00.000Z,2026-08-08T00:00:00.000Z,6880332110,6880332110,33972179218,354407693,191
1518,3665,C,,,,6876750152,6876750152,74282219950,845497869,172
1519,3562,C,C13188 (Immigration),2026-06-05T00:00:00.000Z,2026-07-27T00:00:00.000Z,6875860466,6875860466,1.38864E+11,1212916704,206
1520,2045,C,C13195 (Immigration),2026-06-05T00:00:00.000Z,2026-07-27T00:00:00.000Z,6868652671,6868652671,1.92579E+11,1374258912,195
1521,3093,C,C13248 (Battle),2026-07-03T00:00:00.000Z,2026-08-24T00:00:00.000Z,6867571072,6867571072,89757685343,1126916524,120
1522,3098,C,C13229 (Battle),2026-07-03T00:00:00.000Z,2026-08-24T00:00:00.000Z,6862744965,6862744965,1.23308E+11,1283266216,183
1523,3433,C,C13186 (Immigration),2026-06-05T00:00:00.000Z,2026-07-27T00:00:00.000Z,6856873360,5550859092,1.37564E+11,944140677,135
1524,3891,C,C13206 (Battle),2026-06-11T00:00:00.000Z,2026-08-08T00:00:00.000Z,6855184701,6855184701,60517708923,646753120,188
1525,1511,C,C13191 (Immigration),2026-06-05T00:00:00.000Z,2026-07-27T00:00:00.000Z,6851149391,6851149391,53265841387,1099391611,134
1526,3783,C,C13184 (Immigration),2026-06-05T00:00:00.000Z,2026-07-27T00:00:00.000Z,6849750979,6849750979,82467053949,840389289,163
1527,1690,C,,,,6849526461,6849526461,1.11286E+11,1478833713,130
1528,1807,C,C13235 (Battle),2026-07-03T00:00:00.000Z,2026-08-24T00:00:00.000Z,6847977883,6799792854,3.93325E+11,2184954364,132
1529,3747,C,C13228 (Battle),2026-07-03T00:00:00.000Z,2026-08-24T00:00:00.000Z,6845874839,6845874839,1.45577E+11,1191231252,145
1530,2316,C,C13217 (Battle),2026-07-03T00:00:00.000Z,2026-08-24T00:00:00.000Z,6841362050,6841362050,1.29821E+11,1375929049,134
1531,1070,C,C13187 (Immigration),2026-06-05T00:00:00.000Z,2026-07-27T00:00:00.000Z,6840219776,6333871747,1.16801E+11,1225399201,131
1532,2426,C,C13248 (Battle),2026-07-03T00:00:00.000Z,2026-08-24T00:00:00.000Z,6839563915,6839563915,66944978787,962247759,151
1533,2250,C,C13216 (Battle),2026-07-03T00:00:00.000Z,2026-08-24T00:00:00.000Z,6839428406,6839428406,84379318136,1111330331,156
1534,1060,C,C13245 (Battle),2026-07-03T00:00:00.000Z,2026-08-24T00:00:00.000Z,6837706883,6837706883,1.19108E+11,1537026496,131
1535,3516,C,C13237 (Battle),2026-07-03T00:00:00.000Z,2026-08-24T00:00:00.000Z,6834369715,6834369715,1.46272E+11,1143221612,159
1536,3012,C,C13195 (Immigration),2026-06-05T00:00:00.000Z,2026-07-27T00:00:00.000Z,6825265136,6825265136,1.99711E+11,1466249188,167
1537,1608,C,C13203 (Immigration),2026-06-05T00:00:00.000Z,2026-07-27T00:00:00.000Z,6824899698,5713359753,2.26071E+11,1484219618,126
1538,2355,C,C13211 (Battle),2026-07-03T00:00:00.000Z,2026-08-24T00:00:00.000Z,6821355590,6815602074,2.55653E+11,1763559500,210
1539,1878,C,,,,6816376558,6816376558,72353227420,1225588614,143
1540,1358,C,,,,6809777885,6809777885,85614841400,1219698512,128
1541,3746,C,C13238 (Battle),2026-07-03T00:00:00.000Z,2026-08-24T00:00:00.000Z,6809776464,6809776464,1.46553E+11,1064222156,163
1542,3016,C,,,,6809392588,6803112099,1.27701E+11,1094615709,137
1543,3204,C,C13221 (Battle),2026-07-03T00:00:00.000Z,2026-08-24T00:00:00.000Z,6808499992,6125092005,80678179448,980420842,170
1544,3251,C,,,,6807272936,6807272936,2.42627E+11,1284438506,205
1545,2981,C,C13212 (Battle),2026-07-03T00:00:00.000Z,2026-08-24T00:00:00.000Z,6800415017,6798394048,2.69702E+11,1474760579,165
1546,3907,C,,,,6799626967,6799626967,39236978264,374188057,214
1547,3536,C,,,,6796329073,6796329073,1.23312E+11,1218108537,157
1548,2608,C,,,,6794738352,6794738352,1.57764E+11,1383750298,146
1549,2713,C,C13222 (Battle),2026-07-03T00:00:00.000Z,2026-08-24T00:00:00.000Z,6793673426,6793673426,65552887407,1201239070,132
1550,3721,C,,,,6793592965,6793592965,82822960186,807356888,156
1551,1292,C,C13245 (Battle),2026-07-03T00:00:00.000Z,2026-08-24T00:00:00.000Z,6793565496,6793565496,68047728231,1225601855,143
1552,3408,C,C13217 (Battle),2026-07-03T00:00:00.000Z,2026-08-24T00:00:00.000Z,6793018514,6761568595,1.53136E+11,1248246733,126
1553,2016,C,C13214 (Battle),2026-07-03T00:00:00.000Z,2026-08-24T00:00:00.000Z,6788481070,6788481070,1.61371E+11,1434783141,149
1554,1900,C,C13232 (Battle),2026-07-03T00:00:00.000Z,2026-08-24T00:00:00.000Z,6786543796,6720540866,4.35871E+11,2223330841,200
1555,2610,C,,,,6780542581,6763957887,2.98828E+11,1793137761,145
1556,3890,C,C13206 (Battle),2026-06-11T00:00:00.000Z,2026-08-08T00:00:00.000Z,6780202882,6780202882,32887121991,352653698,188
1557,1468,C,C13222 (Battle),2026-07-03T00:00:00.000Z,2026-08-24T00:00:00.000Z,6778531916,6775605551,93207281160,978585325,103
1558,1251,C,,,,6777683144,6777683144,78726919860,1174525264,127
1559,2286,C,C13227 (Battle),2026-07-03T00:00:00.000Z,2026-08-24T00:00:00.000Z,6777349835,6777349835,1.39374E+11,1494503988,138
1560,2933,C,,,,6775765905,6775765905,99734077654,1249390481,131
1561,2753,C,C13240 (Battle),2026-07-03T00:00:00.000Z,2026-08-24T00:00:00.000Z,6772941139,6770859335,1.28382E+11,1343317294,147
1562,3464,C,,,,6772045271,6772045271,1.22771E+11,1034075738,158
1563,3689,C,C13212 (Battle),2026-07-03T00:00:00.000Z,2026-08-24T00:00:00.000Z,6770667113,6770667113,1.17095E+11,1038523356,146
1564,1402,C,C13196 (Immigration),2026-06-05T00:00:00.000Z,2026-07-27T00:00:00.000Z,6768898062,6768898062,2.44229E+11,1531817521,130
1565,3303,C,,,,6767041928,6767041928,4.48352E+11,1877859621,178
1566,1191,C,C13198 (Immigration),2026-06-05T00:00:00.000Z,2026-07-27T00:00:00.000Z,6765720095,6765720095,1.33267E+11,1525921048,129
1567,1053,C,,,,6762325213,6762325213,2.15639E+11,1769037551,122
1568,3054,C,,,,6757423361,6757423361,63622110202,643331444,166
1569,2820,C,C13185 (Immigration),2026-06-05T00:00:00.000Z,2026-07-27T00:00:00.000Z,6757337490,6757337490,2.43889E+11,1400311931,266
1570,1063,C,C13246 (Battle),2026-07-03T00:00:00.000Z,2026-08-24T00:00:00.000Z,6756586973,6756586973,66982059226,1038805104,113
1571,2102,C,,,,6755715740,6751833062,1.8415E+11,1321921190,166
1572,3478,C,C13230 (Battle),2026-07-03T00:00:00.000Z,2026-08-24T00:00:00.000Z,6751859487,6751859487,1.00685E+11,979807856,144
1573,1643,C,C13219 (Battle),2026-07-03T00:00:00.000Z,2026-08-24T00:00:00.000Z,6751069841,6751069841,1.16792E+11,1556356441,123
1574,3338,C,C13215 (Battle),2026-07-03T00:00:00.000Z,2026-08-24T00:00:00.000Z,6750864216,6745837746,2.0285E+11,998377796,172
1575,2196,C,C13244 (Battle),2026-07-03T00:00:00.000Z,2026-08-24T00:00:00.000Z,6748108487,6748108487,1.24105E+11,1344708078,156
1576,1230,C,,,,6745916849,6745916849,1.05042E+11,1222440795,151
1577,1361,C,,,,6745569895,6732148378,1.93796E+11,1701348062,97
1578,1687,C,,,,6745061105,6745061105,1.30307E+11,1469440724,127
1579,2731,C,C13197 (Immigration),2026-06-05T00:00:00.000Z,2026-07-27T00:00:00.000Z,6742583337,6742583337,1.06952E+11,1295291983,172
1580,3055,C,C13238 (Battle),2026-07-03T00:00:00.000Z,2026-08-24T00:00:00.000Z,6741526114,6741526114,1.17435E+11,1251721102,125
1581,2622,C,,,,6735259081,5868968328,96226895680,1050229998,162
1582,3523,C,C13184 (Immigration),2026-06-05T00:00:00.000Z,2026-07-27T00:00:00.000Z,6734132497,6732546585,1.63322E+11,1073619302,188
1583,1614,C,,,,6732469443,6732469443,94110291319,1385328284,110
1584,3437,C,C13188 (Immigration),2026-06-05T00:00:00.000Z,2026-07-27T00:00:00.000Z,6729492672,6723098030,81161482795,1179318627,148
1585,2510,C,,,,6727606598,6727606598,1.83215E+11,1041747172,123
1586,2146,C,C13229 (Battle),2026-07-03T00:00:00.000Z,2026-08-24T00:00:00.000Z,6725512349,6725512349,88165071435,1131649548,113
1587,2646,C,C13229 (Battle),2026-07-03T00:00:00.000Z,2026-08-24T00:00:00.000Z,6720878971,6720878971,69604932192,1068461023,136
1588,1479,C,,,,6719414697,6719414697,2.90963E+11,1578859762,152
1589,3781,C,,,,6717565893,6717565893,74574805166,687080343,157
1590,2632,C,C13230 (Battle),2026-07-03T00:00:00.000Z,2026-08-24T00:00:00.000Z,6716764290,6716764290,55593703128,1006924300,150
1591,1340,C,,,,6714603290,6714603290,1.26324E+11,1251208084,127
1592,1915,C,,,,6714232783,6714232783,98655069604,1278085203,140
1593,2652,C,C13244 (Battle),2026-07-03T00:00:00.000Z,2026-08-24T00:00:00.000Z,6713010446,6713010446,1.11755E+11,1345638074,155
1594,3341,C,,,,6712216915,6712216915,1.06956E+11,1114421630,149
1595,1493,C,,,,6711691450,6710679654,1.13075E+11,1173580346,119
1596,2900,C,C13241 (Battle),2026-07-03T00:00:00.000Z,2026-08-24T00:00:00.000Z,6709780326,6708315225,2.07495E+11,1286345311,148
1597,2305,C,C13235 (Battle),2026-07-03T00:00:00.000Z,2026-08-24T00:00:00.000Z,6707320701,6707320701,1.95078E+11,1513904936,161
1598,2195,C,C13228 (Battle),2026-07-03T00:00:00.000Z,2026-08-24T00:00:00.000Z,6705812239,6701008966,2.27023E+11,1413635636,159
1599,3061,C,,,,6703758780,6700686341,77611077880,963561604,144
1600,2263,C,,,,6700357409,6700357409,1.38696E+11,1252767052,101
1601,2781,C,,,,6697907090,6694093653,1.3366E+11,1265988505,145
1602,1587,C,,,,6697339375,6687392326,1.50144E+11,1368735666,143
1603,2445,C,,,,6695575496,6695575496,1.01898E+11,1315364419,148
1604,3245,C,C13187 (Immigration),2026-06-05T00:00:00.000Z,2026-07-27T00:00:00.000Z,6692581553,4753882069,1.44544E+11,967003749,104
1605,1771,C,C13223 (Battle),2026-07-03T00:00:00.000Z,2026-08-24T00:00:00.000Z,6692475756,6692475756,48344684964,957485243,137
1606,1131,C,,,,6691306983,6676809904,62424763693,782842809,102
1607,3290,C,,,,6690787072,6690787072,84185636313,944812153,131
1608,2221,C,C13219 (Battle),2026-07-03T00:00:00.000Z,2026-08-24T00:00:00.000Z,6687201105,6687201105,74790541273,1160473132,121
1609,1826,C,C13204 (Immigration),2026-06-05T00:00:00.000Z,2026-07-27T00:00:00.000Z,6680662391,6680662391,1.77222E+11,1258388365,141
1610,3304,C,C13225 (Battle),2026-07-03T00:00:00.000Z,2026-08-24T00:00:00.000Z,6675609054,6675609054,1.19406E+11,880875597,133
1611,1780,C,,,,6674603024,6674603024,1.95779E+11,1229342164,197
1612,1883,C,C13185 (Immigration),2026-06-05T00:00:00.000Z,2026-07-27T00:00:00.000Z,6674127001,6674127001,1.54217E+11,1477918922,124
1613,2642,C,C13198 (Immigration),2026-06-05T00:00:00.000Z,2026-07-27T00:00:00.000Z,6670440822,4818516619,85158373344,750425919,134
1614,3392,C,,,,6665604152,6665604152,2.08828E+11,1301843429,148
1615,3582,C,C13194 (Immigration),2026-06-05T00:00:00.000Z,2026-07-27T00:00:00.000Z,6663814754,6663814754,1.76238E+11,1112402967,146
1616,2127,C,C13248 (Battle),2026-07-03T00:00:00.000Z,2026-08-24T00:00:00.000Z,6662071562,6662071562,1.15777E+11,1394740837,151
1617,3905,C,,,,6653294273,6653294273,11173923385,200017931,218
1618,3328,C,,,,6653033741,6653033741,89089982839,1190098434,146
1619,3317,C,C13183 (Immigration),2026-06-05T00:00:00.000Z,2026-07-27T00:00:00.000Z,6652633325,6652633325,1.87539E+11,1151154609,162
1620,1035,C,,,,6651705957,6651705957,1.21818E+11,1190682416,131
1621,1058,C,,,,6650887028,6636022898,1.61476E+11,1185410194,97
1622,3569,C,C13219 (Battle),2026-07-03T00:00:00.000Z,2026-08-24T00:00:00.000Z,6648258143,6648258143,50469707544,966579462,169
1623,1931,C,,,,6638960826,5610052721,1.24423E+11,1103616271,128
1624,1887,C,,,,6638130615,6638130615,63904056580,1066861328,124
1625,2843,C,C13233 (Battle),2026-07-03T00:00:00.000Z,2026-08-24T00:00:00.000Z,6634262978,6634262978,1.55314E+11,1121295258,143
1626,2096,C,C13221 (Battle),2026-07-03T00:00:00.000Z,2026-08-24T00:00:00.000Z,6630493257,6075015826,69581821381,1091399296,144
1627,1408,C,C13188 (Immigration),2026-06-05T00:00:00.000Z,2026-07-27T00:00:00.000Z,6624748877,6618016725,1.14699E+11,1162029434,115
1628,3195,C,,,,6623083946,6623083946,1.44399E+11,1371276763,153
1629,3511,C,,,,6620049143,6620049143,76794010513,1083206693,154
1630,1311,C,C13228 (Battle),2026-07-03T00:00:00.000Z,2026-08-24T00:00:00.000Z,6619939848,6619939848,1.13819E+11,1266261279,119
1631,1007,C,C13221 (Battle),2026-07-03T00:00:00.000Z,2026-08-24T00:00:00.000Z,6616041947,5987130009,66581921772,903764074,128
1632,2878,C,C13187 (Immigration),2026-06-05T00:00:00.000Z,2026-07-27T00:00:00.000Z,6613141728,6613141728,2.12047E+11,1372097533,139
1633,2982,C,C13187 (Immigration),2026-06-05T00:00:00.000Z,2026-07-27T00:00:00.000Z,6610218401,5359406178,1.31536E+11,943847096,136
1634,3384,C,C13217 (Battle),2026-07-03T00:00:00.000Z,2026-08-24T00:00:00.000Z,6608894542,6608894542,1.85418E+11,1376131017,169
1635,3738,C,C13211 (Battle),2026-07-03T00:00:00.000Z,2026-08-24T00:00:00.000Z,6604024263,6604024263,1.0278E+11,849596613,190
1636,2549,C,C13227 (Battle),2026-07-03T00:00:00.000Z,2026-08-24T00:00:00.000Z,6598113393,6573546402,2.54887E+11,1635943513,135
1637,3079,C,,,,6595686607,6592907025,1.04326E+11,1016844683,143
1638,2852,C,,,,6592334790,6592334790,1.00389E+11,979541237,145
1639,1322,C,C13198 (Immigration),2026-06-05T00:00:00.000Z,2026-07-27T00:00:00.000Z,6589082957,6166598956,76490968585,989516100,122
1640,2273,C,C13224 (Battle),2026-07-03T00:00:00.000Z,2026-08-24T00:00:00.000Z,6584880858,6584880858,64036916921,958814533,137
1641,2135,C,C13223 (Battle),2026-07-03T00:00:00.000Z,2026-08-24T00:00:00.000Z,6583116717,6583116717,47409555144,925044474,110
1642,2848,C,C13195 (Immigration),2026-06-05T00:00:00.000Z,2026-07-27T00:00:00.000Z,6582149010,6580619832,1.8452E+11,1253213017,144
1643,2749,C,,,,6581557877,6577730107,55039903415,833966965,137
1644,2830,C,C13188 (Immigration),2026-06-05T00:00:00.000Z,2026-07-27T00:00:00.000Z,6576596809,6576596809,1.26237E+11,1284925419,148
1645,3063,C,,,,6575050957,6471848381,1.83536E+11,1120508890,126
1646,2492,C,,,,6574016281,6550519117,1.42235E+11,1178571534,151
1647,3566,C,C13200 (Immigration),2026-06-05T00:00:00.000Z,2026-07-27T00:00:00.000Z,6573076900,6573076900,1.23367E+11,1130154079,185
1648,3460,C,,,,6571484393,6571484393,1.66362E+11,1802701146,152
1649,3053,C,,,,6570964609,6570964609,1.14911E+11,1232664253,132
1650,3168,C,C13188 (Immigration),2026-06-05T00:00:00.000Z,2026-07-27T00:00:00.000Z,6570229118,6570229118,90782657042,1149892979,164
1651,3231,C,C13221 (Battle),2026-07-03T00:00:00.000Z,2026-08-24T00:00:00.000Z,6568565571,6568565571,74166255929,1165885949,157
1652,2244,C,,,,6567379801,6567379801,56438932630,1023066011,130
1653,1588,C,C13198 (Immigration),2026-06-05T00:00:00.000Z,2026-07-27T00:00:00.000Z,6563885129,6563885129,28513460486,951831289,145
1654,1099,C,,,,6561760063,6558902666,1.14097E+11,1309967006,125
1655,2459,C,,,,6557325517,6557293385,2.7375E+11,1394517230,133
1656,1039,C,,,,6556016598,6556016598,83025041515,1207842462,137
1657,3773,C,,,,6554138744,6554114881,2.06326E+11,1144852669,158
1658,1127,C,C13185 (Immigration),2026-06-05T00:00:00.000Z,2026-07-27T00:00:00.000Z,6550425346,6531832268,2.39585E+11,1486588613,129
1659,2576,C,,,,6547862587,6547862587,48909294545,1054317854,140
1660,2501,C,C13210 (Battle),2026-07-03T00:00:00.000Z,2026-08-24T00:00:00.000Z,6546461003,6546461003,2.49139E+11,1530842584,145
1661,1916,C,,,,6545246962,6545246962,86412795450,1187246931,149
1662,3158,C,C13186 (Immigration),2026-06-05T00:00:00.000Z,2026-07-27T00:00:00.000Z,6543934713,6543371435,1.11488E+11,1136525385,144
1663,3833,C,,,,6542487991,6542487991,67476704388,542386099,172
1664,2658,C,C13211 (Battle),2026-07-03T00:00:00.000Z,2026-08-24T00:00:00.000Z,6542421708,6542421708,3.45562E+11,1338773587,136
1665,1413,C,C13196 (Immigration),2026-06-05T00:00:00.000Z,2026-07-27T00:00:00.000Z,6535797318,6535797318,1.35173E+11,1283122842,123
1666,2300,C,C13223 (Battle),2026-07-03T00:00:00.000Z,2026-08-24T00:00:00.000Z,6535618049,6535618049,77543590915,937053221,121
1667,2425,C,C13217 (Battle),2026-07-03T00:00:00.000Z,2026-08-24T00:00:00.000Z,6533345540,6523350118,2.3308E+11,1513301192,187
1668,2997,C,C13196 (Immigration),2026-06-05T00:00:00.000Z,2026-07-27T00:00:00.000Z,6533273791,6533273791,1.43557E+11,1089603962,130
1669,2150,C,C13198 (Immigration),2026-06-05T00:00:00.000Z,2026-07-27T00:00:00.000Z,6531919364,6527376055,93394153054,1155901685,127
1670,1138,C,C13242 (Battle),2026-07-03T00:00:00.000Z,2026-08-24T00:00:00.000Z,6527729407,5624025940,1.65919E+11,1279503227,127
1671,2229,C,C13196 (Immigration),2026-06-05T00:00:00.000Z,2026-07-27T00:00:00.000Z,6527090764,6527090764,1.9271E+11,1494658013,142
1672,1832,C,,,,6526727227,6513786649,57333390028,841999160,107
1673,3503,C,C13196 (Immigration),2026-06-05T00:00:00.000Z,2026-07-27T00:00:00.000Z,6521889028,6521889028,1.03173E+11,1094674715,146
1674,2344,C,,,,6517358925,6517358925,95477062853,1338023036,122
1675,3330,C,,,,6512448436,6512448436,1.18426E+11,1080365528,154
1676,3457,C,C13218 (Battle),2026-07-03T00:00:00.000Z,2026-08-24T00:00:00.000Z,6512437008,5546304881,1.49121E+11,972898865,175
1677,1906,C,C13189 (Immigration),2026-06-05T00:00:00.000Z,2026-07-27T00:00:00.000Z,6510514439,6505552980,75516264724,1129832058,107
1678,2122,C,,,,6509889389,6509889389,1.57386E+11,1289353572,135
1679,3188,C,,,,6509717646,6509717646,1.76943E+11,1414744012,145
1680,2204,C,C13223 (Battle),2026-07-03T00:00:00.000Z,2026-08-24T00:00:00.000Z,6509576982,6505581114,39337304508,1058931713,111
1681,2224,C,C13229 (Battle),2026-07-03T00:00:00.000Z,2026-08-24T00:00:00.000Z,6502680566,6502680566,1.1317E+11,1226130329,119
1682,1186,C,,,,6498334971,6498334971,1.02631E+11,1469888317,115
1683,3040,C,,,,6497747123,6497747123,1.16265E+11,1096269234,150
1684,1804,C,C13220 (Battle),2026-07-03T00:00:00.000Z,2026-08-24T00:00:00.000Z,6497561109,6497561109,88408337897,1104627370,108
1685,1850,C,,,,6489193275,6489193275,1.16668E+11,1469744007,168
1686,2656,C,C13190 (Immigration),2026-06-05T00:00:00.000Z,2026-07-27T00:00:00.000Z,6487373353,5717923301,58632684364,787938563,124
1687,1177,C,C13220 (Battle),2026-07-03T00:00:00.000Z,2026-08-24T00:00:00.000Z,6487276751,6487276751,1.45775E+11,1412832118,120
1688,1135,C,C13197 (Immigration),2026-06-05T00:00:00.000Z,2026-07-27T00:00:00.000Z,6485779311,4664866730,1.66779E+11,1103976463,115
1689,3589,C,C13217 (Battle),2026-07-03T00:00:00.000Z,2026-08-24T00:00:00.000Z,6483664094,6483664094,1.01172E+11,1192609313,156
1690,1159,C,,,,6482746504,6443013604,1.61155E+11,1472062025,131
1691,3521,C,,,,6481297295,6481297295,50177117906,931336356,135
1692,1962,C,,,,6474766410,6474766410,86454261589,1379224052,112
1693,1157,C,C13230 (Battle),2026-07-03T00:00:00.000Z,2026-08-24T00:00:00.000Z,6473869705,6473869705,65746366046,967556984,104
1694,1642,C,C13243 (Battle),2026-07-03T00:00:00.000Z,2026-08-24T00:00:00.000Z,6472375699,6466146283,1.56897E+11,1463474425,150
1695,2864,C,C13213 (Battle),2026-07-03T00:00:00.000Z,2026-08-24T00:00:00.000Z,6471336576,6469630018,2.4843E+11,1426451784,165
1696,3885,C,C13206 (Battle),2026-06-11T00:00:00.000Z,2026-08-08T00:00:00.000Z,6469958952,6469958952,74106953967,492709422,150
1697,3026,C,C13215 (Battle),2026-07-03T00:00:00.000Z,2026-08-24T00:00:00.000Z,6469132615,6469132615,1.45016E+11,1488263300,121
1698,3102,C,C13204 (Immigration),2026-06-05T00:00:00.000Z,2026-07-27T00:00:00.000Z,6467695156,4645469178,1.68564E+11,944277700,139
1699,3393,C,C13229 (Battle),2026-07-03T00:00:00.000Z,2026-08-24T00:00:00.000Z,6462986609,6462986609,64171831079,912755514,149
1700,2812,C,,,,6462108229,6462108229,1.30225E+11,1142752752,155
1701,1927,C,,,,6460154876,6442489324,1.26306E+11,1079815583,131
1702,1600,C,,,,6458547169,6458547169,49585422198,915699769,132
1703,3450,C,,,,6458307422,6458307422,1.38443E+11,985485126,138
1704,2974,C,C13190 (Immigration),2026-06-05T00:00:00.000Z,2026-07-27T00:00:00.000Z,6458217500,6458217500,70163131619,1059360490,129
1705,2352,C,C13220 (Battle),2026-07-03T00:00:00.000Z,2026-08-24T00:00:00.000Z,6457181423,6457181423,56102855153,915087223,130
1706,2451,C,,,,6448402032,6448402032,1.29213E+11,1281383337,131
1707,3449,C,,,,6446954040,6446954040,1.07504E+11,1061781445,152
1708,1197,C,,,,6438223621,6438223621,2.18999E+11,1599682306,129
1709,2972,C,C13205 (Immigration),2026-06-05T00:00:00.000Z,2026-07-27T00:00:00.000Z,6436602792,6436602792,1.08071E+11,1129683047,156
1710,3332,C,C13186 (Immigration),2026-06-05T00:00:00.000Z,2026-07-27T00:00:00.000Z,6434817660,6434817660,87542335251,1129819385,128
1711,1085,C,C13204 (Immigration),2026-06-05T00:00:00.000Z,2026-07-27T00:00:00.000Z,6433280788,5246320536,99457677415,1115263042,106
1712,2846,C,,,,6432696026,6432696026,1.04166E+11,1136197481,134
1713,3587,C,C13186 (Immigration),2026-06-05T00:00:00.000Z,2026-07-27T00:00:00.000Z,6432521425,5436895224,1.17786E+11,1101488556,135
1714,1428,C,,,,6430637955,3885670826,1.49189E+11,944403127,106
1715,1494,C,C13191 (Immigration),2026-06-05T00:00:00.000Z,2026-07-27T00:00:00.000Z,6427913267,6411410546,27751557558,683339223,110
1716,2184,C,,,,6425947525,5541380953,1.23504E+11,1157505941,114
1717,1004,C,,,,6423135985,6416459165,54184673820,765054460,113
1718,3498,C,,,,6421900928,6421900928,97993359445,932704570,136
1719,3882,C,C13207 (Battle),2026-06-11T00:00:00.000Z,2026-08-08T00:00:00.000Z,6421844960,6421844960,30684124432,382383108,202
1720,2299,C,,,,6420285627,6420285627,80197019725,1029972922,141
1721,1993,C,,,,6420078841,6420078841,98943528539,1172833237,133
1722,1022,C,C13245 (Battle),2026-07-03T00:00:00.000Z,2026-08-24T00:00:00.000Z,6415175684,6415175684,1.12781E+11,1213609643,149
1723,1231,C,,,,6413137098,6413137098,63495364034,1175855259,124
1724,3688,C,C13238 (Battle),2026-07-03T00:00:00.000Z,2026-08-24T00:00:00.000Z,6411016695,6411016695,67118815843,634312047,146
1725,2938,C,C13188 (Immigration),2026-06-05T00:00:00.000Z,2026-07-27T00:00:00.000Z,6408919659,6405014852,1.16883E+11,1262846054,138
1726,3056,C,C13240 (Battle),2026-07-03T00:00:00.000Z,2026-08-24T00:00:00.000Z,6406595888,4925780345,1.46901E+11,919939430,125
1727,1174,C,C13205 (Immigration),2026-06-05T00:00:00.000Z,2026-07-27T00:00:00.000Z,6403356143,5218089513,1.13901E+11,1084235873,106
1728,2937,C,C13223 (Battle),2026-07-03T00:00:00.000Z,2026-08-24T00:00:00.000Z,6402194824,6402194824,68062842487,962975541,152
1729,1112,C,C13185 (Immigration),2026-06-05T00:00:00.000Z,2026-07-27T00:00:00.000Z,6400156793,6399642149,1.34915E+11,1074706553,108
1730,1753,C,C13224 (Battle),2026-07-03T00:00:00.000Z,2026-08-24T00:00:00.000Z,6394874860,5973160205,68047053379,1063679896,111
1731,1668,C,C13247 (Battle),2026-07-03T00:00:00.000Z,2026-08-24T00:00:00.000Z,6385547759,6385547759,88258449648,1274930973,120
1732,2637,C,C13198 (Immigration),2026-06-05T00:00:00.000Z,2026-07-27T00:00:00.000Z,6385151196,5567788300,75533911380,900245593,123
1733,1091,C,C13230 (Battle),2026-07-03T00:00:00.000Z,2026-08-24T00:00:00.000Z,6383039654,6374266448,1.17487E+11,1342381025,109
1734,3270,C,C13197 (Immigration),2026-06-05T00:00:00.000Z,2026-07-27T00:00:00.000Z,6380400693,6380400693,76048138013,953924760,140
1735,3321,C,C13222 (Battle),2026-07-03T00:00:00.000Z,2026-08-24T00:00:00.000Z,6380131440,6380131440,49624753666,966386591,166
1736,2640,C,,,,6379950427,6373541450,84585837801,1012615358,158
1737,3452,C,C13228 (Battle),2026-07-03T00:00:00.000Z,2026-08-24T00:00:00.000Z,6379553634,6379553634,1.75426E+11,1247045264,173
1738,2698,C,,,,6375221940,6375221940,77281759551,1063538980,144
1739,3177,C,C13231 (Battle),2026-07-03T00:00:00.000Z,2026-08-24T00:00:00.000Z,6371939445,6371939445,1.00094E+11,924011879,144
1740,3829,C,C13216 (Battle),2026-07-03T00:00:00.000Z,2026-08-24T00:00:00.000Z,6371793169,4775567556,86452057890,592370752,128
1741,2579,C,C13196 (Immigration),2026-06-05T00:00:00.000Z,2026-07-27T00:00:00.000Z,6371470825,4310144804,1.6065E+11,980242018,91
1742,3827,C,,,,6370227856,6370204594,85820343241,681378144,160
1743,1789,C,,,,6369664004,6369664004,69106017307,1116671666,120
1744,2716,C,,,,6369400480,6369400480,1.13195E+11,1306672560,141
1745,2729,C,,,,6366549984,6366549984,84873952222,826338054,134
1746,2738,C,C13217 (Battle),2026-07-03T00:00:00.000Z,2026-08-24T00:00:00.000Z,6366130288,6349809064,1.38059E+11,1269158983,171
1747,3283,C,C13234 (Battle),2026-07-03T00:00:00.000Z,2026-08-24T00:00:00.000Z,6362267142,6358011151,1.54455E+11,1014620048,123
1748,1275,C,,,,6361905258,6361905258,1.1984E+11,1256442243,136
1749,3130,C,,,,6361544287,6361544287,1.19185E+11,1061543189,140
1750,1436,C,,,,6361509813,6361509813,1.40293E+11,1437336335,99
1751,3922,C,,,,6361406026,6361406026,56405143203,388655620,179
1752,1296,C,C13220 (Battle),2026-07-03T00:00:00.000Z,2026-08-24T00:00:00.000Z,6355556846,6073807170,1.92241E+11,1400043116,148
1753,2201,C,C13229 (Battle),2026-07-03T00:00:00.000Z,2026-08-24T00:00:00.000Z,6354375950,6354375950,1.35678E+11,1361146336,113
1754,3070,C,C13200 (Immigration),2026-06-05T00:00:00.000Z,2026-07-27T00:00:00.000Z,6351371746,6351371746,1.0785E+11,973803067,133
1755,2785,C,C13190 (Immigration),2026-06-05T00:00:00.000Z,2026-07-27T00:00:00.000Z,6350003806,6350003806,96303049788,1237013324,148
1756,2575,C,,,,6347596509,6347596509,1.01211E+11,1106186771,123
1757,3525,C,C13183 (Immigration),2026-06-05T00:00:00.000Z,2026-07-27T00:00:00.000Z,6347206119,6347206119,1.47045E+11,961256823,143
1758,2054,C,,,,6347066104,6344036102,1.60905E+11,1265895047,168
1759,1040,C,,,,6345794982,6344099077,73763639663,961631222,128
1760,1675,C,C13189 (Immigration),2026-06-05T00:00:00.000Z,2026-07-27T00:00:00.000Z,6345717234,6320735396,78855006637,1101612350,115
1761,1755,C,,,,6342285680,6342285680,91284842127,1181270294,114
1762,1167,C,,,,6341621342,6341621342,77470777791,1198390558,127
1763,3898,C,,,,6339331595,6339331595,34807387192,374576363,187
1764,3371,C,,,,6337466539,6337466539,1.33602E+11,1205681182,151
1765,1224,C,C13217 (Battle),2026-07-03T00:00:00.000Z,2026-08-24T00:00:00.000Z,6336124186,6336124186,92260104484,1253477647,125
1766,2257,C,,,,6335436678,6335436678,1.09362E+11,1360383920,125
1767,3734,C,,,,6335148596,6335148596,1.06863E+11,1077607880,151
1768,3365,C,C13186 (Immigration),2026-06-05T00:00:00.000Z,2026-07-27T00:00:00.000Z,6334883898,6334883898,1.59196E+11,1067921665,119
1769,1662,C,C13195 (Immigration),2026-06-05T00:00:00.000Z,2026-07-27T00:00:00.000Z,6333414766,6333414766,2.08239E+11,1534025599,141
1770,2796,C,C13223 (Battle),2026-07-03T00:00:00.000Z,2026-08-24T00:00:00.000Z,6333028330,6333028330,64307520045,1023901686,140
1771,1997,C,,,,6332068219,5562667581,82828002547,1045710142,114
1772,3463,C,C13204 (Immigration),2026-06-05T00:00:00.000Z,2026-07-27T00:00:00.000Z,6331773600,5333843293,71702179088,932496256,132
1773,2259,C,C13184 (Immigration),2026-06-05T00:00:00.000Z,2026-07-27T00:00:00.000Z,6331532859,6331532859,1.4908E+11,1439115088,121
1774,3505,C,,,,6330230045,6319052248,4.21178E+11,1548059218,105
1775,2464,C,C13220 (Battle),2026-07-03T00:00:00.000Z,2026-08-24T00:00:00.000Z,6328893720,6328893720,61417675490,1023211750,137
1776,1240,C,C13221 (Battle),2026-07-03T00:00:00.000Z,2026-08-24T00:00:00.000Z,6328513855,6328513855,66108098687,1114389595,104
1777,1432,C,,,,6328206274,6328206274,1.07096E+11,1222111412,115
1778,3553,C,C13231 (Battle),2026-07-03T00:00:00.000Z,2026-08-24T00:00:00.000Z,6321833495,6321833495,1.52557E+11,1363252532,125
1779,2754,C,C13221 (Battle),2026-07-03T00:00:00.000Z,2026-08-24T00:00:00.000Z,6317159585,6317159585,1.20522E+11,1188118710,134
1780,1617,C,,,,6315687941,6314991934,3.41621E+11,1817552055,69
1781,1830,C,,,,6309891322,5843631460,1.67815E+11,1347608836,116
1782,3659,C,C13189 (Immigration),2026-06-05T00:00:00.000Z,2026-07-27T00:00:00.000Z,6309214435,6309214435,50233230029,561534154,152
1783,1132,C,C13189 (Immigration),2026-06-05T00:00:00.000Z,2026-07-27T00:00:00.000Z,6307465968,6307465968,1.19961E+11,1296624317,113
1784,2073,C,C13218 (Battle),2026-07-03T00:00:00.000Z,2026-08-24T00:00:00.000Z,6303138930,6303138930,77617791929,1099473942,115
1785,3918,C,,,,6301497998,6301497998,75196546961,421753174,173
1786,2351,C,C13205 (Immigration),2026-06-05T00:00:00.000Z,2026-07-27T00:00:00.000Z,6294360212,5381852054,90078460428,935431934,143
1787,3510,C,,,,6292798613,5380890412,40272106387,696203916,118
1788,3247,C,,,,6292753812,6292753812,1.17109E+11,1100532007,116
1789,1847,C,C13195 (Immigration),2026-06-05T00:00:00.000Z,2026-07-27T00:00:00.000Z,6292212679,6292212679,2.11596E+11,1554527853,116
1790,2034,C,C13197 (Immigration),2026-06-05T00:00:00.000Z,2026-07-27T00:00:00.000Z,6292196498,6292196498,92890564006,1240692936,128
1791,3008,C,C13228 (Battle),2026-07-03T00:00:00.000Z,2026-08-24T00:00:00.000Z,6282659513,6282659513,1.14312E+11,1249207918,142
1792,1554,C,,,,6280879093,6280879093,1.30143E+11,1334346743,142
1793,1499,C,,,,6279772305,6278652218,1.61807E+11,1174453487,120
1794,2780,C,C13189 (Immigration),2026-06-05T00:00:00.000Z,2026-07-27T00:00:00.000Z,6279432341,6279432341,50250464696,990129729,140
1795,1782,C,,,,6278635611,6266069953,64927816694,1073993524,107
1796,2980,C,C13205 (Immigration),2026-06-05T00:00:00.000Z,2026-07-27T00:00:00.000Z,6270317531,6267680557,1.97748E+11,1370405235,119
1797,3089,C,,,,6267829253,6261528074,86310161236,1089678693,101
1798,1051,C,,,,6266760586,6266760586,99704635429,1364237972,104
1799,3390,C,C13196 (Immigration),2026-06-05T00:00:00.000Z,2026-07-27T00:00:00.000Z,6262653553,6262653553,1.03919E+11,999752025,141
1800,2241,C,C13188 (Immigration),2026-06-05T00:00:00.000Z,2026-07-27T00:00:00.000Z,6260317514,6260317514,74040023433,1210232401,157
1801,1618,C,,,,6258977253,6258977253,72994118254,1078588048,117
1802,1445,C,,,,6250649746,6250649746,58668145225,911125728,151
1803,3873,C,C13206 (Battle),2026-06-11T00:00:00.000Z,2026-08-08T00:00:00.000Z,6249874128,6249874128,56274996788,475475869,177
1804,3379,C,,,,6249642150,6249642150,81371275071,926804867,174
1805,2673,C,C13204 (Immigration),2026-06-05T00:00:00.000Z,2026-07-27T00:00:00.000Z,6249538952,3432369758,75208760064,520550999,134
1806,2009,C,C13189 (Immigration),2026-06-05T00:00:00.000Z,2026-07-27T00:00:00.000Z,6247383739,6243390302,58593851707,1130395015,109
1807,1844,C,,,,6244843838,6244843838,70826767210,1091201372,143
1808,1594,C,C13222 (Battle),2026-07-03T00:00:00.000Z,2026-08-24T00:00:00.000Z,6236691832,6236691832,71263328802,1104159704,93
1809,1389,C,,,,6235587573,6235587573,1.18174E+11,1292520669,120
1810,3670,C,C13194 (Immigration),2026-06-05T00:00:00.000Z,2026-07-27T00:00:00.000Z,6233591282,6233591282,1.16426E+11,1000169886,139
1811,3023,C,C13196 (Immigration),2026-06-05T00:00:00.000Z,2026-07-27T00:00:00.000Z,6231681971,6231681971,1.32886E+11,1098674257,213
1812,1101,C,,,,6227045822,6227045822,73598673589,1062477760,102
1813,3662,C,C13228 (Battle),2026-07-03T00:00:00.000Z,2026-08-24T00:00:00.000Z,6224779362,6224779362,70091514241,639843218,115
1814,3237,C,,,,6224321773,6224321773,91716108239,1029055979,116
1815,1699,C,,,,6218856397,6218856397,1.31851E+11,1295390177,143
1816,2155,C,,,,6217846131,6217846131,1.18192E+11,1263699117,136
1817,1245,C,C13188 (Immigration),2026-06-05T00:00:00.000Z,2026-07-27T00:00:00.000Z,6214841561,6214663288,2.15333E+11,1383728930,134
1818,2683,C,,,,6213929671,6213929671,1.22633E+11,1185007748,129
1819,2700,C,C13189 (Immigration),2026-06-05T00:00:00.000Z,2026-07-27T00:00:00.000Z,6213880175,6213880175,1.26182E+11,1188717976,137
1820,1415,C,C13217 (Battle),2026-07-03T00:00:00.000Z,2026-08-24T00:00:00.000Z,6212011248,6210836876,1.61344E+11,1451314464,144
1821,2589,C,C13196 (Immigration),2026-06-05T00:00:00.000Z,2026-07-27T00:00:00.000Z,6211187167,6206551782,1.20914E+11,1159755843,154
1822,3203,C,,,,6210988087,6200485285,2.06951E+11,1172660049,152
1823,2586,C,C13232 (Battle),2026-07-03T00:00:00.000Z,2026-08-24T00:00:00.000Z,6210470789,6210470789,2.63763E+11,1541886136,85
1824,1752,C,,,,6209452035,5815175396,1.42765E+11,1366413746,115
1825,1110,C,C13223 (Battle),2026-07-03T00:00:00.000Z,2026-08-24T00:00:00.000Z,6208717058,6208717058,54396903543,877051465,113
1826,1065,C,C13197 (Immigration),2026-06-05T00:00:00.000Z,2026-07-27T00:00:00.000Z,6207244798,6201621115,92200503003,1288327536,112
1827,1655,C,C13222 (Battle),2026-07-03T00:00:00.000Z,2026-08-24T00:00:00.000Z,6205773706,5596672207,67175813382,1088694891,118
1828,3439,C,C13190 (Immigration),2026-06-05T00:00:00.000Z,2026-07-27T00:00:00.000Z,6202946958,5201008667,55227687614,798647026,140
1829,3729,C,,,,6201340174,6201340174,1.39864E+11,1000726585,119
1830,2238,C,C13187 (Immigration),2026-06-05T00:00:00.000Z,2026-07-27T00:00:00.000Z,6198753226,5673061763,1.10401E+11,1057428682,123
1831,1911,C,C13186 (Immigration),2026-06-05T00:00:00.000Z,2026-07-27T00:00:00.000Z,6196084916,6196084916,1.09624E+11,1076139677,114
1832,3487,C,C13231 (Battle),2026-07-03T00:00:00.000Z,2026-08-24T00:00:00.000Z,6190279506,6190279506,1.3102E+11,1321606984,136
1833,1884,C,,,,6189297167,6175412392,1.10128E+11,1348341885,125
1834,3137,C,,,,6185689573,6185689573,1.15609E+11,1004190366,166
1835,3306,C,,,,6184662780,4960754234,92678000508,802847380,134
1836,2144,C,C13222 (Battle),2026-07-03T00:00:00.000Z,2026-08-24T00:00:00.000Z,6177349307,6177349307,56940548758,1039281177,102
1837,3220,C,C13232 (Battle),2026-07-03T00:00:00.000Z,2026-08-24T00:00:00.000Z,6166999281,6166999281,1.17029E+11,1157643851,147
1838,2115,C,C13241 (Battle),2026-07-03T00:00:00.000Z,2026-08-24T00:00:00.000Z,6157558863,6153291497,1.40856E+11,1326399353,113
1839,3062,C,C13220 (Battle),2026-07-03T00:00:00.000Z,2026-08-24T00:00:00.000Z,6154657832,6152600715,80668266495,1062619352,137
1840,3318,C,,,,6153958098,6153958098,62954539526,932217725,126
1841,3448,C,,,,6153154016,6153154016,21551063128,602114126,139
1842,2761,C,C13230 (Battle),2026-07-03T00:00:00.000Z,2026-08-24T00:00:00.000Z,6152930431,6152930431,1.05352E+11,1037106172,162
1843,1496,C,,,,6150128281,6148037311,1.29608E+11,1361209932,105
1844,1822,C,,,,6148021337,6148021337,53798577221,1009774732,106
1845,3044,C,,,,6147636344,6147636344,1.2583E+11,1195371387,134
1846,1355,C,C13220 (Battle),2026-07-03T00:00:00.000Z,2026-08-24T00:00:00.000Z,6146116290,1863262635,1.2061E+11,412478895,118
1847,1424,C,C13224 (Battle),2026-07-03T00:00:00.000Z,2026-08-24T00:00:00.000Z,6143580161,5944998953,31372836173,849222551,97
1848,2249,C,C13203 (Immigration),2026-06-05T00:00:00.000Z,2026-07-27T00:00:00.000Z,6140017374,5198920138,1.35618E+11,1156049953,107
1849,1577,C,C13241 (Battle),2026-07-03T00:00:00.000Z,2026-08-24T00:00:00.000Z,6137685867,6137548851,1.4181E+11,1433251174,117
1850,2863,C,,,,6136255008,6136255008,1.00983E+11,1230630949,120
1851,1401,C,C13216 (Battle),2026-07-03T00:00:00.000Z,2026-08-24T00:00:00.000Z,6135806418,4533986554,1.43996E+11,1046844878,86
1852,3407,C,C13232 (Battle),2026-07-03T00:00:00.000Z,2026-08-24T00:00:00.000Z,6134292285,6134292285,1.60411E+11,1088542014,134
1853,3058,C,,,,6132478543,6132478543,1.09076E+11,1115928708,170
1854,1974,C,C13243 (Battle),2026-07-03T00:00:00.000Z,2026-08-24T00:00:00.000Z,6130310666,6130310666,72914294665,949466626,115
1855,1057,C,,,,6129459278,6126366867,98649364489,1015226238,109
1856,3420,C,C13230 (Battle),2026-07-03T00:00:00.000Z,2026-08-24T00:00:00.000Z,6126746880,6126746880,67583756396,881461341,143
1857,2973,C,,,,6123066866,6123066866,87052814363,887289957,154
1858,2160,C,,,,6122473871,6122473871,1.39623E+11,1111886226,147
1859,2161,C,C13187 (Immigration),2026-06-05T00:00:00.000Z,2026-07-27T00:00:00.000Z,6122226431,6122226431,88271802596,1295570082,107
1860,2742,C,C13243 (Battle),2026-07-03T00:00:00.000Z,2026-08-24T00:00:00.000Z,6119250267,6119250267,91962035919,990912583,145
1861,1268,C,C13230 (Battle),2026-07-03T00:00:00.000Z,2026-08-24T00:00:00.000Z,6113588028,6113588028,64187951338,974070581,125
1862,1118,C,,,,6111699631,6111699631,49332666081,1026830065,119
1863,1270,C,C13184 (Immigration),2026-06-05T00:00:00.000Z,2026-07-27T00:00:00.000Z,6110433180,6110433180,1.89567E+11,1862678024,123
1864,2435,C,,,,6109007808,6109007808,1.00979E+11,983500550,119
1865,1583,C,C13189 (Immigration),2026-06-05T00:00:00.000Z,2026-07-27T00:00:00.000Z,6108868291,6108868291,70568738511,1101379346,127
1866,1596,C,C13203 (Immigration),2026-06-05T00:00:00.000Z,2026-07-27T00:00:00.000Z,6107631427,6097796421,2.60713E+11,1914083321,147
1867,3403,C,,,,6107040537,6107040537,1.48053E+11,1212795283,132
1868,3167,C,,,,6105118870,6105118870,1.87152E+11,1466624240,118
1869,3683,C,C13217 (Battle),2026-07-03T00:00:00.000Z,2026-08-24T00:00:00.000Z,6103573453,6103573453,1.07196E+11,763744056,181
1870,2173,C,C13216 (Battle),2026-07-03T00:00:00.000Z,2026-08-24T00:00:00.000Z,6101822071,6101822071,1.5704E+11,1310884113,143
1871,3038,C,C13230 (Battle),2026-07-03T00:00:00.000Z,2026-08-24T00:00:00.000Z,6100659571,6100659571,1.25581E+11,1089861169,173
1872,2329,C,C13247 (Battle),2026-07-03T00:00:00.000Z,2026-08-24T00:00:00.000Z,6100077284,6100077284,97318333993,1049335206,132
1873,1813,C,,,,6097216891,6097216891,79156370323,1080359195,143
1874,3625,C,,,,6095387165,6095387165,1.2542E+11,906707191,171
1875,1073,C,,,,6093348967,6053711053,1.52643E+11,1244806252,104
1876,3236,C,C13203 (Immigration),2026-06-05T00:00:00.000Z,2026-07-27T00:00:00.000Z,6088307520,6085412285,2.36337E+11,1217403530,150
1877,2653,C,C13227 (Battle),2026-07-03T00:00:00.000Z,2026-08-24T00:00:00.000Z,6087013792,6087013792,3.5893E+11,1612837414,152
1878,3175,C,,,,6085034515,6085034515,1.35514E+11,1186048858,131
1879,2461,C,C13209 (Battle),2026-07-03T00:00:00.000Z,2026-08-24T00:00:00.000Z,6083545231,6083545231,2.06729E+11,1295177560,140
1880,2020,C,,,,6082918947,6082918947,60986575145,874751576,122
1881,1121,C,C13229 (Battle),2026-07-03T00:00:00.000Z,2026-08-24T00:00:00.000Z,6080528680,6080528680,1.31103E+11,1113506202,93
1882,1183,C,C13221 (Battle),2026-07-03T00:00:00.000Z,2026-08-24T00:00:00.000Z,6079685270,6079685270,95218983211,1186046744,101
1883,1477,C,,,,6073178963,6071375581,7398599007,504523402,157
1884,3104,C,C13184 (Immigration),2026-06-05T00:00:00.000Z,2026-07-27T00:00:00.000Z,6073009884,6073009884,1.75605E+11,1231015212,123
1885,1442,C,,,,6072101934,6072101934,1.26051E+11,1177913087,153
1886,3182,C,,,,6070697341,6070697341,1.12465E+11,990209434,137
1887,3241,C,,,,6069215214,6048042377,1.81428E+11,1129530817,149
1888,2140,C,C13215 (Battle),2026-07-03T00:00:00.000Z,2026-08-24T00:00:00.000Z,6069021672,6069021672,1.35736E+11,1108436261,135
1889,3563,C,,,,6068788913,6068788913,1.04027E+11,933907469,177
1890,2912,C,C13214 (Battle),2026-07-03T00:00:00.000Z,2026-08-24T00:00:00.000Z,6068692127,6068692127,1.35927E+11,1104871768,151
1891,3786,C,,,,6067521200,6067521200,57145725946,600205942,146
1892,1648,C,C13190 (Immigration),2026-06-05T00:00:00.000Z,2026-07-27T00:00:00.000Z,6067476037,5963401781,1.37766E+11,1116641819,136
1893,2583,C,C13214 (Battle),2026-07-03T00:00:00.000Z,2026-08-24T00:00:00.000Z,6067092451,6061739760,3.16235E+11,1604908329,134
1894,2292,C,C13243 (Battle),2026-07-03T00:00:00.000Z,2026-08-24T00:00:00.000Z,6066506392,6066506392,94469500631,1254285453,123
1895,2248,C,C13189 (Immigration),2026-06-05T00:00:00.000Z,2026-07-27T00:00:00.000Z,6062024425,6062024425,1.27045E+11,1109103024,149
1896,1283,C,C13184 (Immigration),2026-06-05T00:00:00.000Z,2026-07-27T00:00:00.000Z,6061901024,6061901024,1.47836E+11,1328213729,111
1897,2573,C,C13221 (Battle),2026-07-03T00:00:00.000Z,2026-08-24T00:00:00.000Z,6060983852,3020799951,70231352140,433367131,109
1898,3150,C,C13230 (Battle),2026-07-03T00:00:00.000Z,2026-08-24T00:00:00.000Z,6055456823,6055456823,63292414639,980371174,125
1899,2180,C,,,,6054694085,6054694085,1.86991E+11,1268355020,134
1900,2568,C,,,,6053465117,6053465117,1.62494E+11,1223328090,121
1901,3133,C,,,,6042787890,6042787890,92943864551,1018204271,135
1902,2535,C,C13190 (Immigration),2026-06-05T00:00:00.000Z,2026-07-27T00:00:00.000Z,6042675568,6038316715,1.49258E+11,1162782247,142
1903,1352,C,C13196 (Immigration),2026-06-05T00:00:00.000Z,2026-07-27T00:00:00.000Z,6023963297,6023963297,2.103E+11,1402566980,169
1904,1484,C,,,,6022053997,6017275222,1.44429E+11,1160962906,110
1905,1360,C,C13203 (Immigration),2026-06-05T00:00:00.000Z,2026-07-27T00:00:00.000Z,6019857775,6019857775,1.45931E+11,1540621577,115
1906,1276,C,C13220 (Battle),2026-07-03T00:00:00.000Z,2026-08-24T00:00:00.000Z,6019557325,6019557325,1.25833E+11,1243053795,112
1907,2751,C,,,,6018106519,6014497228,49253400374,789575918,134
1908,3626,C,C13232 (Battle),2026-07-03T00:00:00.000Z,2026-08-24T00:00:00.000Z,6014330001,6014330001,69739645927,727203363,185
1909,3559,C,C13213 (Battle),2026-07-03T00:00:00.000Z,2026-08-24T00:00:00.000Z,6011158727,6008209788,2.2742E+11,1420039220,120
1910,1791,C,C13195 (Immigration),2026-06-05T00:00:00.000Z,2026-07-27T00:00:00.000Z,6008382211,6008382211,2.62158E+11,1469312092,145
1911,3027,C,C13194 (Immigration),2026-06-05T00:00:00.000Z,2026-07-27T00:00:00.000Z,6007795990,6006677611,4.36973E+11,1739851397,109
1912,2177,C,,,,6005264513,6005264513,98786726088,968923831,150
1913,2548,C,,,,6004203845,5260179197,80658973944,953661431,99
1914,3385,C,,,,6003732613,6003732613,1.05372E+11,1005176913,156
1915,1199,C,C13219 (Battle),2026-07-03T00:00:00.000Z,2026-08-24T00:00:00.000Z,6003417456,5991813980,1.0758E+11,1077803272,128
1916,1403,C,,,,5999000900,5992893359,1.10234E+11,1095161503,107
1917,1967,C,C13197 (Immigration),2026-06-05T00:00:00.000Z,2026-07-27T00:00:00.000Z,5994560039,5994560039,75697028327,1098488765,126
1918,1300,C,C13198 (Immigration),2026-06-05T00:00:00.000Z,2026-07-27T00:00:00.000Z,5990773432,5990773432,1.05654E+11,1202441559,115
1919,3214,C,C13224 (Battle),2026-07-03T00:00:00.000Z,2026-08-24T00:00:00.000Z,5986198208,5186973774,37063227111,662285629,122
1920,2371,C,C13197 (Immigration),2026-06-05T00:00:00.000Z,2026-07-27T00:00:00.000Z,5983499330,5982823370,1.13433E+11,1133430298,139
1921,2058,C,C13227 (Battle),2026-07-03T00:00:00.000Z,2026-08-24T00:00:00.000Z,5982573511,5976916232,2.89473E+11,1906017804,123
1922,2619,C,C13188 (Immigration),2026-06-05T00:00:00.000Z,2026-07-27T00:00:00.000Z,5980591744,5980591744,1.37878E+11,1237920391,151
1923,1440,C,,,,5978312524,5978312524,60387365051,987854668,124
1924,2984,C,,,,5977570860,5977570860,65422856552,998240747,129
1925,2454,C,C13216 (Battle),2026-07-03T00:00:00.000Z,2026-08-24T00:00:00.000Z,5977229060,5977229060,85661499747,935989957,149
1926,1286,C,,,,5974542230,5974542230,1.1748E+11,1447272740,111
1927,3642,C,,,,5973057196,5973057196,57279608930,774307756,154
1928,2903,C,C13231 (Battle),2026-07-03T00:00:00.000Z,2026-08-24T00:00:00.000Z,5972447461,5966166504,2.44651E+11,1659702911,114
1929,2022,C,,,,5971242111,5971242111,83769276493,1086791076,116
1930,1272,C,C13189 (Immigration),2026-06-05T00:00:00.000Z,2026-07-27T00:00:00.000Z,5971024345,5970941587,1.066E+11,1343511022,110
1931,2091,C,,,,5969320680,5969320680,61985921763,964538828,104
1932,2151,C,C13245 (Battle),2026-07-03T00:00:00.000Z,2026-08-24T00:00:00.000Z,5968695891,5968695891,1.09761E+11,1245709074,121
1933,2552,C,C13198 (Immigration),2026-06-05T00:00:00.000Z,2026-07-27T00:00:00.000Z,5958037494,5322254472,82025601402,1036033003,109
1934,3197,C,,,,5958004662,5958004662,1.24952E+11,1091066599,145
1935,1247,C,,,,5956318719,5956318719,1.06408E+11,1206666410,116
1936,3298,C,,,,5955241632,5954882556,1.24538E+11,1137639167,113
1937,2692,C,C13197 (Immigration),2026-06-05T00:00:00.000Z,2026-07-27T00:00:00.000Z,5953265012,5952140628,1.31742E+11,1247351796,123
1938,1390,C,C13184 (Immigration),2026-06-05T00:00:00.000Z,2026-07-27T00:00:00.000Z,5953243032,5953243032,2.3258E+11,1409156109,113
1939,1932,C,C13190 (Immigration),2026-06-05T00:00:00.000Z,2026-07-27T00:00:00.000Z,5952787171,5952787171,69689044640,950682546,99
1940,2526,C,C13196 (Immigration),2026-06-05T00:00:00.000Z,2026-07-27T00:00:00.000Z,5951790070,5951728457,2.07587E+11,1443156886,142
1941,3196,C,C13218 (Battle),2026-07-03T00:00:00.000Z,2026-08-24T00:00:00.000Z,5949932079,5949932079,1.36609E+11,1100659026,158
1942,2377,C,C13248 (Battle),2026-07-03T00:00:00.000Z,2026-08-24T00:00:00.000Z,5949267813,5945775248,1.00078E+11,953980622,206
1943,1856,C,C13220 (Battle),2026-07-03T00:00:00.000Z,2026-08-24T00:00:00.000Z,5944643384,5943302557,82366821575,1055771156,119
1944,3288,C,C13247 (Battle),2026-07-03T00:00:00.000Z,2026-08-24T00:00:00.000Z,5942641119,5942641119,71129877913,888582251,160
1945,1422,C,C13189 (Immigration),2026-06-05T00:00:00.000Z,2026-07-27T00:00:00.000Z,5942430319,5922746192,90724408392,1115040739,92
1946,2482,C,C13214 (Battle),2026-07-03T00:00:00.000Z,2026-08-24T00:00:00.000Z,5942018844,5942018844,1.26433E+11,1213700675,127
1947,1985,C,,,,5940291958,5940291958,81242987824,1103152286,127
1948,2989,C,,,,5939959304,5939959304,1.75877E+11,1325260100,118
1949,1005,C,C13197 (Immigration),2026-06-05T00:00:00.000Z,2026-07-27T00:00:00.000Z,5934858656,5934858656,1.32599E+11,1344200084,129
1950,2764,C,C13222 (Battle),2026-07-03T00:00:00.000Z,2026-08-24T00:00:00.000Z,5933902656,4550164719,93455832165,816761385,123
1951,1555,C,C13241 (Battle),2026-07-03T00:00:00.000Z,2026-08-24T00:00:00.000Z,5930522939,5863944146,79131555379,1058012803,99
1952,3468,C,C13216 (Battle),2026-07-03T00:00:00.000Z,2026-08-24T00:00:00.000Z,5930422073,5913357909,2.1691E+11,1226597164,158
1953,2798,C,C13240 (Battle),2026-07-03T00:00:00.000Z,2026-08-24T00:00:00.000Z,5928986300,3405278461,1.48874E+11,878543522,75
1954,3174,C,,,,5923812406,5923812406,1.12994E+11,1007538515,146
1955,2415,C,,,,5922367969,5922367969,94801954562,1108213168,120
1956,3147,C,C13194 (Immigration),2026-06-05T00:00:00.000Z,2026-07-27T00:00:00.000Z,5921119833,5900219149,2.49464E+11,1496742618,115
1957,3461,C,,,,5920087155,5919525235,1.73823E+11,1197514926,131
1958,1243,C,,,,5919039571,5919039571,1.68224E+11,1373963553,93
1959,1055,C,,,,5917709397,5917709397,78984783466,952248721,120
1960,3295,C,C13197 (Immigration),2026-06-05T00:00:00.000Z,2026-07-27T00:00:00.000Z,5913255866,5913255866,1.033E+11,828712785,145
1961,1244,C,,,,5912215589,5883776283,25348874618,751002569,103
1962,1153,C,C13219 (Battle),2026-07-03T00:00:00.000Z,2026-08-24T00:00:00.000Z,5908024133,5908024133,1.78906E+11,1625551705,97
1963,2507,C,,,,5907827689,5905366450,2.0162E+11,1444293942,115
1964,2762,C,C13224 (Battle),2026-07-03T00:00:00.000Z,2026-08-24T00:00:00.000Z,5907294448,5902717484,52331418116,837667552,121
1965,1729,C,,,,5905376233,5905376233,65453612456,1038479683,108
1966,3624,C,C13195 (Immigration),2026-06-05T00:00:00.000Z,2026-07-27T00:00:00.000Z,5904396547,5904396547,1.03076E+11,1005218444,153
1967,2682,C,,,,5903852476,5903852476,1.10296E+11,970046354,134
1968,2282,C,,,,5900791460,5884375838,95717476636,931754583,102
1969,1161,C,,,,5900304874,5706015674,79680935852,924726321,104
1970,3069,C,C13221 (Battle),2026-07-03T00:00:00.000Z,2026-08-24T00:00:00.000Z,5894652916,5889816771,1.55911E+11,1216619495,126
1971,1622,C,C13221 (Battle),2026-07-03T00:00:00.000Z,2026-08-24T00:00:00.000Z,5887368274,5421158798,1.20637E+11,1122664106,109
1972,3428,C,C13217 (Battle),2026-07-03T00:00:00.000Z,2026-08-24T00:00:00.000Z,5886068629,5886068629,1.12208E+11,1116353866,121
1973,3423,C,C13245 (Battle),2026-07-03T00:00:00.000Z,2026-08-24T00:00:00.000Z,5884489601,5884489601,1.13037E+11,1027509431,130
1974,2266,C,,,,5884051726,5884051726,1.17983E+11,1358624250,128
1975,1833,C,C13203 (Immigration),2026-06-05T00:00:00.000Z,2026-07-27T00:00:00.000Z,5881034675,5881034675,1.0232E+11,1302809916,97
1976,2746,C,,,,5880244106,5880244106,81610992611,810182440,147
1977,2148,C,,,,5878185302,5875405112,1.59438E+11,1299964528,119
1978,2577,C,,,,5877692606,5870916702,79180326804,880728795,91
1979,3051,C,,,,5874934088,5871882829,37793329559,738618786,126
1980,3552,C,C13203 (Immigration),2026-06-05T00:00:00.000Z,2026-07-27T00:00:00.000Z,5871539543,3684541945,73067056305,488304137,99
1981,3704,C,C13246 (Battle),2026-07-03T00:00:00.000Z,2026-08-24T00:00:00.000Z,5871486065,5871486065,77271674687,859952497,157
1982,1805,C,,,,5870333155,5870333155,1.81478E+11,1294311081,151
1983,1097,C,,,,5865828452,5865828452,1.54566E+11,1610713905,118
1984,2834,C,C13188 (Immigration),2026-06-05T00:00:00.000Z,2026-07-27T00:00:00.000Z,5865625516,5850837077,2.41518E+11,1334398923,135
1985,1745,C,,,,5861737576,5860802780,59995419957,973283583,104
1986,1119,C,C13222 (Battle),2026-07-03T00:00:00.000Z,2026-08-24T00:00:00.000Z,5859395233,5859395233,1.26732E+11,1200621985,94
1987,2574,C,C13190 (Immigration),2026-06-05T00:00:00.000Z,2026-07-27T00:00:00.000Z,5859167809,4885145077,1.26575E+11,1101402107,111
1988,1732,C,,,,5859067008,5850609048,39326440796,797601872,134
1989,1851,C,C13197 (Immigration),2026-06-05T00:00:00.000Z,2026-07-27T00:00:00.000Z,5857649039,5857649039,39650341867,926773037,113
1990,2230,C,C13242 (Battle),2026-07-03T00:00:00.000Z,2026-08-24T00:00:00.000Z,5850521295,5850521295,2.03468E+11,1287049545,143
1991,2190,C,C13247 (Battle),2026-07-03T00:00:00.000Z,2026-08-24T00:00:00.000Z,5849116145,5849116145,52376187124,913850904,113
1992,2455,C,C13188 (Immigration),2026-06-05T00:00:00.000Z,2026-07-27T00:00:00.000Z,5847376829,5847376829,1.22113E+11,1262530445,134
1993,2668,C,C13215 (Battle),2026-07-03T00:00:00.000Z,2026-08-24T00:00:00.000Z,5847267328,5847267328,1.01542E+11,1127934165,117
1994,2353,C,,,,5845624857,5839030213,1.22841E+11,1022662092,147
1995,3141,C,C13217 (Battle),2026-07-03T00:00:00.000Z,2026-08-24T00:00:00.000Z,5839204300,5839204300,1.18396E+11,973615771,119
1996,1115,C,C13223 (Battle),2026-07-03T00:00:00.000Z,2026-08-24T00:00:00.000Z,5838705428,5838705428,63823095732,1077321712,130
1997,3123,C,,,,5837874048,5837874048,1.37263E+11,1306529155,112
1998,3208,C,,,,5836720145,5836720145,69423868835,866686551,144
1999,1769,C,C13231 (Battle),2026-07-03T00:00:00.000Z,2026-08-24T00:00:00.000Z,5833502437,5823107017,1.69767E+11,1357806306,115
2000,1647,C,C13240 (Battle),2026-07-03T00:00:00.000Z,2026-08-24T00:00:00.000Z,5833127664,5699355099,2.34799E+11,1917652802,125
2001,1475,C,C13219 (Battle),2026-07-03T00:00:00.000Z,2026-08-24T00:00:00.000Z,5832064669,5828921328,2.11656E+11,1434924436,94
2002,1790,C,,,,5827238399,5827238399,65144431237,952730043,111
2003,2470,C,C13228 (Battle),2026-07-03T00:00:00.000Z,2026-08-24T00:00:00.000Z,5826305820,5826305820,18772044453,817330314,205
2004,2767,C,C13198 (Immigration),2026-06-05T00:00:00.000Z,2026-07-27T00:00:00.000Z,5825152133,5825152133,1.01527E+11,979022106,149
2005,3353,C,C13197 (Immigration),2026-06-05T00:00:00.000Z,2026-07-27T00:00:00.000Z,5820122428,5820122428,1.50766E+11,1165161579,140
2006,1427,C,C13188 (Immigration),2026-06-05T00:00:00.000Z,2026-07-27T00:00:00.000Z,5819513668,5816857367,1.49842E+11,1153062022,112
2007,2254,C,C13221 (Battle),2026-07-03T00:00:00.000Z,2026-08-24T00:00:00.000Z,5816617931,5816617931,61121836102,994640445,109
2008,3436,C,,,,5816287721,5816287721,1.06389E+11,886110828,109
2009,1321,C,,,,5815936436,5808574625,1.04027E+11,1033988960,102
2010,3821,C,C13222 (Battle),2026-07-03T00:00:00.000Z,2026-08-24T00:00:00.000Z,5815215936,5815215936,73080826795,524386866,159
2011,2594,C,,,,5811825778,5811825778,66378911786,960869435,95
2012,3305,C,,,,5811645544,5811645544,82883249686,794681669,145
2013,2956,C,,,,5810927508,5810927508,1.71926E+11,1024410572,168
2014,1540,C,C13241 (Battle),2026-07-03T00:00:00.000Z,2026-08-24T00:00:00.000Z,5809424389,5809424389,1.45355E+11,1027721703,95
2015,1624,C,C13245 (Battle),2026-07-03T00:00:00.000Z,2026-08-24T00:00:00.000Z,5802634939,5802634939,70151938376,1053641600,103
2016,3766,C,C13237 (Battle),2026-07-03T00:00:00.000Z,2026-08-24T00:00:00.000Z,5799242924,5799242924,1.12014E+11,767404957,157
2017,2040,C,C13198 (Immigration),2026-06-05T00:00:00.000Z,2026-07-27T00:00:00.000Z,5795190332,5795190332,1.23926E+11,1161798800,131
2018,2484,C,,,,5787766678,5787766678,1.65642E+11,1245554478,123
2019,1383,C,C13194 (Immigration),2026-06-05T00:00:00.000Z,2026-07-27T00:00:00.000Z,5782332725,5753101451,3.53278E+11,1663205829,98
2020,2553,C,,,,5781024823,5761016965,2.05566E+11,1113816272,134
2021,2004,C,C13204 (Immigration),2026-06-05T00:00:00.000Z,2026-07-27T00:00:00.000Z,5777060404,2787500807,56552494215,494646939,106
2022,2252,C,,,,5775300285,5775300285,47880333452,793281210,111
2023,2897,C,C13218 (Battle),2026-07-03T00:00:00.000Z,2026-08-24T00:00:00.000Z,5774381062,4627764610,1.78282E+11,1164072897,113
2024,2279,C,C13188 (Immigration),2026-06-05T00:00:00.000Z,2026-07-27T00:00:00.000Z,5774119204,5774119204,1.67519E+11,1436361330,132
2025,2208,C,,,,5773155397,5773155397,96345752846,1132632380,136
2026,1951,C,C13204 (Immigration),2026-06-05T00:00:00.000Z,2026-07-27T00:00:00.000Z,5770693068,3797450548,1.18553E+11,929141895,95
2027,3041,C,,,,5764351687,5761484206,94882016242,994253489,123
2028,1537,C,C13191 (Immigration),2026-06-05T00:00:00.000Z,2026-07-27T00:00:00.000Z,5762559942,5586320323,95609945713,1075350115,89
2029,1205,C,C13222 (Battle),2026-07-03T00:00:00.000Z,2026-08-24T00:00:00.000Z,5761565132,5761565132,76191910875,1110027986,110
2030,2085,C,C13248 (Battle),2026-07-03T00:00:00.000Z,2026-08-24T00:00:00.000Z,5761039952,5760405774,42740664300,845750055,121
2031,1363,C,C13241 (Battle),2026-07-03T00:00:00.000Z,2026-08-24T00:00:00.000Z,5758989486,5758989486,1.24451E+11,1338735356,92
2032,2876,C,C13189 (Immigration),2026-06-05T00:00:00.000Z,2026-07-27T00:00:00.000Z,5758856674,5758856674,1.05418E+11,1123315878,107
2033,2039,C,C13217 (Battle),2026-07-03T00:00:00.000Z,2026-08-24T00:00:00.000Z,5758820572,5758820572,49067581821,879026879,146
2034,2941,C,C13222 (Battle),2026-07-03T00:00:00.000Z,2026-08-24T00:00:00.000Z,5750910573,5750309907,1.30393E+11,1192555512,166
2035,1735,C,C13230 (Battle),2026-07-03T00:00:00.000Z,2026-08-24T00:00:00.000Z,5747760552,5747760552,95207255180,1262912930,126
2036,2674,C,C13229 (Battle),2026-07-03T00:00:00.000Z,2026-08-24T00:00:00.000Z,5743998917,5730833366,80877995190,991347818,138
2037,1629,C,C13247 (Battle),2026-07-03T00:00:00.000Z,2026-08-24T00:00:00.000Z,5741252838,5741252838,1.0025E+11,1050041527,104
2038,1192,C,C13220 (Battle),2026-07-03T00:00:00.000Z,2026-08-24T00:00:00.000Z,5740050666,5525694187,70905360971,847913336,85
2039,2840,C,,,,5734778919,5734778919,42221249095,647510420,176
2040,1681,C,C13222 (Battle),2026-07-03T00:00:00.000Z,2026-08-24T00:00:00.000Z,5732081955,4957188370,75722414371,811532189,125
2041,2176,C,C13191 (Immigration),2026-06-05T00:00:00.000Z,2026-07-27T00:00:00.000Z,5731875186,5731875186,42401912633,850181127,118
2042,1323,C,C13224 (Battle),2026-07-03T00:00:00.000Z,2026-08-24T00:00:00.000Z,5731691796,2356471941,43339225181,316489621,87
2043,2145,C,C13190 (Immigration),2026-06-05T00:00:00.000Z,2026-07-27T00:00:00.000Z,5730341951,5726976652,1.19477E+11,1125269340,109
2044,1988,C,,,,5724666480,5724666480,1.81847E+11,1174269563,127
2045,1217,C,,,,5724530126,5724530126,91631267155,1052281673,109
2046,3466,C,C13196 (Immigration),2026-06-05T00:00:00.000Z,2026-07-27T00:00:00.000Z,5721926753,5721926753,1.35844E+11,1156200756,127
2047,1279,C,,,,5721470445,5721470445,90954749656,1151761032,110
2048,2008,C,,,,5719935958,5719935958,67480253087,1017933784,119
2049,3616,C,C13185 (Immigration),2026-06-05T00:00:00.000Z,2026-07-27T00:00:00.000Z,5713319063,5713319063,1.00878E+11,1112928355,112
2050,1280,C,C13198 (Immigration),2026-06-05T00:00:00.000Z,2026-07-27T00:00:00.000Z,5712433975,5712433975,48127577826,1077953331,120
2051,1518,C,C13185 (Immigration),2026-06-05T00:00:00.000Z,2026-07-27T00:00:00.000Z,5708504989,5708504989,93685967593,1182072962,89
2052,1953,C,,,,5708391455,5708391455,66777486926,1105827066,95
2053,3411,C,,,,5705916637,5705916637,87569656061,883912960,117
2054,2735,C,,,,5702546567,5702546567,1.62642E+11,991647649,190
2055,2407,C,C13245 (Battle),2026-07-03T00:00:00.000Z,2026-08-24T00:00:00.000Z,5700379653,5700379653,71009413320,976549768,114
2056,3135,C,C13227 (Battle),2026-07-03T00:00:00.000Z,2026-08-24T00:00:00.000Z,5697074504,5683592903,3.07818E+11,1478338419,146
2057,2413,C,C13220 (Battle),2026-07-03T00:00:00.000Z,2026-08-24T00:00:00.000Z,5696879933,5696879933,1.08207E+11,929648020,105
2058,1957,C,C13225 (Battle),2026-07-03T00:00:00.000Z,2026-08-24T00:00:00.000Z,5696333105,5267312019,43744853395,799745291,104
2059,2225,C,C13189 (Immigration),2026-06-05T00:00:00.000Z,2026-07-27T00:00:00.000Z,5692022154,5688151609,86771778158,1086606896,116
2060,3557,C,,,,5691599287,5691599287,1.79318E+11,1089268346,150
2061,3334,C,C13229 (Battle),2026-07-03T00:00:00.000Z,2026-08-24T00:00:00.000Z,5689753154,5689753154,1.17959E+11,1029973294,129
2062,1947,C,C13188 (Immigration),2026-06-05T00:00:00.000Z,2026-07-27T00:00:00.000Z,5687981285,5686782585,1.15125E+11,1305133085,100
2063,2503,C,C13222 (Battle),2026-07-03T00:00:00.000Z,2026-08-24T00:00:00.000Z,5687253686,5687253686,81337799107,1006825539,123
2064,3456,C,C13216 (Battle),2026-07-03T00:00:00.000Z,2026-08-24T00:00:00.000Z,5682452782,5682452782,95243168537,1004713369,115
2065,2360,C,,,,5681404700,5678821252,62173438077,855667673,108
2066,1059,C,,,,5680049942,5671958221,93222149749,1040093649,108
2067,1998,C,,,,5679230147,5678517373,97856083850,1089114230,98
2068,2934,C,C13220 (Battle),2026-07-03T00:00:00.000Z,2026-08-24T00:00:00.000Z,5678138180,5678138180,1.29546E+11,987086428,141
2069,2948,C,C13198 (Immigration),2026-06-05T00:00:00.000Z,2026-07-27T00:00:00.000Z,5675428483,4510402079,1.21517E+11,889120905,146
2070,1731,C,,,,5672563280,5672563280,42179139112,1105406269,134
2071,3661,C,C13246 (Battle),2026-07-03T00:00:00.000Z,2026-08-24T00:00:00.000Z,5670134344,5670134344,1.04068E+11,906841273,137
2072,2075,C,,,,5669783373,5657078267,91244635348,1116224782,114
2073,1983,C,,,,5664481815,5664481815,1.29414E+11,1075826775,111
2074,1710,C,C13228 (Battle),2026-07-03T00:00:00.000Z,2026-08-24T00:00:00.000Z,5659643173,5659643173,77881386153,1032418324,108
2075,1421,C,C13199 (Immigration),2026-06-05T00:00:00.000Z,2026-07-27T00:00:00.000Z,5658783221,5643378185,2.00686E+11,1198062235,117
2076,3252,C,,,,5648786211,5648786211,54229775067,941220608,127
2077,1802,C,,,,5648503171,5648503171,1.26039E+11,1359373311,102
2078,2615,C,,,,5647293464,5647293464,43382683427,775812085,125
2079,2178,C,,,,5643767699,4892814211,53687357387,809845097,114
2080,3655,C,C13218 (Battle),2026-07-03T00:00:00.000Z,2026-08-24T00:00:00.000Z,5638757954,5638757954,65624195992,733258202,146
2081,1262,C,,,,5638177436,5638177436,88280794744,1116350121,106
2082,3073,C,C13227 (Battle),2026-07-03T00:00:00.000Z,2026-08-24T00:00:00.000Z,5637732629,5637732629,1.20455E+11,1243701306,120
2083,2508,C,C13187 (Immigration),2026-06-05T00:00:00.000Z,2026-07-27T00:00:00.000Z,5636493104,3148617894,1.25959E+11,679535934,93
2084,3413,C,,,,5636275035,5636275035,87710033932,859732979,126
2085,1117,C,C13222 (Battle),2026-07-03T00:00:00.000Z,2026-08-24T00:00:00.000Z,5633021542,5633021542,59168611871,978282510,113
2086,3064,C,C13186 (Immigration),2026-06-05T00:00:00.000Z,2026-07-27T00:00:00.000Z,5630836153,5630836153,96417081030,1086148286,99
2087,1429,C,C13242 (Battle),2026-07-03T00:00:00.000Z,2026-08-24T00:00:00.000Z,5627529278,1789933336,1.60053E+11,392356074,113
2088,1867,C,C13222 (Battle),2026-07-03T00:00:00.000Z,2026-08-24T00:00:00.000Z,5626454405,5626454405,53968580125,881624426,141
2089,1785,C,,,,5624634267,5622723417,45996137729,696847601,84
2090,1194,C,,,,5611771964,5611771964,54778480932,1051077360,121
2091,1698,C,C13225 (Battle),2026-07-03T00:00:00.000Z,2026-08-24T00:00:00.000Z,5608290351,5077891990,1.44841E+11,1013988663,88
2092,1452,C,C13212 (Battle),2026-07-03T00:00:00.000Z,2026-08-24T00:00:00.000Z,5605768204,5605768204,2.26825E+11,1069949073,125
2093,3822,C,C13209 (Battle),2026-07-03T00:00:00.000Z,2026-08-24T00:00:00.000Z,5603499716,5603499716,57782459754,487956703,167
2094,3804,C,C13221 (Battle),2026-07-03T00:00:00.000Z,2026-08-24T00:00:00.000Z,5603270595,5603270595,52935625108,697852066,139
2095,1928,C,,,,5601871415,5601871415,1.08522E+11,1124011348,114
2096,2347,C,C13213 (Battle),2026-07-03T00:00:00.000Z,2026-08-24T00:00:00.000Z,5601133306,5594712258,2.21622E+11,1268996420,142
2097,1449,C,C13190 (Immigration),2026-06-05T00:00:00.000Z,2026-07-27T00:00:00.000Z,5600052990,5600052990,1.65699E+11,1241568791,117
2098,1590,C,,,,5598834778,5598834778,70666263264,925696352,118
2099,1372,C,C13222 (Battle),2026-07-03T00:00:00.000Z,2026-08-24T00:00:00.000Z,5593624120,5588199627,93339058388,1234518574,102
2100,1062,C,C13195 (Immigration),2026-06-05T00:00:00.000Z,2026-07-27T00:00:00.000Z,5591803033,5591803033,1.84925E+11,1415094485,129
2101,1319,C,C13230 (Battle),2026-07-03T00:00:00.000Z,2026-08-24T00:00:00.000Z,5590026652,5590026652,33813123009,900265679,128
2102,2046,C,C13222 (Battle),2026-07-03T00:00:00.000Z,2026-08-24T00:00:00.000Z,5589049380,5589049380,91839102325,1070379494,111
2103,1742,C,,,,5582798615,5517009208,38138222180,598826866,74
2104,2005,C,C13205 (Immigration),2026-06-05T00:00:00.000Z,2026-07-27T00:00:00.000Z,5578408465,5578408465,1.22327E+11,1196187765,130
2105,3686,C,,,,5577995575,5577995575,1.11245E+11,908834636,151
2106,2090,C,,,,5576851459,5576851459,61860520310,1066620891,109
2107,2092,C,,,,5571654070,5571654070,60970211326,1047298335,83
2108,3310,C,C13230 (Battle),2026-07-03T00:00:00.000Z,2026-08-24T00:00:00.000Z,5566550442,5566550442,1.6419E+11,954503278,158
2109,1740,C,C13243 (Battle),2026-07-03T00:00:00.000Z,2026-08-24T00:00:00.000Z,5564274680,5564274680,1.46436E+11,1427219497,114
2110,2366,C,,,,5563173581,5563173581,1.9486E+11,1264881829,103
2111,1737,C,,,,5563054778,5563054778,92673184307,947935270,117
2112,1294,C,C13245 (Battle),2026-07-03T00:00:00.000Z,2026-08-24T00:00:00.000Z,5562094621,5562094621,45820949489,902121663,117
2113,1084,C,,,,5559828193,5559828193,74279577109,876372770,105
2114,1312,C,C13220 (Battle),2026-07-03T00:00:00.000Z,2026-08-24T00:00:00.000Z,5559743793,5537697240,87369916390,956113676,103
2115,1925,C,C13221 (Battle),2026-07-03T00:00:00.000Z,2026-08-24T00:00:00.000Z,5559007472,5558923806,46570566148,897084272,117
2116,1876,C,,,,5557858372,5535091986,40512596158,676637028,77
2117,2649,C,,,,5556525859,5540984488,1.08804E+11,1109514208,117
2118,3122,C,,,,5551090655,5551090655,97637441432,995362359,101
2119,2223,C,,,,5548937571,3667429838,1.28644E+11,881632981,126
2120,2310,C,,,,5545361489,5545361489,48088636590,748694776,99
2121,1430,C,C13188 (Immigration),2026-06-05T00:00:00.000Z,2026-07-27T00:00:00.000Z,5540833724,5540833724,1.87662E+11,1319211129,136
2122,1646,C,C13240 (Battle),2026-07-03T00:00:00.000Z,2026-08-24T00:00:00.000Z,5539988321,5161137029,88520423852,930122169,100
2123,3529,C,C13238 (Battle),2026-07-03T00:00:00.000Z,2026-08-24T00:00:00.000Z,5531122096,5531122096,80194946972,785635759,146
2124,1715,C,C13222 (Battle),2026-07-03T00:00:00.000Z,2026-08-24T00:00:00.000Z,5530858821,4523621677,1.12844E+11,776823844,87
2125,1030,C,C13223 (Battle),2026-07-03T00:00:00.000Z,2026-08-24T00:00:00.000Z,5527999694,5527999694,53513122170,987359458,106
2126,1656,C,,,,5527209948,5527209948,70229601400,965248666,92
2127,1557,C,,,,5526701355,5526701355,1.00451E+11,999261666,106
2128,3116,C,,,,5525590248,5525590248,70439328556,908068046,128
2129,3638,C,,,,5525388596,5525388596,64032105653,759544738,132
2130,3037,C,C13190 (Immigration),2026-06-05T00:00:00.000Z,2026-07-27T00:00:00.000Z,5524955743,5524955743,63487335742,846774105,131
2131,1982,C,,,,5516400648,5516400648,1.05202E+11,1153105868,100
2132,3911,C,,,,5512418457,5512418457,27391806459,320118550,164
2133,2904,C,,,,5511672302,5511672302,78899691131,852326874,132
2134,3039,C,C13197 (Immigration),2026-06-05T00:00:00.000Z,2026-07-27T00:00:00.000Z,5507217480,5507217480,1.68876E+11,1181047983,118
2135,2895,C,C13246 (Battle),2026-07-03T00:00:00.000Z,2026-08-24T00:00:00.000Z,5505213262,5505213262,39773130416,819276258,112
2136,1604,C,C13215 (Battle),2026-07-03T00:00:00.000Z,2026-08-24T00:00:00.000Z,5502494610,5502494610,1.23485E+11,1161583952,113
2137,2664,C,C13217 (Battle),2026-07-03T00:00:00.000Z,2026-08-24T00:00:00.000Z,5500822155,5500822155,1.40501E+11,1144963287,119
2138,3359,C,C13240 (Battle),2026-07-03T00:00:00.000Z,2026-08-24T00:00:00.000Z,5500790005,4694074393,90211557172,751030802,106
2139,2597,C,,,,5491145517,5480380087,41034596162,819449806,105
2140,1332,C,C13190 (Immigration),2026-06-05T00:00:00.000Z,2026-07-27T00:00:00.000Z,5486579835,5177659667,80784433571,1002087452,89
2141,1086,C,C13204 (Immigration),2026-06-05T00:00:00.000Z,2026-07-27T00:00:00.000Z,5484622212,4980818907,1.77786E+11,1191755618,100
2142,1644,C,C13223 (Battle),2026-07-03T00:00:00.000Z,2026-08-24T00:00:00.000Z,5484300346,5475613311,33944327716,791385995,87
2143,1325,C,,,,5473161846,5473161846,73073746805,1004720041,119
2144,1935,C,,,,5469931326,5465220602,1.61899E+11,1274669038,109
2145,1341,C,C13190 (Immigration),2026-06-05T00:00:00.000Z,2026-07-27T00:00:00.000Z,5466845407,5466845407,61928372841,1251399884,114
2146,1640,C,,,,5456960897,5456960897,1.05807E+11,1028377085,104
2147,3281,C,C13190 (Immigration),2026-06-05T00:00:00.000Z,2026-07-27T00:00:00.000Z,5454217430,5454217430,89290638615,782379123,138
2148,3316,C,C13197 (Immigration),2026-06-05T00:00:00.000Z,2026-07-27T00:00:00.000Z,5453701954,5453701954,1.45031E+11,975745942,140
2149,1114,C,,,,5451789828,5451789828,63891496580,713333622,87
2150,2543,C,C13217 (Battle),2026-07-03T00:00:00.000Z,2026-08-24T00:00:00.000Z,5447369616,5447369616,1.26636E+11,1085993056,148
2151,2582,C,C13229 (Battle),2026-07-03T00:00:00.000Z,2026-08-24T00:00:00.000Z,5447126370,5447126370,1.12296E+11,941721350,135
2152,1492,C,C13216 (Battle),2026-07-03T00:00:00.000Z,2026-08-24T00:00:00.000Z,5445823974,5445823974,1.52075E+11,1255283521,124
2153,2467,C,,,,5440253042,5440253042,42045620854,730280002,100
2154,1298,C,,,,5439790034,5439790034,81126573375,1024927238,87
2155,2705,C,C13189 (Immigration),2026-06-05T00:00:00.000Z,2026-07-27T00:00:00.000Z,5439436353,5439436353,1.26415E+11,1343026940,132
2156,2107,C,,,,5437353711,5429501603,93138203673,991502883,101
2157,3410,C,,,,5435919884,5435919884,63562786590,839984423,108
2158,2893,C,C13198 (Immigration),2026-06-05T00:00:00.000Z,2026-07-27T00:00:00.000Z,5434614326,4599586966,59257347153,687817616,96
2159,2450,C,C13199 (Immigration),2026-06-05T00:00:00.000Z,2026-07-27T00:00:00.000Z,5434098852,5434098852,2.31478E+11,1259779879,133
2160,3232,C,C13205 (Immigration),2026-06-05T00:00:00.000Z,2026-07-27T00:00:00.000Z,5433428237,5433428237,1.46435E+11,1014163154,170
2161,2060,C,C13230 (Battle),2026-07-03T00:00:00.000Z,2026-08-24T00:00:00.000Z,5433189666,5433189666,1.00976E+11,1053130343,141
2162,2958,C,C13185 (Immigration),2026-06-05T00:00:00.000Z,2026-07-27T00:00:00.000Z,5431410251,5431410251,2.93244E+11,1467245195,146
2163,2799,C,,,,5427657087,5427657087,80208769729,887168203,122
2164,2052,C,,,,5427134263,5422637627,1.11029E+11,1119576664,104
2165,2873,C,C13248 (Battle),2026-07-03T00:00:00.000Z,2026-08-24T00:00:00.000Z,5425269138,5425269138,1.48355E+11,1231695155,103
2166,1979,C,,,,5423770635,5423770635,56580173055,825375251,113
2167,3577,C,C13221 (Battle),2026-07-03T00:00:00.000Z,2026-08-24T00:00:00.000Z,5420706567,5420706567,63440564986,695684380,144
2168,2109,C,,,,5417816302,5417816302,1.12517E+11,1067338843,133
2169,2380,C,,,,5415889344,5407345155,1.04164E+11,912112831,120
2170,1333,C,,,,5408058173,5398256382,84106047254,973660714,80
2171,2219,C,,,,5407306269,4928321995,84316359108,958329554,104
2172,1081,C,,,,5401500560,5401500560,1.33274E+11,1172701497,104
2173,1561,C,C13205 (Immigration),2026-06-05T00:00:00.000Z,2026-07-27T00:00:00.000Z,5400841033,5038968618,56879543426,961347060,99
2174,2191,C,C13186 (Immigration),2026-06-05T00:00:00.000Z,2026-07-27T00:00:00.000Z,5400120107,5400120107,1.32228E+11,1283397742,133
2175,3105,C,,,,5395063907,5395063907,1.11656E+11,1114389935,120
2176,2118,C,C13243 (Battle),2026-07-03T00:00:00.000Z,2026-08-24T00:00:00.000Z,5394885331,5394885331,59066446613,935015439,110
2177,1317,C,C13241 (Battle),2026-07-03T00:00:00.000Z,2026-08-24T00:00:00.000Z,5393108712,5393108712,1.22977E+11,1139935200,99
2178,2082,C,C13223 (Battle),2026-07-03T00:00:00.000Z,2026-08-24T00:00:00.000Z,5391131872,5389972547,67567185736,733956852,93
2179,3680,C,,,,5389858214,5389858214,85551067287,742405556,138
2180,3881,C,C13207 (Battle),2026-06-11T00:00:00.000Z,2026-08-08T00:00:00.000Z,5389119026,5389119026,27314781172,304835546,162
2181,1798,C,C13216 (Battle),2026-07-03T00:00:00.000Z,2026-08-24T00:00:00.000Z,5385366755,2726517850,1.74959E+11,540152982,102
2182,3340,C,,,,5382879298,5382879298,50345890729,919106387,125
2183,1775,C,C13230 (Battle),2026-07-03T00:00:00.000Z,2026-08-24T00:00:00.000Z,5381496044,5381496044,81458032994,1103863550,121
2184,2500,C,C13193 (Immigration),2026-06-05T00:00:00.000Z,2026-07-27T00:00:00.000Z,5380391246,5378590983,3.39163E+11,1661773666,99
2185,3522,C,C13227 (Battle),2026-07-03T00:00:00.000Z,2026-08-24T00:00:00.000Z,5377360027,5377360027,1.12267E+11,1051797881,119
2186,1733,C,C13219 (Battle),2026-07-03T00:00:00.000Z,2026-08-24T00:00:00.000Z,5376308561,5376308561,1.28793E+11,1374799057,107
2187,2453,C,C13186 (Immigration),2026-06-05T00:00:00.000Z,2026-07-27T00:00:00.000Z,5373198650,3573954634,2.10932E+11,1049202155,93
2188,2465,C,,,,5373015569,5373015569,88511561170,1173338598,113
2189,1375,C,,,,5371956594,5371956594,80140607514,1280053676,101
2190,3476,C,C13218 (Battle),2026-07-03T00:00:00.000Z,2026-08-24T00:00:00.000Z,5369788098,5369788098,94180904161,883176674,137
2191,3575,C,,,,5368683763,5368683763,1.37552E+11,998574304,158
2192,3017,C,,,,5363909985,5363909985,1.45007E+11,1072315274,105
2193,3556,C,C13187 (Immigration),2026-06-05T00:00:00.000Z,2026-07-27T00:00:00.000Z,5361250633,5361250633,1.13561E+11,977182724,105
2194,1019,C,,,,5361095860,4163001525,1.20477E+11,858142543,104
2195,2301,C,C13219 (Battle),2026-07-03T00:00:00.000Z,2026-08-24T00:00:00.000Z,5358337673,5358337673,1.54246E+11,1121040235,106
2196,2628,C,C13195 (Immigration),2026-06-05T00:00:00.000Z,2026-07-27T00:00:00.000Z,5356002189,5356002189,1.88775E+11,1167791003,101
2197,1857,D,,,,5355384288,5355384288,1.00099E+11,983903116,105
2198,2924,D,C13184 (Immigration),2026-06-05T00:00:00.000Z,2026-07-27T00:00:00.000Z,5353900760,5353900760,1.6437E+11,1295004037,86
2199,2322,D,,,,5353517515,5353517515,57775225256,983762343,94
2200,3554,D,C13241 (Battle),2026-07-03T00:00:00.000Z,2026-08-24T00:00:00.000Z,5352421102,5352421102,82024103754,780133259,133
2201,1772,D,C13241 (Battle),2026-07-03T00:00:00.000Z,2026-08-24T00:00:00.000Z,5349600054,5349600054,74531864761,937319341,127
2202,1431,D,C13223 (Battle),2026-07-03T00:00:00.000Z,2026-08-24T00:00:00.000Z,5348299189,5348299189,65811032990,960702930,96
2203,2447,D,,,,5346702514,5340399725,1.28579E+11,1309091633,84
2204,1896,D,C13230 (Battle),2026-07-03T00:00:00.000Z,2026-08-24T00:00:00.000Z,5346040156,5346040156,60931679954,1009224252,95
2205,1764,D,C13247 (Battle),2026-07-03T00:00:00.000Z,2026-08-24T00:00:00.000Z,5340779245,5340779245,40208880734,804457250,90
2206,2042,D,C13229 (Battle),2026-07-03T00:00:00.000Z,2026-08-24T00:00:00.000Z,5338568854,5338568854,54721104984,912509488,106
2207,2104,D,,,,5328007157,5322562881,1.00024E+11,1115003842,91
2208,3650,D,,,,5327591498,5327591498,48943574158,553113172,130
2209,2684,D,,,,5327051068,5327051068,76366090219,1098028483,117
2210,1454,D,C13199 (Immigration),2026-06-05T00:00:00.000Z,2026-07-27T00:00:00.000Z,5323727312,5308773779,1.93046E+11,1518130981,108
2211,2491,D,,,,5317544753,4813757568,53271154946,716569782,85
2212,1849,D,,,,5315192932,5315192932,1.41816E+11,1197746161,112
2213,1504,D,C13218 (Battle),2026-07-03T00:00:00.000Z,2026-08-24T00:00:00.000Z,5314194257,5311592922,1.96112E+11,1291236172,101
2214,2932,D,,,,5310209164,5310209164,74593595593,1026977334,124
2215,3139,D,,,,5308610664,5308610664,1.87386E+11,1213407393,131
2216,1165,D,,,,5307870386,5307870386,40705360351,737542298,104
2217,1723,D,,,,5303897876,5021209016,21236397156,454186159,108
2218,2942,D,C13191 (Immigration),2026-06-05T00:00:00.000Z,2026-07-27T00:00:00.000Z,5301346518,5301346518,44085455293,935342547,119
2219,1693,D,,,,5301023711,5296167223,41376354348,837752594,100
2220,2411,D,C13198 (Immigration),2026-06-05T00:00:00.000Z,2026-07-27T00:00:00.000Z,5298755389,5298755389,68342751879,956069309,110
2221,2996,D,C13195 (Immigration),2026-06-05T00:00:00.000Z,2026-07-27T00:00:00.000Z,5296639685,5287027442,3.32891E+11,1297008125,119
2222,3339,D,C13215 (Battle),2026-07-03T00:00:00.000Z,2026-08-24T00:00:00.000Z,5296480248,5269034473,2.15656E+11,1121537878,126
2223,3311,D,C13205 (Immigration),2026-06-05T00:00:00.000Z,2026-07-27T00:00:00.000Z,5293786060,4219400226,37450994915,607315260,105
2224,3200,D,C13189 (Immigration),2026-06-05T00:00:00.000Z,2026-07-27T00:00:00.000Z,5292730116,5292730116,69010602093,846652077,119
2225,1512,D,,,,5288707022,5277198589,93002300374,1230986725,91
2226,3579,D,C13187 (Immigration),2026-06-05T00:00:00.000Z,2026-07-27T00:00:00.000Z,5287219564,5280634406,1.03001E+11,818707914,124
2227,2406,D,C13188 (Immigration),2026-06-05T00:00:00.000Z,2026-07-27T00:00:00.000Z,5284923132,5283552850,1.37111E+11,1209473893,106
2228,1914,D,C13229 (Battle),2026-07-03T00:00:00.000Z,2026-08-24T00:00:00.000Z,5278805760,5278607821,1.31529E+11,1260064692,112
2229,2106,D,C13218 (Battle),2026-07-03T00:00:00.000Z,2026-08-24T00:00:00.000Z,5276196996,3973458280,1.61499E+11,805726373,109
2230,2502,D,C13203 (Immigration),2026-06-05T00:00:00.000Z,2026-07-27T00:00:00.000Z,5274773196,4802536468,92942763108,1066765583,95
2231,3744,D,C13246 (Battle),2026-07-03T00:00:00.000Z,2026-08-24T00:00:00.000Z,5273553832,5273553832,59021561281,554837722,135
2232,2877,D,C13193 (Immigration),2026-06-05T00:00:00.000Z,2026-07-27T00:00:00.000Z,5271340711,5271340711,2.50929E+11,1433801766,110
2233,3223,D,,,,5268508330,5268508330,1.92169E+11,1195636129,105
2234,1273,D,C13221 (Battle),2026-07-03T00:00:00.000Z,2026-08-24T00:00:00.000Z,5266523953,5266523953,43072289581,935613726,104
2235,2645,D,C13189 (Immigration),2026-06-05T00:00:00.000Z,2026-07-27T00:00:00.000Z,5265836041,5260198768,1.15145E+11,1054655840,105
2236,1462,D,C13229 (Battle),2026-07-03T00:00:00.000Z,2026-08-24T00:00:00.000Z,5263433287,5248452428,1.07445E+11,1125926071,115
2237,2882,D,C13198 (Immigration),2026-06-05T00:00:00.000Z,2026-07-27T00:00:00.000Z,5262048963,5261016017,71347946385,811751357,86
2238,2789,D,C13229 (Battle),2026-07-03T00:00:00.000Z,2026-08-24T00:00:00.000Z,5261035298,5261035298,2.57619E+11,1274705466,136
2239,3866,D,C13206 (Battle),2026-06-11T00:00:00.000Z,2026-08-08T00:00:00.000Z,5259258497,5259258497,33486296941,352924114,155
2240,1396,D,C13190 (Immigration),2026-06-05T00:00:00.000Z,2026-07-27T00:00:00.000Z,5256584312,5256584312,45955918932,1018286854,85
2241,2853,D,C13224 (Battle),2026-07-03T00:00:00.000Z,2026-08-24T00:00:00.000Z,5249942730,5249942730,57675928869,782039549,94
2242,2592,D,C13241 (Battle),2026-07-03T00:00:00.000Z,2026-08-24T00:00:00.000Z,5249795111,5244028676,1.37098E+11,921739579,130
2243,2630,D,,,,5249595333,5248945710,98866808824,1071828129,109
2244,1803,D,,,,5249457260,5249457260,56147772904,855847353,110
2245,2438,D,C13220 (Battle),2026-07-03T00:00:00.000Z,2026-08-24T00:00:00.000Z,5246161605,5246161605,73305562195,799870288,121
2246,1692,D,C13223 (Battle),2026-07-03T00:00:00.000Z,2026-08-24T00:00:00.000Z,5245684320,5244224351,67720666103,821218322,112
2247,3598,D,C13189 (Immigration),2026-06-05T00:00:00.000Z,2026-07-27T00:00:00.000Z,5241067737,5241067737,66526170703,892895636,129
2248,1610,D,,,,5239564567,5223711791,67416693638,857234278,84
2249,3445,D,C13228 (Battle),2026-07-03T00:00:00.000Z,2026-08-24T00:00:00.000Z,5237150943,5237150943,97621303146,805843759,119
2250,3375,D,C13183 (Immigration),2026-06-05T00:00:00.000Z,2026-07-27T00:00:00.000Z,5234660884,5234660884,1.48858E+11,1196195636,113
2251,3469,D,C13195 (Immigration),2026-06-05T00:00:00.000Z,2026-07-27T00:00:00.000Z,5232397151,5228737712,1.87651E+11,892596717,89
2252,1508,D,,,,5224603838,5224603838,1.05707E+11,910962142,73
2253,3887,D,C13207 (Battle),2026-06-11T00:00:00.000Z,2026-08-08T00:00:00.000Z,5221693991,5221693991,24464348770,265796763,147
2254,3480,D,,,,5212902128,5212902128,61602743911,744138932,120
2255,2901,D,C13201 (Immigration),2026-06-05T00:00:00.000Z,2026-07-27T00:00:00.000Z,5201446866,5201446866,1.52969E+11,1217715584,109
2256,2954,D,,,,5189528589,5189528589,1.09454E+11,1106672131,94
2257,2733,D,,,,5186739294,5186739294,93933592521,1011592424,129
2258,2136,D,C13222 (Battle),2026-07-03T00:00:00.000Z,2026-08-24T00:00:00.000Z,5185663511,5185663511,54542131074,882983395,103
2259,1711,D,C13218 (Battle),2026-07-03T00:00:00.000Z,2026-08-24T00:00:00.000Z,5182462466,5182462466,1.00503E+11,1040773633,92
2260,1021,D,C13220 (Battle),2026-07-03T00:00:00.000Z,2026-08-24T00:00:00.000Z,5177656281,5158816054,2.02271E+11,1428998431,96
2261,1168,D,C13229 (Battle),2026-07-03T00:00:00.000Z,2026-08-24T00:00:00.000Z,5176826386,5176041326,2.90662E+11,1497425814,130
2262,1466,D,,,,5166498935,5166498935,75477354676,899698975,103
2263,3015,D,,,,5166187252,5166187252,57579473009,924338175,118
2264,3024,D,,,,5164620865,5164620865,70092196418,871641615,120
2265,2295,D,C13190 (Immigration),2026-06-05T00:00:00.000Z,2026-07-27T00:00:00.000Z,5163626900,5163626900,58712886215,959783409,109
2266,2740,D,,,,5159914218,5159914218,83980545482,1068691344,112
2267,2969,D,,,,5156382685,5156382685,54016930527,829061690,124
2268,1478,D,C13221 (Battle),2026-07-03T00:00:00.000Z,2026-08-24T00:00:00.000Z,5154770282,5059301175,87115406438,928979516,62
2269,3481,D,C13190 (Immigration),2026-06-05T00:00:00.000Z,2026-07-27T00:00:00.000Z,5153789613,5153789613,72368864179,748713014,129
2270,1763,D,C13189 (Immigration),2026-06-05T00:00:00.000Z,2026-07-27T00:00:00.000Z,5152961075,5152961075,86625182635,972906746,89
2271,1089,D,C13220 (Battle),2026-07-03T00:00:00.000Z,2026-08-24T00:00:00.000Z,5151369195,5151369195,1.43537E+11,1045534403,90
2272,3534,D,C13204 (Immigration),2026-06-05T00:00:00.000Z,2026-07-27T00:00:00.000Z,5150330440,5150330440,67598006825,622076338,117
2273,2255,D,C13223 (Battle),2026-07-03T00:00:00.000Z,2026-08-24T00:00:00.000Z,5149708653,5137872329,62437162447,787357366,85
2274,3261,D,,,,5148836405,5148836405,1.6483E+11,1041557629,115
2275,2339,D,C13240 (Battle),2026-07-03T00:00:00.000Z,2026-08-24T00:00:00.000Z,5144958241,4941803692,66248390105,1017012531,91
2276,1697,D,,,,5141538033,5141538033,67739943010,875106681,93
2277,2515,D,,,,5139922659,5139922659,87603078757,941533731,90
2278,3335,D,C13244 (Battle),2026-07-03T00:00:00.000Z,2026-08-24T00:00:00.000Z,5139093332,3827985128,73656271882,560646021,92
2279,3172,D,,,,5138697556,5138697556,1.43153E+11,1177948050,104
2280,3405,D,C13188 (Immigration),2026-06-05T00:00:00.000Z,2026-07-27T00:00:00.000Z,5136807184,3687770490,82096030810,747200753,98
2281,1717,D,C13211 (Battle),2026-07-03T00:00:00.000Z,2026-08-24T00:00:00.000Z,5135604731,5135604731,1.72999E+11,1234212950,109
2282,2667,D,,,,5135320041,5135320041,45793173405,633441298,129
2283,2131,D,C13205 (Immigration),2026-06-05T00:00:00.000Z,2026-07-27T00:00:00.000Z,5129652696,5129652696,61690167515,711820824,89
2284,2967,D,C13187 (Immigration),2026-06-05T00:00:00.000Z,2026-07-27T00:00:00.000Z,5124581933,5124581933,1.09668E+11,994559582,99
2285,2468,D,C13184 (Immigration),2026-06-05T00:00:00.000Z,2026-07-27T00:00:00.000Z,5123690389,5123690389,2.49441E+11,1084526015,127
2286,1638,D,,,,5120030693,5120030693,45271059922,868468003,82
2287,3254,D,,,,5116798341,5116798341,1.07104E+11,1099500965,100
2288,2067,D,,,,5112565964,5104298326,93040639921,1105886477,89
2289,3344,D,C13197 (Immigration),2026-06-05T00:00:00.000Z,2026-07-27T00:00:00.000Z,5111425083,5111425083,1.38574E+11,912752351,108
2290,3206,D,C13223 (Battle),2026-07-03T00:00:00.000Z,2026-08-24T00:00:00.000Z,5108975296,5108975296,68870400053,895854928,123
2291,3871,D,C13207 (Battle),2026-06-11T00:00:00.000Z,2026-08-08T00:00:00.000Z,5106631478,5106631478,21272862297,308205196,170
2292,1917,D,,,,5098685678,5098685678,53953215422,766035211,153
2293,1028,D,C13240 (Battle),2026-07-03T00:00:00.000Z,2026-08-24T00:00:00.000Z,5095345625,5092726647,58546012502,779105604,85
2294,2805,D,,,,5090328594,5090328594,60299524715,726972879,120
2295,2437,D,C13221 (Battle),2026-07-03T00:00:00.000Z,2026-08-24T00:00:00.000Z,5084347815,5084347815,96121356787,995750775,108
2296,1727,D,C13223 (Battle),2026-07-03T00:00:00.000Z,2026-08-24T00:00:00.000Z,5084054131,5063723843,74979562689,699690357,112
2297,1722,D,C13197 (Immigration),2026-06-05T00:00:00.000Z,2026-07-27T00:00:00.000Z,5083856640,5083856640,1.95598E+11,1235923520,125
2298,2644,D,C13188 (Immigration),2026-06-05T00:00:00.000Z,2026-07-27T00:00:00.000Z,5083063240,5083063240,86348695291,821753804,102
2299,2556,D,,,,5079930364,5079930364,81964248525,923224838,106
2300,3716,D,,,,5078329817,5078329817,55662043585,581282861,104
2301,1669,D,C13221 (Battle),2026-07-03T00:00:00.000Z,2026-08-24T00:00:00.000Z,5067505998,4469243316,63691666747,811613420,85
2302,1254,D,,,,5065607891,5065607891,91510419649,1027270485,102
2303,1873,D,C13189 (Immigration),2026-06-05T00:00:00.000Z,2026-07-27T00:00:00.000Z,5061883199,5061883199,70022908767,939510046,130
2304,1497,D,,,,5060385563,5060385563,1.0514E+11,1303944195,105
2305,1598,D,C13240 (Battle),2026-07-03T00:00:00.000Z,2026-08-24T00:00:00.000Z,5059782730,5055458505,1.53545E+11,1086561082,100
2306,2898,D,C13245 (Battle),2026-07-03T00:00:00.000Z,2026-08-24T00:00:00.000Z,5059025105,5059025105,87583743954,1052171703,108
2307,2166,D,,,,5053315706,5043002828,50388352883,801173201,100
2308,1743,D,,,,5052836775,5052836775,82818318159,1003648315,100
2309,3101,D,C13222 (Battle),2026-07-03T00:00:00.000Z,2026-08-24T00:00:00.000Z,5051895538,5051895538,88167803859,1038833219,116
2310,3545,D,C13230 (Battle),2026-07-03T00:00:00.000Z,2026-08-24T00:00:00.000Z,5051734954,5051734954,83315520622,949294341,134
2311,2460,D,C13224 (Battle),2026-07-03T00:00:00.000Z,2026-08-24T00:00:00.000Z,5050594592,5050594592,56162453802,824051171,111
2312,3082,D,C13203 (Immigration),2026-06-05T00:00:00.000Z,2026-07-27T00:00:00.000Z,5047491883,5047491883,83720240188,873171988,109
2313,3550,D,C13244 (Battle),2026-07-03T00:00:00.000Z,2026-08-24T00:00:00.000Z,5040600910,4169477993,77393572096,686586106,98
2314,1901,D,,,,5040041600,5039860366,78056635433,762051932,103
2315,2077,D,C13194 (Immigration),2026-06-05T00:00:00.000Z,2026-07-27T00:00:00.000Z,5039973049,5039973049,2.21862E+11,1353587716,109
2316,2639,D,,,,5036677836,5036677836,1.02854E+11,1177341708,100
2317,2584,D,,,,5034834733,5034834733,35851592440,798601580,112
2318,2770,D,C13223 (Battle),2026-07-03T00:00:00.000Z,2026-08-24T00:00:00.000Z,5030361422,5030361422,57308370211,775387176,96
2319,2534,D,,,,5027459601,5027459601,1.12317E+11,1032115929,133
2320,2095,D,C13218 (Battle),2026-07-03T00:00:00.000Z,2026-08-24T00:00:00.000Z,5023608558,5023608558,66337912771,838090930,129
2321,1738,D,C13241 (Battle),2026-07-03T00:00:00.000Z,2026-08-24T00:00:00.000Z,5023367454,5023367454,1.01951E+11,965223371,92
2322,1781,D,C13221 (Battle),2026-07-03T00:00:00.000Z,2026-08-24T00:00:00.000Z,5021945420,3055267248,1.4734E+11,657485102,97
2323,2348,D,C13224 (Battle),2026-07-03T00:00:00.000Z,2026-08-24T00:00:00.000Z,5015919462,3768016376,57843196490,636401675,101
2324,1809,D,,,,5015104448,5015045340,81567093286,936981483,99
2325,2214,D,C13222 (Battle),2026-07-03T00:00:00.000Z,2026-08-24T00:00:00.000Z,5014091345,5014091345,79312750215,778186044,103
2326,2270,D,C13191 (Immigration),2026-06-05T00:00:00.000Z,2026-07-27T00:00:00.000Z,5007476823,5007476823,63944240840,928012094,102
2327,2542,D,C13248 (Battle),2026-07-03T00:00:00.000Z,2026-08-24T00:00:00.000Z,5006015025,5006015025,52766788691,830529496,106
2328,1855,D,,,,5005944403,5005944403,84302947510,1031592568,113
2329,2002,D,,,,5004005017,4988794639,1.01781E+11,909058510,93
2330,1636,D,C13219 (Battle),2026-07-03T00:00:00.000Z,2026-08-24T00:00:00.000Z,5003473686,5000403147,1.04833E+11,942180604,115
2331,1023,D,C13228 (Battle),2026-07-03T00:00:00.000Z,2026-08-24T00:00:00.000Z,4993824542,4993824542,1.16739E+11,959926463,115
2332,1441,D,C13190 (Immigration),2026-06-05T00:00:00.000Z,2026-07-27T00:00:00.000Z,4988587096,4558558159,68180227023,1024569980,82
2333,1439,D,,,,4986106512,4983391824,1.03974E+11,901989887,89
2334,1545,D,C13197 (Immigration),2026-06-05T00:00:00.000Z,2026-07-27T00:00:00.000Z,4983550834,4977998352,2.78172E+11,1512511085,104
2335,2850,D,,,,4983489503,4983489503,87447430423,1017681687,115
2336,1014,D,C13223 (Battle),2026-07-03T00:00:00.000Z,2026-08-24T00:00:00.000Z,4980084397,4980084397,34246078225,528118046,135
2337,2474,D,C13218 (Battle),2026-07-03T00:00:00.000Z,2026-08-24T00:00:00.000Z,4978031462,4974111132,1.29807E+11,1130139942,79
2338,1899,D,C13188 (Immigration),2026-06-05T00:00:00.000Z,2026-07-27T00:00:00.000Z,4976957087,4976957087,93289009441,1143793627,96
2339,2689,D,C13188 (Immigration),2026-06-05T00:00:00.000Z,2026-07-27T00:00:00.000Z,4975928113,4975928113,97953833630,1034153824,105
2340,2547,D,C13185 (Immigration),2026-06-05T00:00:00.000Z,2026-07-27T00:00:00.000Z,4975131075,4975131075,1.2683E+11,1221000431,94
2341,1412,D,C13219 (Battle),2026-07-03T00:00:00.000Z,2026-08-24T00:00:00.000Z,4973584552,4973584552,77276418870,1175651398,100
2342,3396,D,,,,4972195521,4972195521,44954003283,595219806,132
2343,2383,D,,,,4970622238,4970622238,44072881855,740958751,103
2344,1808,D,C13223 (Battle),2026-07-03T00:00:00.000Z,2026-08-24T00:00:00.000Z,4969864570,4969864570,36824698620,745983742,82
2345,2722,D,C13198 (Immigration),2026-06-05T00:00:00.000Z,2026-07-27T00:00:00.000Z,4967862946,4967862946,65771850211,891767781,114
2346,2631,D,C13197 (Immigration),2026-06-05T00:00:00.000Z,2026-07-27T00:00:00.000Z,4967852279,4967852279,1.12101E+11,1100853312,107
2347,1488,D,C13188 (Immigration),2026-06-05T00:00:00.000Z,2026-07-27T00:00:00.000Z,4963808511,4963808511,94262005829,1061907314,81
2348,3103,D,C13190 (Immigration),2026-06-05T00:00:00.000Z,2026-07-27T00:00:00.000Z,4960422495,4960422495,75283010936,728070555,110
2349,3580,D,,,,4955182559,4955182559,88075360077,729994437,142
2350,3740,D,C13229 (Battle),2026-07-03T00:00:00.000Z,2026-08-24T00:00:00.000Z,4952706199,4952706199,37934909794,502530215,135
2351,2550,D,,,,4947483147,4947483147,18306975176,761352840,129
2352,1704,D,,,,4940846686,4934529527,1.10071E+11,918195420,76
2353,3629,D,,,,4939214065,4939214065,62588048910,765581632,168
2354,1991,D,,,,4936209101,4932462869,93785674091,1003775190,92
2355,1558,D,C13189 (Immigration),2026-06-05T00:00:00.000Z,2026-07-27T00:00:00.000Z,4932547278,4909577757,95200294349,1209003150,77
2356,1029,D,,,,4931724251,4923091177,2.39316E+11,1296303075,101
2357,1963,D,C13247 (Battle),2026-07-03T00:00:00.000Z,2026-08-24T00:00:00.000Z,4926373197,4926373197,89966999558,1045679279,91
2358,3106,D,C13224 (Battle),2026-07-03T00:00:00.000Z,2026-08-24T00:00:00.000Z,4922237389,4080958375,53678689714,662890978,110
2359,2531,D,,,,4921183945,4921183945,29201380959,765411581,107
2360,3681,D,,,,4920573146,4920573146,40337168028,512885411,121
2361,1237,D,C13198 (Immigration),2026-06-05T00:00:00.000Z,2026-07-27T00:00:00.000Z,4919852641,4919852641,73491409044,974192887,109
2362,2530,D,C13224 (Battle),2026-07-03T00:00:00.000Z,2026-08-24T00:00:00.000Z,4916546467,3817978923,55866106671,413888843,84
2363,3421,D,,,,4914604516,4914604516,1.27071E+11,812005015,130
2364,2496,D,C13204 (Immigration),2026-06-05T00:00:00.000Z,2026-07-27T00:00:00.000Z,4905168927,4905168927,1.0985E+11,1062553661,94
2365,3148,D,,,,4901698728,4901698728,46891184019,812906532,110
2366,2977,D,,,,4896361674,4890946417,2.12945E+11,1041365868,101
2367,1172,D,,,,4896164318,4896164318,1.23851E+11,1051173250,90
2368,2147,D,C13218 (Battle),2026-07-03T00:00:00.000Z,2026-08-24T00:00:00.000Z,4893840440,4575226205,1.14231E+11,941378708,92
2369,3888,D,C13207 (Battle),2026-06-11T00:00:00.000Z,2026-08-08T00:00:00.000Z,4891335551,4891335551,25760676714,313984570,158
2370,1234,D,,,,4890487662,4890487662,66976611552,1116100684,111
2371,2712,D,,,,4887262586,4887262586,58958062951,717972567,102
2372,2512,D,C13185 (Immigration),2026-06-05T00:00:00.000Z,2026-07-27T00:00:00.000Z,4882299422,4882299422,92624972504,1026677288,102
2373,2561,D,C13187 (Immigration),2026-06-05T00:00:00.000Z,2026-07-27T00:00:00.000Z,4882242554,4882242554,87000047282,847859151,103
2374,1825,D,,,,4879966374,4879966374,87057366553,1088241000,80
2375,2430,D,C13190 (Immigration),2026-06-05T00:00:00.000Z,2026-07-27T00:00:00.000Z,4876961178,4876961178,63616933965,736032384,94
2376,1628,D,C13190 (Immigration),2026-06-05T00:00:00.000Z,2026-07-27T00:00:00.000Z,4875781699,4609056480,55648551393,795264261,84
2377,2129,D,C13222 (Battle),2026-07-03T00:00:00.000Z,2026-08-24T00:00:00.000Z,4874967931,4874967931,48556922908,619469375,97
2378,1263,D,,,,4869697045,4869697045,60251456473,818460575,94
2379,2220,D,C13230 (Battle),2026-07-03T00:00:00.000Z,2026-08-24T00:00:00.000Z,4864892525,4864892525,1.11085E+11,1019794339,98
2380,1560,D,C13219 (Battle),2026-07-03T00:00:00.000Z,2026-08-24T00:00:00.000Z,4864051092,4864051092,1.74693E+11,1046163038,86
2381,1264,D,,,,4863838330,4863838330,1.1481E+11,1236344812,89
2382,2604,D,,,,4863615650,4863615650,1.8025E+11,1055844479,105
2383,2114,D,,,,4856597670,4856597670,2.27924E+11,1374810510,111
2384,2559,D,,,,4854090993,4854090993,1.15674E+11,1131013290,120
2385,1677,D,,,,4852913950,4852913950,1.28823E+11,1220373858,86
2386,2364,D,,,,4852879760,4852879760,55886260333,905826614,91
2387,1160,D,C13191 (Immigration),2026-06-05T00:00:00.000Z,2026-07-27T00:00:00.000Z,4851971710,4426327587,65579853728,1020497814,92
2388,2265,D,C13189 (Immigration),2026-06-05T00:00:00.000Z,2026-07-27T00:00:00.000Z,4850800907,4850800907,1.45213E+11,922385399,105
2389,2699,D,C13205 (Immigration),2026-06-05T00:00:00.000Z,2026-07-27T00:00:00.000Z,4847028324,3548916475,44919350934,604105046,95
2390,3285,D,C13222 (Battle),2026-07-03T00:00:00.000Z,2026-08-24T00:00:00.000Z,4844070036,4844070036,82722178775,759253172,112
2391,1714,D,C13188 (Immigration),2026-06-05T00:00:00.000Z,2026-07-27T00:00:00.000Z,4836129576,4476605779,1.19274E+11,901644116,100
2392,1210,D,,,,4835710625,4834911946,1.42995E+11,1193782281,95
2393,3883,D,C13207 (Battle),2026-06-11T00:00:00.000Z,2026-08-08T00:00:00.000Z,4835072045,4835072045,52934638775,326535405,140
2394,2839,D,,,,4834077161,4831096563,1.15277E+11,938031919,89
2395,3140,D,C13244 (Battle),2026-07-03T00:00:00.000Z,2026-08-24T00:00:00.000Z,4833684010,4754985057,1.57597E+11,892632688,116
2396,2944,D,C13220 (Battle),2026-07-03T00:00:00.000Z,2026-08-24T00:00:00.000Z,4830943810,4830943810,63420546248,783950314,130
2397,2395,D,,,,4830229412,4820474352,1.46384E+11,1061154205,101
2398,2587,D,C13191 (Immigration),2026-06-05T00:00:00.000Z,2026-07-27T00:00:00.000Z,4827674594,4827275633,16590044912,391357789,91
2399,2704,D,,,,4826371868,4826371868,1.39474E+11,981839516,96
2400,2881,D,C13204 (Immigration),2026-06-05T00:00:00.000Z,2026-07-27T00:00:00.000Z,4826352556,4826352556,82017195727,924256443,112
2401,1193,D,C13187 (Immigration),2026-06-05T00:00:00.000Z,2026-07-27T00:00:00.000Z,4820403619,4792353510,2.22293E+11,1303451275,71
2402,3750,D,C13248 (Battle),2026-07-03T00:00:00.000Z,2026-08-24T00:00:00.000Z,4819985974,4819985974,23069379777,357560053,139
2403,1706,D,C13221 (Battle),2026-07-03T00:00:00.000Z,2026-08-24T00:00:00.000Z,4816220419,4816220419,1.6511E+11,1290015493,112
2404,2086,D,,,,4811728006,4811728006,80008894185,992313610,91
2405,1310,D,,,,4810265364,4810265364,79554133436,817799772,106
2406,3118,D,,,,4806328243,4806328243,1.02618E+11,867835428,130
2407,2356,D,C13189 (Immigration),2026-06-05T00:00:00.000Z,2026-07-27T00:00:00.000Z,4804478022,4804478022,1.18976E+11,962311789,89
2408,2185,D,,,,4798500829,4798500829,63277660497,732923641,85
2409,1107,D,,,,4790178685,4790178685,51181590904,666169826,94
2410,3628,D,,,,4784619723,4784619723,1.02145E+11,867529966,108
2411,3179,D,C13227 (Battle),2026-07-03T00:00:00.000Z,2026-08-24T00:00:00.000Z,4779652018,4776242389,1.87134E+11,1020923801,117
2412,1346,D,,,,4777472935,4741865703,1.03112E+11,920977135,52
2413,2792,D,,,,4777048492,4777048492,73870643743,726349744,113
2414,3815,D,C13214 (Battle),2026-07-03T00:00:00.000Z,2026-08-24T00:00:00.000Z,4772743099,4772743099,66055493322,544042215,128
2415,3647,D,C13197 (Immigration),2026-06-05T00:00:00.000Z,2026-07-27T00:00:00.000Z,4771053992,4771053992,65469628404,817393054,120
2416,2296,D,C13219 (Battle),2026-07-03T00:00:00.000Z,2026-08-24T00:00:00.000Z,4768075419,4768075419,1.98322E+11,1265209196,131
2417,3278,D,,,,4764110484,4757059458,1.48297E+11,903795349,129
2418,3127,D,C13188 (Immigration),2026-06-05T00:00:00.000Z,2026-07-27T00:00:00.000Z,4757066592,4757066592,83546232501,969909050,115
2419,1571,D,C13224 (Battle),2026-07-03T00:00:00.000Z,2026-08-24T00:00:00.000Z,4754111971,4007100863,45768288362,548792060,87
2420,2309,D,,,,4753407119,4753407119,71621315533,859936975,101
2421,3742,D,C13217 (Battle),2026-07-03T00:00:00.000Z,2026-08-24T00:00:00.000Z,4738725277,4738725277,61148898242,617498792,115
2422,1125,D,,,,4738176741,4698610650,61670052393,647665172,81
2423,2533,D,,,,4735718000,4735718000,1.137E+11,1067968955,78
2424,2083,D,C13198 (Immigration),2026-06-05T00:00:00.000Z,2026-07-27T00:00:00.000Z,4733371366,2060758086,73624343307,411357114,94
2425,3497,D,C13197 (Immigration),2026-06-05T00:00:00.000Z,2026-07-27T00:00:00.000Z,4727382271,4727382271,1.22123E+11,1033358422,108
2426,2318,D,C13230 (Battle),2026-07-03T00:00:00.000Z,2026-08-24T00:00:00.000Z,4726943245,4726943245,1.07608E+11,1139357241,120
2427,1987,D,C13195 (Immigration),2026-06-05T00:00:00.000Z,2026-07-27T00:00:00.000Z,4719818464,4719818464,2.18297E+11,1287587280,88
2428,1665,D,C13239 (Battle),2026-07-03T00:00:00.000Z,2026-08-24T00:00:00.000Z,4717892204,4717892204,2.20098E+11,1248954633,86
2429,3412,D,C13187 (Immigration),2026-06-05T00:00:00.000Z,2026-07-27T00:00:00.000Z,4716553764,4716553764,1.77709E+11,1080255167,127
2430,3591,D,,,,4716254832,4716254832,47843160220,576314023,118
2431,1350,D,C13230 (Battle),2026-07-03T00:00:00.000Z,2026-08-24T00:00:00.000Z,4711571407,4711571407,76593268001,918543948,131
2432,1965,D,,,,4710243853,4710243853,49950452238,761681271,108
2433,1229,D,C13203 (Immigration),2026-06-05T00:00:00.000Z,2026-07-27T00:00:00.000Z,4704997525,4704997525,75533136798,986542379,91
2434,2336,D,,,,4703807508,4692225623,1.28545E+11,955952206,105
2435,2287,D,C13241 (Battle),2026-07-03T00:00:00.000Z,2026-08-24T00:00:00.000Z,4702901008,4702901008,94407970672,934726242,81
2436,1113,D,,,,4700209550,4698946298,33190434486,679539718,75
2437,1353,D,,,,4699374661,4696891452,46137262549,757130504,82
2438,1937,D,C13200 (Immigration),2026-06-05T00:00:00.000Z,2026-07-27T00:00:00.000Z,4698525474,4694957296,1.1552E+11,928216575,105
2439,3010,D,C13217 (Battle),2026-07-03T00:00:00.000Z,2026-08-24T00:00:00.000Z,4695905374,4695905374,1.21118E+11,797924740,117
2440,1250,D,,,,4688442928,4688442928,90423016142,1038060280,90
2441,2268,D,,,,4684472872,4684472872,48488991571,935277402,105
2442,1083,D,,,,4680476241,4680476241,51716943262,963150523,73
2443,1175,D,C13190 (Immigration),2026-06-05T00:00:00.000Z,2026-07-27T00:00:00.000Z,4678899341,3389369278,1.70816E+11,1171854883,60
2444,2119,D,,,,4676051138,4676051138,83237970578,989318893,125
2445,3443,D,,,,4675271617,4675271617,1.3218E+11,958722922,117
2446,1391,D,C13223 (Battle),2026-07-03T00:00:00.000Z,2026-08-24T00:00:00.000Z,4669769274,4669769274,54994070331,791505701,86
2447,3006,D,C13217 (Battle),2026-07-03T00:00:00.000Z,2026-08-24T00:00:00.000Z,4669323880,4669323880,2.42385E+11,1336539170,88
2448,2216,D,C13223 (Battle),2026-07-03T00:00:00.000Z,2026-08-24T00:00:00.000Z,4660443585,4660443585,68456572020,856120114,82
2449,2198,D,,,,4654335256,4654335256,1.18974E+11,885199383,113
2450,1077,D,,,,4652679606,4378226183,83271663149,942543161,78
2451,1619,D,,,,4649836739,4631866852,1.68322E+11,1028270164,60
2452,2862,D,,,,4635126683,4635126683,1.17128E+11,843143082,94
2453,3926,D,,,,4635126460,4635126460,16500356007,216113718,160
2454,3856,D,,,,4631445601,4631445601,63515561149,670055374,121
2455,1448,D,C13240 (Battle),2026-07-03T00:00:00.000Z,2026-08-24T00:00:00.000Z,4629238768,4629238768,77553159423,950817942,83
2456,1720,D,C13224 (Battle),2026-07-03T00:00:00.000Z,2026-08-24T00:00:00.000Z,4628844056,3381906486,34719306373,445068065,68
2457,1342,D,C13223 (Battle),2026-07-03T00:00:00.000Z,2026-08-24T00:00:00.000Z,4628842009,4623339176,27278978930,541593120,74
2458,2703,D,,,,4628334923,4628334923,1.2519E+11,1042069019,91
2459,2511,D,,,,4621602853,4621602853,81339436853,885270335,90
2460,2206,D,C13230 (Battle),2026-07-03T00:00:00.000Z,2026-08-24T00:00:00.000Z,4618586943,4618586943,1.9446E+11,1190889069,108
2461,2800,D,C13222 (Battle),2026-07-03T00:00:00.000Z,2026-08-24T00:00:00.000Z,4618328783,4618328783,68269612354,677242981,107
2462,1986,D,,,,4617260771,4617260771,60897652827,882388701,79
2463,1835,D,C13224 (Battle),2026-07-03T00:00:00.000Z,2026-08-24T00:00:00.000Z,4608605744,4271456925,62720928698,767620169,84
2464,2472,D,C13229 (Battle),2026-07-03T00:00:00.000Z,2026-08-24T00:00:00.000Z,4602853999,4602853999,1.0676E+11,948320828,130
2465,1773,D,,,,4601513668,4601513668,74411869302,855457658,88
2466,1890,D,,,,4595742431,4594914395,1.0537E+11,934764325,87
2467,2006,D,C13230 (Battle),2026-07-03T00:00:00.000Z,2026-08-24T00:00:00.000Z,4592031475,4586344513,1.09428E+11,761762763,72
2468,3149,D,,,,4590683428,4590683428,33249873163,643785119,105
2469,1050,D,,,,4590017398,4590017398,1.1569E+11,1019381189,76
2470,1435,D,,,,4587787331,4587787331,85979562960,803388692,93
2471,1267,D,,,,4580106454,4580106454,65519611586,694910965,71
2472,3640,D,C13227 (Battle),2026-07-03T00:00:00.000Z,2026-08-24T00:00:00.000Z,4569344789,4569344789,80675158281,618426009,108
2473,3201,D,,,,4568351568,4568351568,1.06737E+11,736507400,131
2474,2289,D,,,,4566984179,4566984179,1.30717E+11,1031577337,100
2475,2807,D,,,,4563738987,4563738987,59741614493,828589809,102
2476,1519,D,,,,4557224143,4557224143,1.05647E+11,1033919250,91
2477,2480,D,C13229 (Battle),2026-07-03T00:00:00.000Z,2026-08-24T00:00:00.000Z,4555731705,4555731705,82020825782,838092413,104
2478,1751,D,C13224 (Battle),2026-07-03T00:00:00.000Z,2026-08-24T00:00:00.000Z,4554218424,4324794086,24452848712,661718018,81
2479,1133,D,,,,4552284869,4545701305,57670240936,692414168,64
2480,2389,D,C13224 (Battle),2026-07-03T00:00:00.000Z,2026-08-24T00:00:00.000Z,4552258075,4552258075,64278093581,875511684,87
2481,2546,D,C13223 (Battle),2026-07-03T00:00:00.000Z,2026-08-24T00:00:00.000Z,4539930954,4539930954,49010825465,816909944,85
2482,3547,D,,,,4539875298,4539875298,76880430484,684619045,134
2483,2125,D,C13198 (Immigration),2026-06-05T00:00:00.000Z,2026-07-27T00:00:00.000Z,4532379431,4496770257,1.20449E+11,896662861,82
2484,1471,D,,,,4526531685,4526531685,62710406705,739939631,83
2485,2429,D,,,,4521787466,4521787466,64663012552,972188831,96
2486,1889,D,C13224 (Battle),2026-07-03T00:00:00.000Z,2026-08-24T00:00:00.000Z,4512247572,4512247572,24873693670,583317828,84
2487,1248,D,C13223 (Battle),2026-07-03T00:00:00.000Z,2026-08-24T00:00:00.000Z,4506401737,4506401737,48563729278,873334892,86
2488,3243,D,,,,4505399015,4505399015,58761027945,646221087,114
2489,1783,D,,,,4498543918,4498543918,47975272095,818381689,87
2490,1410,D,C13241 (Battle),2026-07-03T00:00:00.000Z,2026-08-24T00:00:00.000Z,4493704965,4493704965,1.17822E+11,1146682286,82
2491,2038,D,C13189 (Immigration),2026-06-05T00:00:00.000Z,2026-07-27T00:00:00.000Z,4485857626,4485857626,82937183222,867992287,85
2492,1531,D,,,,4470606545,4455665680,1.45732E+11,1050616734,87
2493,2527,D,C13215 (Battle),2026-07-03T00:00:00.000Z,2026-08-24T00:00:00.000Z,4469462187,4469462187,1.43719E+11,895012891,101
2494,1869,D,C13198 (Immigration),2026-06-05T00:00:00.000Z,2026-07-27T00:00:00.000Z,4461681670,4461681670,35902762839,550564871,87
2495,2485,D,,,,4459016134,4450495587,1.02947E+11,1004414286,101
2496,3029,D,C13190 (Immigration),2026-06-05T00:00:00.000Z,2026-07-27T00:00:00.000Z,4456407644,4454329113,76277330949,708950476,91
2497,1515,D,C13184 (Immigration),2026-06-05T00:00:00.000Z,2026-07-27T00:00:00.000Z,4452750924,4452750924,2.29062E+11,1296170850,94
2498,1061,D,C13205 (Immigration),2026-06-05T00:00:00.000Z,2026-07-27T00:00:00.000Z,4450448468,4450448468,48751408410,855496041,83
2499,1920,D,,,,4441140499,4441140499,40562419168,674525538,100
2500,2566,D,,,,4439377481,4439377481,28418667710,687129255,114
2501,2159,D,C13223 (Battle),2026-07-03T00:00:00.000Z,2026-08-24T00:00:00.000Z,4433723053,4430991375,64040180199,669006485,84
2502,1569,D,C13191 (Immigration),2026-06-05T00:00:00.000Z,2026-07-27T00:00:00.000Z,4428129037,4428129037,55076431672,776169009,80
2503,1108,D,C13224 (Battle),2026-07-03T00:00:00.000Z,2026-08-24T00:00:00.000Z,4428032628,4428032628,49118553196,738759840,79
2504,1373,D,,,,4413897064,4413897064,1.11807E+11,1037562008,92
2505,1384,D,C13224 (Battle),2026-07-03T00:00:00.000Z,2026-08-24T00:00:00.000Z,4412830102,4393306308,81041623650,798795941,63
2506,2473,D,,,,4405825237,4405825237,1.2895E+11,1071267585,98
2507,1872,D,,,,4405233073,4405233073,1.9314E+11,1059829236,137
2508,1145,D,,,,4402289857,4402289857,48457880269,846982129,74
2509,2015,D,C13248 (Battle),2026-07-03T00:00:00.000Z,2026-08-24T00:00:00.000Z,4397097212,4397097212,87787574092,1012163626,82
2510,2021,D,C13243 (Battle),2026-07-03T00:00:00.000Z,2026-08-24T00:00:00.000Z,4393795040,3241382578,83244223300,654532559,67
2511,3761,D,C13186 (Immigration),2026-06-05T00:00:00.000Z,2026-07-27T00:00:00.000Z,4393750863,4393750863,1.08163E+11,771278612,85
2512,1503,D,C13221 (Battle),2026-07-03T00:00:00.000Z,2026-08-24T00:00:00.000Z,4391003095,4012849512,1.01165E+11,909076191,75
2513,2327,D,,,,4387880917,4384422318,44707061234,743146341,92
2514,1405,D,,,,4387415902,4387415902,62325347971,819357799,75
2515,2157,D,,,,4386437361,4381701431,98136579145,791490816,85
2516,2773,D,C13203 (Immigration),2026-06-05T00:00:00.000Z,2026-07-27T00:00:00.000Z,4380303757,4380303757,1.08085E+11,824493377,172
2517,2506,D,,,,4379273744,4379273744,1.09095E+11,1013130847,89
2518,1064,D,,,,4369963599,4369963599,55248937764,658195766,108
2519,2495,D,C13219 (Battle),2026-07-03T00:00:00.000Z,2026-08-24T00:00:00.000Z,4367915250,4367909776,88143695950,807335242,92
2520,1395,D,C13191 (Immigration),2026-06-05T00:00:00.000Z,2026-07-27T00:00:00.000Z,4362486476,4362486476,56063018247,730419829,80
2521,2440,D,,,,4360561217,4360561217,56260972672,746648013,97
2522,3537,D,C13242 (Battle),2026-07-03T00:00:00.000Z,2026-08-24T00:00:00.000Z,4356520566,4356520566,64625347645,714425138,94
2523,2866,D,,,,4354781268,4354781268,57987314475,726894731,79
2524,3161,D,C13229 (Battle),2026-07-03T00:00:00.000Z,2026-08-24T00:00:00.000Z,4353543958,4353543958,2.25189E+11,1033923052,83
2525,1541,D,C13223 (Battle),2026-07-03T00:00:00.000Z,2026-08-24T00:00:00.000Z,4352686583,4352686583,35961458214,719977948,87
2526,3095,D,C13229 (Battle),2026-07-03T00:00:00.000Z,2026-08-24T00:00:00.000Z,4352193917,4352193917,39597914627,661453954,105
2527,2595,D,C13229 (Battle),2026-07-03T00:00:00.000Z,2026-08-24T00:00:00.000Z,4351935089,4351935089,86342335556,988454262,99
2528,1864,D,,,,4347712218,4326067425,97450367957,878984071,81
2529,3499,D,,,,4346123003,4345475280,46182028008,503466871,112
2530,1381,D,,,,4344646274,4344646274,51411948356,753679228,86
2531,3508,D,,,,4339426868,4339426868,82049480794,758079915,115
2532,2590,D,C13185 (Immigration),2026-06-05T00:00:00.000Z,2026-07-27T00:00:00.000Z,4337461519,4337461519,1.30366E+11,821424186,125
2533,1746,D,C13190 (Immigration),2026-06-05T00:00:00.000Z,2026-07-27T00:00:00.000Z,4331947771,4200109522,51093794270,721047750,72
2534,1458,D,C13225 (Battle),2026-07-03T00:00:00.000Z,2026-08-24T00:00:00.000Z,4330293757,4322379969,19964759252,357181401,81
2535,2373,D,,,,4324130366,4317026738,73307843141,834003685,75
2536,1314,D,C13225 (Battle),2026-07-03T00:00:00.000Z,2026-08-24T00:00:00.000Z,4317139359,4290379913,32729923970,556429991,61
2537,1941,D,C13224 (Battle),2026-07-03T00:00:00.000Z,2026-08-24T00:00:00.000Z,4312830614,2543693894,61101167885,550316273,72
2538,1509,D,,,,4312589447,4312589447,70749863222,846471168,98
2539,1207,D,C13223 (Battle),2026-07-03T00:00:00.000Z,2026-08-24T00:00:00.000Z,4306610869,4306610869,52931150635,715999794,77
2540,2381,D,,,,4301565691,4301565691,46288672482,597229002,105
2541,3876,D,C13206 (Battle),2026-06-11T00:00:00.000Z,2026-08-08T00:00:00.000Z,4294312318,4294312318,44192300848,303409746,115
2542,2418,D,C13203 (Immigration),2026-06-05T00:00:00.000Z,2026-07-27T00:00:00.000Z,4288274590,4288274590,50222591447,777915544,113
2543,1347,D,C13191 (Immigration),2026-06-05T00:00:00.000Z,2026-07-27T00:00:00.000Z,4288225952,4288225952,34467861767,773081334,100
2544,1100,D,C13225 (Battle),2026-07-03T00:00:00.000Z,2026-08-24T00:00:00.000Z,4287884499,4284029130,21936725497,436475916,73
2545,1094,D,C13205 (Immigration),2026-06-05T00:00:00.000Z,2026-07-27T00:00:00.000Z,4283919356,3892413631,49478541947,714865251,83
2546,2793,D,,,,4278258427,4278258427,74678716780,824219777,86
2547,1146,D,C13224 (Battle),2026-07-03T00:00:00.000Z,2026-08-24T00:00:00.000Z,4275595859,4110051299,35569189549,648869465,60
2548,2290,D,,,,4269899947,4004085442,53567804242,643868379,93
2549,3080,D,,,,4268862491,4268862491,90983777268,640050028,110
2550,2367,D,C13190 (Immigration),2026-06-05T00:00:00.000Z,2026-07-27T00:00:00.000Z,4260845930,4260845930,63513840423,650138769,122
2551,2409,D,C13227 (Battle),2026-07-03T00:00:00.000Z,2026-08-24T00:00:00.000Z,4253888241,4253888241,1.52244E+11,1178261083,84
2552,1438,D,,,,4252812980,4250251256,1.19688E+11,972977257,83
2553,1674,D,C13246 (Battle),2026-07-03T00:00:00.000Z,2026-08-24T00:00:00.000Z,4247494854,4247458674,70079773258,880914886,77
2554,1796,D,,,,4244302620,4244302620,61635296971,766323717,79
2555,1423,D,,,,4240692433,4240692433,1.3402E+11,811428261,76
2556,1362,D,C13187 (Immigration),2026-06-05T00:00:00.000Z,2026-07-27T00:00:00.000Z,4237382757,4236978029,1.17994E+11,1078894938,83
2557,3648,D,C13222 (Battle),2026-07-03T00:00:00.000Z,2026-08-24T00:00:00.000Z,4231598178,4231598178,55009877473,606061732,122
2558,3679,D,C13217 (Battle),2026-07-03T00:00:00.000Z,2026-08-24T00:00:00.000Z,4231388550,4231388550,54882380271,644660677,97
2559,1599,D,C13224 (Battle),2026-07-03T00:00:00.000Z,2026-08-24T00:00:00.000Z,4230818162,4216894678,38550584121,507134534,66
2560,3180,D,C13220 (Battle),2026-07-03T00:00:00.000Z,2026-08-24T00:00:00.000Z,4224300594,3295873527,1.08779E+11,815995994,64
2561,1845,D,C13223 (Battle),2026-07-03T00:00:00.000Z,2026-08-24T00:00:00.000Z,4223602113,4223602113,52259369377,788231210,75
2562,2390,D,C13244 (Battle),2026-07-03T00:00:00.000Z,2026-08-24T00:00:00.000Z,4219038712,4219038712,47736632097,718764191,104
2563,2463,D,,,,4215334933,4215334933,1.16669E+11,929026510,111
2564,1817,D,C13194 (Immigration),2026-06-05T00:00:00.000Z,2026-07-27T00:00:00.000Z,4214801443,4214801443,2.00907E+11,1032840331,97
2565,1936,D,,,,4210140761,4210140761,1.37646E+11,947956171,80
2566,1801,D,C13244 (Battle),2026-07-03T00:00:00.000Z,2026-08-24T00:00:00.000Z,4200909074,3800120589,70328590022,797646533,89
2567,3414,D,,,,4196954444,4196954444,60271091339,585255975,99
2568,1489,D,C13224 (Battle),2026-07-03T00:00:00.000Z,2026-08-24T00:00:00.000Z,4196681110,4209759478,38320481615,594811860,55
2569,2063,D,C13187 (Immigration),2026-06-05T00:00:00.000Z,2026-07-27T00:00:00.000Z,4195857995,4195857995,1.41012E+11,1030927222,93
2570,3799,D,,,,4194030141,4194030141,56861822676,463667801,133
2571,1556,D,,,,4190760465,4178290456,89225617878,889822820,74
2572,2765,D,C13189 (Immigration),2026-06-05T00:00:00.000Z,2026-07-27T00:00:00.000Z,4185807965,4185807965,92961528122,814145029,108
2573,2240,D,C13224 (Battle),2026-07-03T00:00:00.000Z,2026-08-24T00:00:00.000Z,4184948768,4180080656,30250974321,492808573,74
2574,3364,D,,,,4176378000,4176378000,62765991980,593283035,92
2575,2782,D,,,,4163373188,4160413196,78259683002,763014117,85
2576,2513,D,,,,4159484583,4133786821,62506103605,645236820,84
2577,1882,D,,,,4155768371,4155768371,25384804437,684825224,83
2578,2471,D,C13222 (Battle),2026-07-03T00:00:00.000Z,2026-08-24T00:00:00.000Z,4137843351,4135689163,56590363086,711137269,84
2579,3382,D,,,,4126274069,4126274069,73394611289,688799082,90
2580,2947,D,C13242 (Battle),2026-07-03T00:00:00.000Z,2026-08-24T00:00:00.000Z,4124291925,4124291925,48339139539,530667486,109
2581,3020,D,C13188 (Immigration),2026-06-05T00:00:00.000Z,2026-07-27T00:00:00.000Z,4123299452,4123299452,1.02171E+11,649835017,134
2582,1861,D,C13185 (Immigration),2026-06-05T00:00:00.000Z,2026-07-27T00:00:00.000Z,4115775172,4115775172,1.07739E+11,960416434,91
2583,2499,D,C13230 (Battle),2026-07-03T00:00:00.000Z,2026-08-24T00:00:00.000Z,4115468664,4115468664,77339355996,780554440,82
2584,3872,D,C13207 (Battle),2026-06-11T00:00:00.000Z,2026-08-08T00:00:00.000Z,4111259517,4111259517,21171009512,237461209,124
2585,1762,D,,,,4101293784,4101293784,42399773130,669201665,73
2586,2477,D,C13203 (Immigration),2026-06-05T00:00:00.000Z,2026-07-27T00:00:00.000Z,4087373529,4087373529,1.03646E+11,733942602,104
2587,1371,D,C13196 (Immigration),2026-06-05T00:00:00.000Z,2026-07-27T00:00:00.000Z,4086799688,4068206730,2.40034E+11,1262032860,98
2588,2522,D,C13228 (Battle),2026-07-03T00:00:00.000Z,2026-08-24T00:00:00.000Z,4084877303,4084877303,97448116720,907791918,127
2589,2660,D,C13205 (Immigration),2026-06-05T00:00:00.000Z,2026-07-27T00:00:00.000Z,4070747772,4070747772,51748455002,914114558,85
2590,3590,D,C13246 (Battle),2026-07-03T00:00:00.000Z,2026-08-24T00:00:00.000Z,4070235904,4070235904,81371771395,685225598,119
2591,2570,D,,,,4067619188,4067619188,69048076426,731089884,86
2592,2760,D,,,,4064706067,4064706067,1.4359E+11,846798764,84
2593,2739,D,C13198 (Immigration),2026-06-05T00:00:00.000Z,2026-07-27T00:00:00.000Z,4056856395,4056856395,52070453324,665374861,99
2594,3078,D,,,,4054348103,3121932499,28486928607,451223075,82
2595,1886,D,C13229 (Battle),2026-07-03T00:00:00.000Z,2026-08-24T00:00:00.000Z,4050127890,4050127890,60473155066,764387715,75
2596,1096,D,,,,4049852065,4049852065,44910647989,616113548,81
2597,1924,D,C13217 (Battle),2026-07-03T00:00:00.000Z,2026-08-24T00:00:00.000Z,4047808629,4047808629,1.09925E+11,823974275,97
2598,3211,D,C13191 (Immigration),2026-06-05T00:00:00.000Z,2026-07-27T00:00:00.000Z,4044926516,4033898330,53272885547,792613304,94
2599,1683,D,,,,4042184475,4042184475,76286236649,854120776,84
2600,1814,D,C13191 (Immigration),2026-06-05T00:00:00.000Z,2026-07-27T00:00:00.000Z,4035953916,4035953916,40580220141,510964855,101
2601,2174,D,,,,4023206433,4023206433,63233140704,644880502,104
2602,1481,D,C13248 (Battle),2026-07-03T00:00:00.000Z,2026-08-24T00:00:00.000Z,4017780995,4017780995,46262902919,599688327,86
2603,3645,D,C13228 (Battle),2026-07-03T00:00:00.000Z,2026-08-24T00:00:00.000Z,4017441894,4017441894,1.62483E+11,748579205,81
2604,1282,D,,,,4016532214,4005470137,93162137187,885322336,74
2605,1534,D,C13191 (Immigration),2026-06-05T00:00:00.000Z,2026-07-27T00:00:00.000Z,4016044760,4016044760,80633978789,846796127,81
2606,2819,D,C13225 (Battle),2026-07-03T00:00:00.000Z,2026-08-24T00:00:00.000Z,4010157297,4004856903,26635027837,502913565,81
2607,1779,D,C13220 (Battle),2026-07-03T00:00:00.000Z,2026-08-24T00:00:00.000Z,4002078269,3763031931,1.04304E+11,795016897,65
2608,3739,D,C13238 (Battle),2026-07-03T00:00:00.000Z,2026-08-24T00:00:00.000Z,3996159345,3996159345,65261734811,567715214,98
2609,2239,D,,,,3986214031,3986214031,61721130649,708142062,85
2610,2171,D,,,,3979880080,3971718618,67600993734,799591730,72
2611,3791,D,C13183 (Immigration),2026-06-05T00:00:00.000Z,2026-07-27T00:00:00.000Z,3944518777,3944518777,62159746808,470013349,86
2612,1946,D,,,,3939361696,3939361696,58453115977,647853945,82
2613,2498,D,C13243 (Battle),2026-07-03T00:00:00.000Z,2026-08-24T00:00:00.000Z,3939308527,3939308527,79600062365,801648159,81
2614,3839,D,,,,3937426718,3937426718,53563889976,383590797,97
2615,1451,D,,,,3933906379,3933906379,1.30689E+11,1077116589,83
2616,1474,D,C13225 (Battle),2026-07-03T00:00:00.000Z,2026-08-24T00:00:00.000Z,3931342088,2950418224,74921294555,498164382,64
2617,1460,D,C13191 (Immigration),2026-06-05T00:00:00.000Z,2026-07-27T00:00:00.000Z,3924704987,3537991068,51912562877,666913168,75
2618,2343,D,C13225 (Battle),2026-07-03T00:00:00.000Z,2026-08-24T00:00:00.000Z,3920241707,2803074693,30995210506,459160501,70
2619,1852,D,,,,3920051378,3920051378,24609898368,575299335,67
2620,3539,D,C13230 (Battle),2026-07-03T00:00:00.000Z,2026-08-24T00:00:00.000Z,3911564084,3909946733,94271041161,736682330,100
2621,2571,D,,,,3910200667,3890970015,1.38972E+11,1005563247,84
2622,3572,D,,,,3902650768,3900763760,1.05324E+11,643919555,110
2623,2334,D,C13189 (Immigration),2026-06-05T00:00:00.000Z,2026-07-27T00:00:00.000Z,3894229119,3894229119,1.14157E+11,803386186,91
2624,2001,D,C13191 (Immigration),2026-06-05T00:00:00.000Z,2026-07-27T00:00:00.000Z,3889830120,3889830120,47721788316,724225783,75
2625,3417,D,,,,3886710722,3882072376,62040419440,644105467,75
2626,1036,D,C13222 (Battle),2026-07-03T00:00:00.000Z,2026-08-24T00:00:00.000Z,3885177588,3559447014,56164095892,724638433,70
2627,3814,D,C13191 (Immigration),2026-06-05T00:00:00.000Z,2026-07-27T00:00:00.000Z,3883636622,3883636622,11621500909,208100186,115
2628,2763,D,C13229 (Battle),2026-07-03T00:00:00.000Z,2026-08-24T00:00:00.000Z,3879885045,3879885045,55807378776,724576759,82
2629,2791,D,,,,3874587572,3874587572,84848651091,769468019,82
2630,3825,D,C13214 (Battle),2026-07-03T00:00:00.000Z,2026-08-24T00:00:00.000Z,3871664026,3871664026,57940742156,527512217,105
2631,1573,D,C13224 (Battle),2026-07-03T00:00:00.000Z,2026-08-24T00:00:00.000Z,3869606103,3863161999,1.01093E+11,779447212,65
2632,2068,D,,,,3864736003,3864736003,49651285708,598150632,97
2633,1176,D,C13223 (Battle),2026-07-03T00:00:00.000Z,2026-08-24T00:00:00.000Z,3852002230,3852002230,84728560087,757164818,70
2634,3425,D,C13191 (Immigration),2026-06-05T00:00:00.000Z,2026-07-27T00:00:00.000Z,3844268491,3844268491,73303993987,629489838,109
2635,2558,D,C13229 (Battle),2026-07-03T00:00:00.000Z,2026-08-24T00:00:00.000Z,3829538119,3823546291,2.63585E+11,1291388601,84
2636,1011,D,C13190 (Immigration),2026-06-05T00:00:00.000Z,2026-07-27T00:00:00.000Z,3818764494,3818764494,74003956098,761379711,86
2637,1041,D,C13224 (Battle),2026-07-03T00:00:00.000Z,2026-08-24T00:00:00.000Z,3810426495,3378859802,20673549968,472399350,58
2638,2041,D,,,,3804348877,3804348877,1.30232E+11,906361569,64
2639,2236,D,C13225 (Battle),2026-07-03T00:00:00.000Z,2026-08-24T00:00:00.000Z,3790705727,3790705727,29038051952,491854037,78
2640,2750,D,C13224 (Battle),2026-07-03T00:00:00.000Z,2026-08-24T00:00:00.000Z,3790522421,2911160441,68223263926,572246307,109
2641,1232,D,C13196 (Immigration),2026-06-05T00:00:00.000Z,2026-07-27T00:00:00.000Z,3788570256,3787628649,2.67715E+11,1194045269,80
2642,2439,D,C13224 (Battle),2026-07-03T00:00:00.000Z,2026-08-24T00:00:00.000Z,3785185530,3784453426,27197783602,471995381,62
2643,1260,D,C13189 (Immigration),2026-06-05T00:00:00.000Z,2026-07-27T00:00:00.000Z,3784658321,3773304080,70093545489,734642495,79
2644,2332,D,,,,3782797729,3782797729,1.57471E+11,886226959,79
2645,2340,D,C13210 (Battle),2026-07-03T00:00:00.000Z,2026-08-24T00:00:00.000Z,3778485157,3778485157,94400558820,848110628,84
2646,2680,D,,,,3773887975,3771396769,25113062915,478852108,84
2647,1810,D,C13191 (Immigration),2026-06-05T00:00:00.000Z,2026-07-27T00:00:00.000Z,3771468962,3771468962,36780017298,673440192,88
2648,2113,D,C13187 (Immigration),2026-06-05T00:00:00.000Z,2026-07-27T00:00:00.000Z,3769220260,3766930599,88890424370,800439716,75
2649,2431,D,C13230 (Battle),2026-07-03T00:00:00.000Z,2026-08-24T00:00:00.000Z,3768192340,3768192340,83417468289,709406811,100
2650,2325,D,,,,3765431967,3755177090,71404724192,805945238,70
2651,2197,D,,,,3762967852,3762967852,70422037778,614401808,63
2652,2540,D,C13190 (Immigration),2026-06-05T00:00:00.000Z,2026-07-27T00:00:00.000Z,3757882027,3757882027,60358430628,589398372,76
2653,2297,D,C13223 (Battle),2026-07-03T00:00:00.000Z,2026-08-24T00:00:00.000Z,3737418759,3737418759,44762934459,678004369,72
2654,1348,D,C13247 (Battle),2026-07-03T00:00:00.000Z,2026-08-24T00:00:00.000Z,3723570217,3723570217,32819223278,652932991,66
2655,2275,D,,,,3708220672,3708220672,44862816106,799160860,82
2656,3352,D,,,,3698414430,2020145720,12301417621,317754779,92
2657,1582,D,C13191 (Immigration),2026-06-05T00:00:00.000Z,2026-07-27T00:00:00.000Z,3689816352,3683549375,30501910176,513683213,62
2658,2986,D,,,,3688129247,3688129247,73028085504,834645085,76
2659,2663,D,,,,3684823328,3684823328,1.3165E+11,939589552,72
2660,1712,D,,,,3679687332,3676500477,22429157715,362829422,61
2661,1904,D,C13198 (Immigration),2026-06-05T00:00:00.000Z,2026-07-27T00:00:00.000Z,3676709665,3643865823,58229990052,510608284,56
2662,1686,D,C13246 (Battle),2026-07-03T00:00:00.000Z,2026-08-24T00:00:00.000Z,3674105550,3674105550,35529644017,850464646,89
2663,3574,D,C13231 (Battle),2026-07-03T00:00:00.000Z,2026-08-24T00:00:00.000Z,3672950372,3672950372,59849176831,572788394,94
2664,3644,D,C13195 (Immigration),2026-06-05T00:00:00.000Z,2026-07-27T00:00:00.000Z,3667568319,3667568319,57726362229,501105100,102
2665,3164,D,,,,3657294357,3651846404,25590348058,422976143,79
2666,1984,D,C13243 (Battle),2026-07-03T00:00:00.000Z,2026-08-24T00:00:00.000Z,3651523095,3375953164,25874347715,523298512,61
2667,1536,D,C13191 (Immigration),2026-06-05T00:00:00.000Z,2026-07-27T00:00:00.000Z,3650355165,2976621731,25567604047,382514741,57
2668,1171,D,C13225 (Battle),2026-07-03T00:00:00.000Z,2026-08-24T00:00:00.000Z,3647394713,3641875939,47880327865,514778974,48
2669,2233,D,C13225 (Battle),2026-07-03T00:00:00.000Z,2026-08-24T00:00:00.000Z,3645086907,3633736152,24115119324,465355714,78
2670,2617,D,C13189 (Immigration),2026-06-05T00:00:00.000Z,2026-07-27T00:00:00.000Z,3637411640,3637411640,46764564731,575251152,76
2671,1476,D,,,,3629715795,3629298126,29583980108,500708945,58
2672,3564,D,,,,3628696968,3628696968,36935320979,540963060,85
2673,1049,D,C13204 (Immigration),2026-06-05T00:00:00.000Z,2026-07-27T00:00:00.000Z,3628248224,3628248224,70040543093,803625478,76
2674,1045,D,C13221 (Battle),2026-07-03T00:00:00.000Z,2026-08-24T00:00:00.000Z,3589560972,3589207715,91706826974,749912294,68
2675,2428,D,,,,3588680209,3588680209,50678128575,651796166,55
2676,1528,D,C13198 (Immigration),2026-06-05T00:00:00.000Z,2026-07-27T00:00:00.000Z,3587099391,3578740006,50887170902,799066244,50
2677,2567,D,C13245 (Battle),2026-07-03T00:00:00.000Z,2026-08-24T00:00:00.000Z,3580553852,3580553852,44812592103,638031061,77
2678,2611,D,,,,3580017762,3580017762,40796776765,447235752,61
2679,1593,D,C13191 (Immigration),2026-06-05T00:00:00.000Z,2026-07-27T00:00:00.000Z,3578380688,3569141935,27875046220,414298966,59
2680,3560,D,C13195 (Immigration),2026-06-05T00:00:00.000Z,2026-07-27T00:00:00.000Z,3571224428,3571224428,91852232663,463565083,90
2681,2906,D,C13211 (Battle),2026-07-03T00:00:00.000Z,2026-08-24T00:00:00.000Z,3570993599,3570164316,1.36128E+11,849181896,70
2682,1483,D,C13225 (Battle),2026-07-03T00:00:00.000Z,2026-08-24T00:00:00.000Z,3570176759,3178882976,78512080189,579069051,54
2683,3619,D,,,,3570027885,3570027885,68979271099,589698811,71
2684,3324,D,C13225 (Battle),2026-07-03T00:00:00.000Z,2026-08-24T00:00:00.000Z,3565381980,3228528390,29543316878,465302923,76
2685,2928,D,,,,3564362169,3564362169,28788207664,513063969,85
2686,1359,D,,,,3550693157,3550693157,38434339963,639033492,66
2687,1788,D,C13246 (Battle),2026-07-03T00:00:00.000Z,2026-08-24T00:00:00.000Z,3546365623,3539563658,55468271898,730398291,66
2688,1625,D,C13230 (Battle),2026-07-03T00:00:00.000Z,2026-08-24T00:00:00.000Z,3541834911,3541834911,51389701363,676113046,65
2689,2886,D,C13224 (Battle),2026-07-03T00:00:00.000Z,2026-08-24T00:00:00.000Z,3527480039,3162757948,42332584648,531775828,70
2690,2855,D,,,,3498609588,3498609588,18205822837,529616357,76
2691,1682,D,,,,3494474269,3494474269,84711122187,753224955,115
2692,2920,D,,,,3489814557,3489814557,20824477657,430116233,73
2693,1505,D,C13242 (Battle),2026-07-03T00:00:00.000Z,2026-08-24T00:00:00.000Z,3483633274,3483633274,51338261822,489445534,80
2694,2047,D,C13198 (Immigration),2026-06-05T00:00:00.000Z,2026-07-27T00:00:00.000Z,3462871474,3462871474,43813112965,595072690,84
2695,3162,D,,,,3459643667,3459643667,39458965706,463609702,75
2696,2605,D,,,,3459641803,3459641803,64836278934,639945088,79
2697,1274,D,C13189 (Immigration),2026-06-05T00:00:00.000Z,2026-07-27T00:00:00.000Z,3457326256,3455675681,58942835555,513933743,46
2698,1284,D,C13245 (Battle),2026-07-03T00:00:00.000Z,2026-08-24T00:00:00.000Z,3450919571,3450919571,74800480426,620899417,89
2699,2517,D,C13215 (Battle),2026-07-03T00:00:00.000Z,2026-08-24T00:00:00.000Z,3449148197,3449148197,53488890486,755062592,75
2700,2741,D,C13224 (Battle),2026-07-03T00:00:00.000Z,2026-08-24T00:00:00.000Z,3448372410,3448372410,34626686406,579051765,75
2701,1116,D,,,,3440554370,3429377561,12167250945,272172326,38
2702,1574,D,C13223 (Battle),2026-07-03T00:00:00.000Z,2026-08-24T00:00:00.000Z,3437739739,3437739739,70891997744,721016223,61
2703,2681,D,,,,3426550594,3423267375,23662377491,397619430,55
2704,2466,D,C13198 (Immigration),2026-06-05T00:00:00.000Z,2026-07-27T00:00:00.000Z,3426035415,3426035415,53607886238,588071577,89
2705,2025,D,,,,3423784943,3423784943,9078680803,425039783,89
2706,1406,D,,,,3423641989,3423641989,58674231838,728222891,78
2707,2101,D,C13228 (Battle),2026-07-03T00:00:00.000Z,2026-08-24T00:00:00.000Z,3422574507,3422574507,81568712434,772874436,60
2708,1654,D,C13223 (Battle),2026-07-03T00:00:00.000Z,2026-08-24T00:00:00.000Z,3416891453,3416891453,41943937642,539206506,59
2709,1603,D,,,,3414882125,3414882125,26463120794,438640983,56
2710,2888,D,C13190 (Immigration),2026-06-05T00:00:00.000Z,2026-07-27T00:00:00.000Z,3405783367,3405783367,40665736097,540683246,90
2711,1136,D,C13223 (Battle),2026-07-03T00:00:00.000Z,2026-08-24T00:00:00.000Z,3395040568,3389440682,1.18282E+11,1082834733,74
2712,2790,D,C13224 (Battle),2026-07-03T00:00:00.000Z,2026-08-24T00:00:00.000Z,3392316638,3392316638,43004920339,566393272,84
2713,1905,D,C13224 (Battle),2026-07-03T00:00:00.000Z,2026-08-24T00:00:00.000Z,3392234956,3134520496,28743074819,463978054,57
2714,2432,D,C13248 (Battle),2026-07-03T00:00:00.000Z,2026-08-24T00:00:00.000Z,3373098208,3373098208,22690039018,648617271,72
2715,3240,D,C13204 (Immigration),2026-06-05T00:00:00.000Z,2026-07-27T00:00:00.000Z,3372135408,2791110600,64453154848,602682744,85
2716,1897,D,C13205 (Immigration),2026-06-05T00:00:00.000Z,2026-07-27T00:00:00.000Z,3358723862,3357733999,1.22721E+11,857393096,74
2717,2675,D,C13190 (Immigration),2026-06-05T00:00:00.000Z,2026-07-27T00:00:00.000Z,3345829291,3345829291,1.48164E+11,966629423,73
2718,1862,D,C13241 (Battle),2026-07-03T00:00:00.000Z,2026-08-24T00:00:00.000Z,3332003311,3332003311,19016412627,527303118,77
2719,3444,D,,,,3329452555,3329452555,5780814827,263719832,97
2720,1566,D,C13204 (Immigration),2026-06-05T00:00:00.000Z,2026-07-27T00:00:00.000Z,3328405421,3328405421,50648440820,679565325,61
2721,2634,D,C13194 (Immigration),2026-06-05T00:00:00.000Z,2026-07-27T00:00:00.000Z,3326720318,3326720318,34297116288,440268772,152
2722,3785,D,C13187 (Immigration),2026-06-05T00:00:00.000Z,2026-07-27T00:00:00.000Z,3319634323,3319634323,10176515368,282088516,101
2723,1840,D,C13246 (Battle),2026-07-03T00:00:00.000Z,2026-08-24T00:00:00.000Z,3315958343,3315958343,58019236153,711970070,69
2724,1578,D,,,,3302614151,3302614151,43503213744,554518070,53
2725,1881,D,C13223 (Battle),2026-07-03T00:00:00.000Z,2026-08-24T00:00:00.000Z,3295706907,3295706907,1.03626E+11,729515141,67
2726,1425,D,C13191 (Immigration),2026-06-05T00:00:00.000Z,2026-07-27T00:00:00.000Z,3291199840,3290452261,56249147961,533055288,49
2727,3568,D,,,,3284346266,3284346266,72825864662,620219666,89
2728,1846,D,C13225 (Battle),2026-07-03T00:00:00.000Z,2026-08-24T00:00:00.000Z,3283630186,3283630186,35788559863,598768292,87
2729,1420,D,C13230 (Battle),2026-07-03T00:00:00.000Z,2026-08-24T00:00:00.000Z,3275696066,3275696066,30217783154,652401872,95
2730,1338,D,,,,3273773606,3273773606,49848830938,610763525,56
2731,1398,D,C13247 (Battle),2026-07-03T00:00:00.000Z,2026-08-24T00:00:00.000Z,3264855332,3264855332,37852956523,724993120,56
2732,1910,D,C13204 (Immigration),2026-06-05T00:00:00.000Z,2026-07-27T00:00:00.000Z,3253975184,3253975184,90360663652,574726175,123
2733,3597,D,C13196 (Immigration),2026-06-05T00:00:00.000Z,2026-07-27T00:00:00.000Z,3234911243,3234911243,42627956858,449425038,90
2734,3875,D,C13207 (Battle),2026-06-11T00:00:00.000Z,2026-08-08T00:00:00.000Z,3212521857,3212521857,17263280311,195917751,96
2735,1634,D,C13225 (Battle),2026-07-03T00:00:00.000Z,2026-08-24T00:00:00.000Z,3205069931,3201025116,28733230717,311027460,51
2736,2614,D,C13225 (Battle),2026-07-03T00:00:00.000Z,2026-08-24T00:00:00.000Z,3190880616,2345284249,54469007973,481565076,79
2737,2817,D,,,,3183254151,3183254151,39780383818,552594293,67
2738,3193,D,C13223 (Battle),2026-07-03T00:00:00.000Z,2026-08-24T00:00:00.000Z,3178828612,3178828612,51325408018,597907767,65
2739,3221,D,C13230 (Battle),2026-07-03T00:00:00.000Z,2026-08-24T00:00:00.000Z,3155568532,3155568532,57550427819,564312279,83
2740,1469,D,C13223 (Battle),2026-07-03T00:00:00.000Z,2026-08-24T00:00:00.000Z,3152022245,3139562893,61385168529,642956968,51
2741,1188,D,C13225 (Battle),2026-07-03T00:00:00.000Z,2026-08-24T00:00:00.000Z,3147869790,3147869790,62579708546,599422837,95
2742,2162,D,C13191 (Immigration),2026-06-05T00:00:00.000Z,2026-07-27T00:00:00.000Z,3142648497,3142648497,43376294094,591759755,62
2743,1318,D,C13191 (Immigration),2026-06-05T00:00:00.000Z,2026-07-27T00:00:00.000Z,3141838367,3141838367,38639463284,452747482,68
2744,1520,D,,,,3125449893,3125449893,54452780029,612071120,45
2745,2918,D,C13223 (Battle),2026-07-03T00:00:00.000Z,2026-08-24T00:00:00.000Z,3116435224,3115919140,65994539430,520423936,50
2746,1239,D,,,,3114161676,3114161676,19620976895,481990604,61
2747,1548,D,C13224 (Battle),2026-07-03T00:00:00.000Z,2026-08-24T00:00:00.000Z,3111743867,2908152162,55250876117,473531040,53
2748,2860,D,,,,3111164500,3111164500,43766785306,566283619,62
2749,3001,D,,,,3110887985,3100294864,1.00237E+11,591738469,86
2750,2772,D,,,,3107350082,3107350082,27773830159,569491241,75
2751,2478,D,C13229 (Battle),2026-07-03T00:00:00.000Z,2026-08-24T00:00:00.000Z,3100255099,3100255099,48239058690,589588218,106
2752,3354,D,,,,3086241223,3086241223,45926518287,583380182,61
2753,2641,D,,,,3065688866,3065491698,76509557551,592235266,73
2754,2372,D,C13222 (Battle),2026-07-03T00:00:00.000Z,2026-08-24T00:00:00.000Z,3060631673,3058838950,47920130623,586772929,60
2755,1585,D,C13225 (Battle),2026-07-03T00:00:00.000Z,2026-08-24T00:00:00.000Z,3047293903,2482169450,44891497534,481405601,52
2756,2990,D,C13225 (Battle),2026-07-03T00:00:00.000Z,2026-08-24T00:00:00.000Z,3025062595,2447458218,55198829213,460066876,68
2757,1613,D,,,,3024177827,3017043279,41992538693,443206523,75
2758,1376,D,C13225 (Battle),2026-07-03T00:00:00.000Z,2026-08-24T00:00:00.000Z,3016701794,2613232325,48636893623,422841154,50
2759,1971,D,C13217 (Battle),2026-07-03T00:00:00.000Z,2026-08-24T00:00:00.000Z,2979410950,2979410950,1.42428E+11,852747902,43
2760,3548,D,C13244 (Battle),2026-07-03T00:00:00.000Z,2026-08-24T00:00:00.000Z,2974394704,2974394704,45568426986,484924221,47
2761,2706,D,,,,2972749560,2965988652,59307293506,622475087,66
2762,1870,D,C13247 (Battle),2026-07-03T00:00:00.000Z,2026-08-24T00:00:00.000Z,2971611438,2971611438,26270242041,464345170,58
2763,3581,D,C13225 (Battle),2026-07-03T00:00:00.000Z,2026-08-24T00:00:00.000Z,2967032945,2967032945,17316251717,274545556,81
2764,1491,D,C13230 (Battle),2026-07-03T00:00:00.000Z,2026-08-24T00:00:00.000Z,2958266323,2958266323,25371128277,507238567,64
2765,2323,D,C13191 (Immigration),2026-06-05T00:00:00.000Z,2026-07-27T00:00:00.000Z,2957055297,2957055297,15808655055,399310012,60
2766,1595,D,C13191 (Immigration),2026-06-05T00:00:00.000Z,2026-07-27T00:00:00.000Z,2911714515,2911714515,77516835371,629819148,55
2767,3263,D,,,,2886975198,2886975198,45202413624,545416379,79
2768,2357,D,,,,2882263926,2882263926,22963948993,465625022,71
2769,2557,D,,,,2876214660,2876214660,32007446842,526288746,53
2770,1795,D,,,,2874828203,2874828203,33729841521,430499569,55
2771,1567,D,C13225 (Battle),2026-07-03T00:00:00.000Z,2026-08-24T00:00:00.000Z,2873558879,2845440889,27604557035,278233991,44
2772,2169,D,C13189 (Immigration),2026-06-05T00:00:00.000Z,2026-07-27T00:00:00.000Z,2867614935,2867614935,58053981311,716161078,37
2773,1954,D,C13223 (Battle),2026-07-03T00:00:00.000Z,2026-08-24T00:00:00.000Z,2830971297,2830971297,35823515606,487551437,62
2774,1829,D,,,,2829925914,2829925914,15108942617,437219731,61
2775,1597,D,,,,2826502679,2826502679,48902907782,432840203,60
2776,2870,D,C13221 (Battle),2026-07-03T00:00:00.000Z,2026-08-24T00:00:00.000Z,2817894819,2817894819,86079122278,656034762,59
2777,2623,D,C13224 (Battle),2026-07-03T00:00:00.000Z,2026-08-24T00:00:00.000Z,2801131577,2801131577,21025615105,488331699,82
2778,2509,D,C13205 (Immigration),2026-06-05T00:00:00.000Z,2026-07-27T00:00:00.000Z,2800869787,2800869787,39658477975,484727247,68
2779,1568,D,C13193 (Immigration),2026-06-05T00:00:00.000Z,2026-07-27T00:00:00.000Z,2795188605,2795188605,41442341247,467831998,129
2780,2076,D,,,,2775702948,2775702948,18044203740,471243307,57
2781,2449,D,C13245 (Battle),2026-07-03T00:00:00.000Z,2026-08-24T00:00:00.000Z,2757056651,2757056651,48763557000,472752449,60
2782,2810,D,,,,2753888831,2746754970,37848188949,382503089,68
2783,2111,D,,,,2736666147,2736666147,59231366086,563604146,60
2784,2181,D,C13191 (Immigration),2026-06-05T00:00:00.000Z,2026-07-27T00:00:00.000Z,2665062258,2665062258,42677369969,444895596,63
2785,3329,D,C13225 (Battle),2026-07-03T00:00:00.000Z,2026-08-24T00:00:00.000Z,2662993826,1913453695,22642615893,257760338,50
2786,1970,D,C13191 (Immigration),2026-06-05T00:00:00.000Z,2026-07-27T00:00:00.000Z,2662722869,2662722869,32010607385,457810311,49
2787,3473,D,,,,2632645052,2632645052,32717147416,461976366,91
2788,1754,D,,,,2620099523,2620099523,14254960866,332046935,64
2789,3092,D,C13225 (Battle),2026-07-03T00:00:00.000Z,2026-08-24T00:00:00.000Z,2614731298,2612260203,50979329964,434666972,61
2790,3921,D,,,,2582965510,2582965510,23720820643,132443848,71
2791,2959,D,,,,2545876580,2545876580,44912287427,482801771,78
2792,3914,D,,,,2544312303,2544312303,11579141117,155665066,84
2793,1551,D,,,,2537112134,2537112134,27597643742,485862751,45
2794,3268,D,,,,2533879790,2532730557,12785530880,273323626,54
2795,2868,D,C13230 (Battle),2026-07-03T00:00:00.000Z,2026-08-24T00:00:00.000Z,2533018945,2533018945,39069331945,334276667,90
2796,1426,D,,,,2511803279,2511803279,19587467711,535806855,47
2797,3255,D,C13191 (Immigration),2026-06-05T00:00:00.000Z,2026-07-27T00:00:00.000Z,2509683917,2509683917,41462632883,380760782,65
2798,3361,D,,,,2507379576,2505292090,53567291217,409940240,62
2799,2408,D,C13188 (Immigration),2026-06-05T00:00:00.000Z,2026-07-27T00:00:00.000Z,2507273261,2507273261,23197729060,488992229,80
2800,3877,D,C13207 (Battle),2026-06-11T00:00:00.000Z,2026-08-08T00:00:00.000Z,2483404848,2483404848,12741094155,123399504,62
2801,2192,D,C13225 (Battle),2026-07-03T00:00:00.000Z,2026-08-24T00:00:00.000Z,2480774653,2480774653,15713806786,273345684,41
2802,3711,D,C13230 (Battle),2026-07-03T00:00:00.000Z,2026-08-24T00:00:00.000Z,2466139669,2466139669,19736759826,292922072,74
2803,1170,D,C13187 (Immigration),2026-06-05T00:00:00.000Z,2026-07-27T00:00:00.000Z,2447547883,2445126826,69220806676,467108083,56
2804,3415,D,,,,2444475304,2444475304,54192814071,467099824,63
2805,1320,D,C13225 (Battle),2026-07-03T00:00:00.000Z,2026-08-24T00:00:00.000Z,2443965648,2440516747,26180149524,452297754,41
2806,2624,D,C13229 (Battle),2026-07-03T00:00:00.000Z,2026-08-24T00:00:00.000Z,2440765249,2440765249,26331918622,341563247,79
2807,1517,D,C13191 (Immigration),2026-06-05T00:00:00.000Z,2026-07-27T00:00:00.000Z,2421111936,2405672642,54702006359,484696057,47
2808,2609,D,,,,2417864586,2417864586,55879410581,531451917,63
2809,2976,D,,,,2406329959,2406329959,19265018524,323567432,56
2810,3389,D,C13191 (Immigration),2026-06-05T00:00:00.000Z,2026-07-27T00:00:00.000Z,2403044204,2403044204,89065464970,503613326,66
2811,2580,D,C13223 (Battle),2026-07-03T00:00:00.000Z,2026-08-24T00:00:00.000Z,2332791180,2332791180,22154742972,383598441,67
2812,2358,D,,,,2332042801,2332042801,43316465648,443823933,63
2813,2851,D,C13225 (Battle),2026-07-03T00:00:00.000Z,2026-08-24T00:00:00.000Z,2323145852,2071595281,15514883932,290635702,52
2814,1653,D,,,,2317639195,2317639195,45985490605,496043008,50
2815,1774,D,C13230 (Battle),2026-07-03T00:00:00.000Z,2026-08-24T00:00:00.000Z,2287354053,2287354053,37003879982,508447540,45
2816,3667,D,C13214 (Battle),2026-07-03T00:00:00.000Z,2026-08-24T00:00:00.000Z,2247843544,2247843544,30167679659,299214246,60
2817,1696,D,,,,2243904988,2243904988,52728255918,493152648,45
2818,2317,D,C13214 (Battle),2026-07-03T00:00:00.000Z,2026-08-24T00:00:00.000Z,2205630123,2205630123,96991723307,531145717,69
2819,2487,D,C13245 (Battle),2026-07-03T00:00:00.000Z,2026-08-24T00:00:00.000Z,2198360705,2194627091,20705278086,240284721,39
2820,2787,D,,,,2197734294,2197734294,47371137986,520581446,54
2821,1328,D,,,,2166987841,2166987841,42700141460,504501658,32
2822,1716,D,,,,2157772007,2157643938,29649543255,377723614,36
2823,3806,D,C13182 (Immigration),2026-06-05T00:00:00.000Z,2026-07-27T00:00:00.000Z,2157673339,2157673339,41230290380,212171017,56
2824,2074,D,,,,2155297508,2155297508,92508280270,652808187,48
2825,3684,D,,,,2152362133,2152362133,39641667860,261030813,51
2826,1437,D,C13225 (Battle),2026-07-03T00:00:00.000Z,2026-08-24T00:00:00.000Z,2150327908,2055942708,27769950221,206364401,23
2827,2572,D,,,,2149710620,2149710620,46469825870,447997992,48
2828,1750,D,,,,2144960363,2144960363,27006130176,353480225,39
2829,1526,D,C13224 (Battle),2026-07-03T00:00:00.000Z,2026-08-24T00:00:00.000Z,2109749002,1604190329,42712144692,294993612,35
2830,2475,D,C13247 (Battle),2026-07-03T00:00:00.000Z,2026-08-24T00:00:00.000Z,2105597937,2105597937,33700214259,434889798,49
2831,1768,D,,,,2081671157,2081671157,20379744540,340797145,39
2832,1299,D,C13205 (Immigration),2026-06-05T00:00:00.000Z,2026-07-27T00:00:00.000Z,2039084127,1752635303,20886382300,329943228,41
2833,1626,D,,,,2029200418,2019980126,40939521284,405192399,26
2834,2200,D,,,,2026902514,2026902514,10746850932,359093219,51
2835,2117,D,C13190 (Immigration),2026-06-05T00:00:00.000Z,2026-07-27T00:00:00.000Z,2019087281,2019087281,23250866313,343916646,38
2836,1918,D,C13221 (Battle),2026-07-03T00:00:00.000Z,2026-08-24T00:00:00.000Z,2000213604,2000213604,63643679149,455762328,46
2837,1269,D,C13191 (Immigration),2026-06-05T00:00:00.000Z,2026-07-27T00:00:00.000Z,1999705098,1999705098,13021736362,289670124,41
2838,1246,D,,,,1991888852,1987374819,28783871452,416203935,33
2839,1777,D,C13223 (Battle),2026-07-03T00:00:00.000Z,2026-08-24T00:00:00.000Z,1987320554,1979953628,26565954475,352535688,41
2840,2970,D,,,,1985658050,1985658050,16845447033,283788113,42
2841,2031,D,,,,1948036454,1948036454,57995579868,351090340,27
2842,3578,D,C13247 (Battle),2026-07-03T00:00:00.000Z,2026-08-24T00:00:00.000Z,1926431883,1926431883,34503831103,348991194,47
2843,2620,D,C13246 (Battle),2026-07-03T00:00:00.000Z,2026-08-24T00:00:00.000Z,1903619081,1903619081,23020534822,295265294,46
2844,1463,D,,,,1896446479,1896446479,28190482062,336883364,35
2845,2394,D,,,,1894809046,1894809046,29521218296,358263839,42
2846,2691,D,C13191 (Immigration),2026-06-05T00:00:00.000Z,2026-07-27T00:00:00.000Z,1870504211,1870504211,19723116075,296818638,46
2847,1151,D,C13191 (Immigration),2026-06-05T00:00:00.000Z,2026-07-27T00:00:00.000Z,1847629840,1847629840,54459755575,434204729,36
2848,2019,D,C13225 (Battle),2026-07-03T00:00:00.000Z,2026-08-24T00:00:00.000Z,1814133929,1814133929,22660059123,317318868,39
2849,3119,D,,,,1811180732,1811180732,35030088736,292178246,40
2850,1218,D,C13191 (Immigration),2026-06-05T00:00:00.000Z,2026-07-27T00:00:00.000Z,1807323528,1807323528,39226774321,345498100,35
2851,2514,D,C13244 (Battle),2026-07-03T00:00:00.000Z,2026-08-24T00:00:00.000Z,1785586975,1785586975,58330091481,404055411,33
2852,1529,D,,,,1620408380,1614178336,9336018050,211446448,24
2853,2564,D,,,,1599917192,1599917192,15073007027,282074751,37
2854,1609,D,,,,1569143822,1569143822,41714718202,353536223,22
2855,2130,D,,,,1544433686,1544433686,11762590826,253869942,36
2856,2671,D,,,,1540216134,1540216134,20721610910,338471369,35
2857,1766,D,C13229 (Battle),2026-07-03T00:00:00.000Z,2026-08-24T00:00:00.000Z,1533911405,1530800716,28806596136,263126339,25
2858,3909,D,,,,1459746721,1459746721,4207415443,60189410,47
2859,1048,D,,,,1456534087,1450243878,82699434823,346438613,16
2860,1087,D,,,,1431958873,1431958873,7578757041,212251184,26
2861,2650,D,C13198 (Immigration),2026-06-05T00:00:00.000Z,2026-07-27T00:00:00.000Z,1407931833,1407931833,16182887694,223771603,47
2862,1285,D,,,,1359886308,1359886308,10061849793,281572022,32
2863,3309,D,,,,1342361781,1341768453,60541029767,318677054,35
2864,3759,D,C13230 (Battle),2026-07-03T00:00:00.000Z,2026-08-24T00:00:00.000Z,1062637830,1062637830,26894239777,199186618,28
2865,2097,D,,,,1008070844,1008070844,7507251971,169599869,23
2866,1242,D,C13225 (Battle),2026-07-03T00:00:00.000Z,2026-08-24T00:00:00.000Z,969475989,850461775.6,19486844696,162383411,20
2867,3764,D,C13219 (Battle),2026-07-03T00:00:00.000Z,2026-08-24T00:00:00.000Z,958286535,958286535,12320469105,97201023,23
2868,3778,D,C13193 (Immigration),2026-06-05T00:00:00.000Z,2026-07-27T00:00:00.000Z,860767793,860767793,16524848130,110193704,16
2869,1673,D,,,,825260399,825260399,24712513731,186009965,13
2870,3920,D,,,,758900415,758900415,2962977662,28430398,27
2871,3823,D,C13216 (Battle),2026-07-03T00:00:00.000Z,2026-08-24T00:00:00.000Z,689171521,689171521,5253429329,46245804,18
2872,1616,D,,,,664159275,664159275,601161503,49090157,31
2873,3300,D,C13185 (Immigration),2026-06-05T00:00:00.000Z,2026-07-27T00:00:00.000Z,465095400,465095400,28662045092,94049322,13
2874,3824,D,C13184 (Immigration),2026-06-05T00:00:00.000Z,2026-07-27T00:00:00.000Z,450641171,450641171,2207288039,36671181,13
2875,1313,D,,,,67212688,67212688,141501554,12751720,2
2876,1069,D,,,,0,0,0,0,0
2877,1078,D,,,,0,0,0,0,0
2878,1129,D,,,,0,0,0,0,0
2879,1221,D,,,,0,0,0,0,0
2880,1278,D,,,,0,0,0,0,0
2881,1306,D,,,,0,0,0,0,0
2882,1315,D,,,,0,0,0,0,0
2883,1335,D,,,,0,0,0,0,0
2884,1339,D,,,,0,0,0,0,0
2885,1351,D,,,,0,0,0,0,0
2886,1354,D,,,,0,0,0,0,0
2887,1378,D,,,,0,0,0,0,0
2888,1379,D,,,,0,0,0,0,0
2889,1416,D,,,,0,0,0,0,0
2890,1465,D,,,,0,0,0,0,0
2891,1513,D,,,,0,0,0,0,0
2892,1530,D,,,,0,0,0,0,0
2893,1542,D,,,,0,0,0,0,0
2894,1543,D,,,,0,0,0,0,0
2895,1550,D,,,,0,0,0,0,0
2896,1572,D,,,,0,0,0,0,0
2897,1579,D,,,,0,0,0,0,0
2898,1580,D,,,,0,0,0,0,0
2899,1601,D,,,,0,0,0,0,0
2900,1605,D,,,,0,0,0,0,0
2901,1630,D,,,,0,0,0,0,0
2902,1650,D,,,,0,0,0,0,0
2903,1725,D,,,,0,0,0,0,0
2904,1736,D,,,,0,0,0,0,0
2905,1767,D,,,,0,0,0,0,0
2906,1797,D,,,,0,0,0,0,0
2907,1880,D,,,,0,0,0,0,0
2908,1893,D,,,,0,0,0,0,0
2909,1969,D,,,,0,0,0,0,0
2910,2013,D,,,,0,0,0,0,0
2911,2036,D,,,,0,0,0,0,0
2912,2061,D,,,,0,0,0,0,0
2913,2064,D,,,,0,0,0,0,0
2914,2142,D,,,,0,0,0,0,0
2915,2167,D,,,,0,0,0,0,0
2916,2226,D,,,,0,0,0,0,0
2917,2264,D,,,,0,0,0,0,0
2918,2337,D,,,,0,0,0,0,0
2919,2505,D,,,,0,0,0,0,0
2920,2603,D,,,,0,0,0,0,0
2921,2672,D,,,,0,0,0,0,0
2922,2725,D,,,,0,0,0,0,0
2923,2935,D,,,,0,0,0,0,0
2924,2945,D,,,,0,0,0,0,0
2925,2991,D,,,,0,0,0,0,0
2926,3067,D,,,,0,0,0,0,0
2927,3185,D,,,,0,0,0,0,0
2928,3446,D,,,,0,0,0,0,0