Rank,Kingdom,Group,KvK,KvK Start,KvK End,Power,Power Capped,KP,Dead,CH25
1,3308,A,"C13208 (Battle), C13224 (Battle)",2026-07-03T00:00:00.000Z,2026-08-24T00:00:00.000Z,34152451943,27793255423,4.50007E+12,12492017331,300
2,1093,A,C13208 (Battle),2026-07-03T00:00:00.000Z,2026-08-24T00:00:00.000Z,30277192664,28461942018,4.42007E+12,12297472086,300
3,2359,A,"C13225 (Battle), C13208 (Battle)",2026-07-03T00:00:00.000Z,2026-08-24T00:00:00.000Z,29702881310,28339341440,4.96084E+12,13371205278,300
4,1001,A,,,,29052949043,28979784507,1.717E+11,2893831139,300
5,3213,A,C13209 (Battle),2026-07-03T00:00:00.000Z,2026-08-24T00:00:00.000Z,28216257150,28178528331,6.13347E+11,3854558897,300
6,1002,A,C13226 (Battle),2026-07-03T00:00:00.000Z,2026-08-24T00:00:00.000Z,27285980722,27202972089,2.58976E+11,3986885279,300
7,1981,A,C13208 (Battle),2026-07-03T00:00:00.000Z,2026-08-24T00:00:00.000Z,26361718947,25739253840,2.61611E+12,7259386310,300
8,2489,A,"C13208 (Battle), C13224 (Battle)",2026-07-03T00:00:00.000Z,2026-08-24T00:00:00.000Z,25539204755,24850913860,4.60028E+12,12859854099,300
9,3189,A,C13209 (Battle),2026-07-03T00:00:00.000Z,2026-08-24T00:00:00.000Z,24657955143,24654222829,2.92114E+11,3502842620,300
10,3060,A,,,,23924197749,23922417208,2.928E+11,4366948422,300
11,3594,A,"C13219 (Battle), C13209 (Battle)",2026-07-03T00:00:00.000Z,2026-08-24T00:00:00.000Z,23294090829,23293694031,3.59633E+11,4036708634,300
12,1875,A,,,,23246259050,23071115594,3.20127E+12,9726647405,300
13,1903,A,,,,22733780547,22704852889,1.94854E+12,6771414162,300
14,1365,A,,,,22521275875,22379168679,3.02469E+12,9543546668,300
15,1394,A,"C13231 (Battle), C13246 (Battle)",2026-07-03T00:00:00.000Z,2026-08-24T00:00:00.000Z,22479665896,22481564270,5.65505E+11,5971057846,300
16,2293,A,,,,21759964921,21737369190,1.78453E+12,6814033158,300
17,1344,A,,,,20876364023,20840923555,2.08413E+11,3007131392,300
18,1718,A,,,,20803499462,20698858761,2.45526E+12,7675374141,300
19,1052,A,C13210 (Battle),2026-07-03T00:00:00.000Z,2026-08-24T00:00:00.000Z,20719288295,20688966088,2.61123E+11,4436106982,300
20,3212,A,,,,20570530416,20248078270,1.5658E+11,3641822176,300
21,2563,A,,,,20544848756,20450901270,2.076E+12,6225396895,300
22,2469,A,C13234 (Battle),2026-07-03T00:00:00.000Z,2026-08-24T00:00:00.000Z,20393023386,20391920382,1.66442E+11,3845300810,300
23,2529,A,,,,20320246809,20320246809,1.77807E+11,3495183873,300
24,1473,A,,,,20281756512,20184672650,1.83799E+12,6745035751,300
25,2638,A,C13232 (Battle),2026-07-03T00:00:00.000Z,2026-08-24T00:00:00.000Z,20244910928,20190983319,1.61749E+12,5961454642,300
26,3672,A,C13208 (Battle),2026-07-03T00:00:00.000Z,2026-08-24T00:00:00.000Z,20161052258,19933013910,2.04541E+12,6562013650,300
27,2141,A,,,,19813721522,19813721522,1.87095E+11,3233072398,300
28,1606,A,C13226 (Battle),2026-07-03T00:00:00.000Z,2026-08-24T00:00:00.000Z,19701974390,19577705455,2.89798E+12,8279396168,300
29,2728,A,,,,19346637152,19221605713,2.33367E+12,6758174426,300
30,2497,A,,,,19241927657,19241927657,1.73567E+11,3520600140,300
31,1786,A,C13226 (Battle),2026-07-03T00:00:00.000Z,2026-08-24T00:00:00.000Z,18988069506,18909324596,1.41958E+12,6222477496,300
32,3639,A,,,,18903429728,18903429728,2.23674E+11,2735855376,300
33,2748,A,,,,18878258115,18662999629,1.37686E+12,5461515959,297
34,1316,A,,,,18840343210,18632115583,2.26316E+12,7631721280,297
35,3842,A,,,,18812072066,18399909899,1.258E+12,4447988145,300
36,2537,A,,,,18339311972,18314838395,1.5301E+11,2700864244,300
37,3274,A,,,,18291242832,17529213921,1.5534E+12,5568821696,300
38,2902,A,C13226 (Battle),2026-07-03T00:00:00.000Z,2026-08-24T00:00:00.000Z,18260741801,18258072752,1.15789E+12,4597127029,300
39,1209,A,,,,18228732762,18223447221,3.78341E+11,4011815434,300
40,1649,A,,,,18207383774,18205006353,2.39762E+11,3385578166,300
41,2925,A,C13226 (Battle),2026-07-03T00:00:00.000Z,2026-08-24T00:00:00.000Z,18205570440,18174330017,9.29994E+11,4601900416,300
42,3517,A,,,,18190391878,18155354502,1.32182E+12,4737674414,300
43,2387,A,C13208 (Battle),2026-07-03T00:00:00.000Z,2026-08-24T00:00:00.000Z,18160402990,18149336432,9.80966E+11,4688781952,300
44,1015,A,,,,18106442464,18106424267,1.39792E+11,2888117073,300
45,3908,A,,,,18008117112,17760918130,3.20851E+11,1092761356,300
46,3257,A,,,,17904158998,17804012554,1.28117E+12,6116416826,300
47,1105,A,,,,17807584719,17807395896,88465120433,2548216910,300
48,1003,A,C13239 (Battle),2026-07-03T00:00:00.000Z,2026-08-24T00:00:00.000Z,17730949357,17730949357,1.33216E+11,3347341332,300
49,2382,A,,,,17655975559,17655975559,1.9538E+11,3404616574,300
50,1818,A,,,,17312588172,17287668719,8.8261E+11,4485180509,300
51,3526,A,C13208 (Battle),2026-07-03T00:00:00.000Z,2026-08-24T00:00:00.000Z,17290658390,17266923013,8.98392E+11,3909531576,300
52,1761,A,,,,17277566367,17251125488,1.0597E+12,4349888471,300
53,2905,A,C13227 (Battle),2026-07-03T00:00:00.000Z,2026-08-24T00:00:00.000Z,17205311979,17205311979,2.6876E+11,3480193417,300
54,2983,A,,,,16971806842,16371719791,1.2732E+12,5312297779,300
55,1568,A,,,,16896835375,16874822395,1.14196E+12,5155247126,300
56,1879,A,,,,16895710453,16879015135,1.54453E+12,5626224550,300
57,1271,A,,,,16875644523,16875644523,1.26304E+11,3100619956,300
58,2403,A,,,,16750959785,16750959785,1.85359E+11,2765999054,299
59,3793,A,,,,16710715554,16439616210,1.0644E+12,3584823344,300
60,3418,A,,,,16682777339,16682777339,1.13507E+11,2536137318,300
61,1404,A,,,,16680683784,16533854578,1.97018E+11,2517791140,292
62,3500,A,,,,16651631964,16632620418,9.99796E+11,4246430974,300
63,2243,A,,,,16636565572,16630814499,1.16741E+11,2119733181,300
64,1631,A,,,,16584057485,16584057485,2.74711E+11,3061805464,300
65,2341,A,,,,16493532709,16493532709,1.60592E+11,2533456067,300
66,1126,A,,,,16425683512,16425683512,1.74474E+11,3052574922,300
67,1824,A,C13232 (Battle),2026-07-03T00:00:00.000Z,2026-08-24T00:00:00.000Z,16379196588,16365824482,8.488E+11,4311818632,300
68,3299,A,,,,16311407192,16311407192,1.77469E+11,2405591888,300
69,2804,A,C13208 (Battle),2026-07-03T00:00:00.000Z,2026-08-24T00:00:00.000Z,16304636876,16293965270,8.66846E+11,4085328086,300
70,1816,A,,,,16184942691,16143047598,91677618557,1748958129,300
71,2914,A,,,,16183828752,15771081134,9.0578E+11,3436705907,264
72,3608,A,,,,16113972728,16113972728,1.32893E+11,1805540216,300
73,1076,A,,,,16111886439,16107590877,1.49055E+11,2537506086,290
74,1532,A,C13216 (Battle),2026-07-03T00:00:00.000Z,2026-08-24T00:00:00.000Z,16052658239,16034359381,1.22738E+11,2426076232,265
75,1939,A,C13216 (Battle),2026-07-03T00:00:00.000Z,2026-08-24T00:00:00.000Z,16045238819,16040982481,1.30477E+11,2726108580,284
76,1016,A,,,,15955118910,15910410407,9.09561E+11,5140559824,295
77,1592,A,C13208 (Battle),2026-07-03T00:00:00.000Z,2026-08-24T00:00:00.000Z,15943202499,15882448428,1.54391E+12,5707433775,300
78,2062,A,C13226 (Battle),2026-07-03T00:00:00.000Z,2026-08-24T00:00:00.000Z,15869260585,15869260585,4.58649E+11,3631139215,300
79,1082,A,,,,15850238829,15735391996,93661512089,1792421379,224
80,2199,A,,,,15799678454,15794585533,1.98358E+11,2830340172,288
81,2626,A,C13214 (Battle),2026-07-03T00:00:00.000Z,2026-08-24T00:00:00.000Z,15786281123,15786281123,1.60507E+11,2678866598,300
82,2194,A,,,,15734025602,15734025602,7.0062E+11,4256146608,300
83,1212,A,,,,15726291177,15619461929,8.15522E+11,4096521037,300
84,1079,A,,,,15726038794,15713085793,1.24751E+12,4971983376,300
85,3256,A,,,,15718541570,14469356216,2.76811E+11,2473285617,227
86,2020,A,,,,15692243451,15692243451,1.86436E+11,2460592450,279
87,1854,A,,,,15618116207,15616802627,1.69988E+11,2556573161,300
88,2965,A,,,,15562560856,15499878442,1.11715E+12,4402974086,295
89,1843,A,,,,15470118554,15470118554,1.45745E+11,2811768883,274
90,1206,A,C13226 (Battle),2026-07-03T00:00:00.000Z,2026-08-24T00:00:00.000Z,15465172785,15460216101,9.75312E+11,4141028359,300
91,2685,A,,,,15443097720,15443097720,4.21044E+11,2954022137,300
92,1393,A,,,,15439919084,14944845806,1.00398E+12,4362464510,300
93,3535,A,,,,15407250602,15394648793,2.7744E+11,2846357453,300
94,1343,A,,,,15330530257,15328069852,1.2231E+11,2280739641,289
95,2179,A,,,,15279893349,15136354677,4.83949E+11,2803934432,286
96,3319,A,,,,15192635444,15190360132,2.13022E+11,2909466361,300
97,1757,A,,,,15170281335,15169231348,91363262505,2242625149,300
98,2405,A,,,,15149793308,15083643967,9.51839E+11,3952780346,300
99,2666,A,,,,15114608693,14962149302,1.33908E+12,4862425362,278
100,3538,A,,,,15048824542,15036913887,2.32433E+11,2632789540,294
101,2116,A,,,,15011982046,14996093559,4.49924E+11,3274817723,300
102,1169,A,,,,14986382638,14678758352,5.11434E+11,3987081200,288
103,2027,A,,,,14983349975,14944864233,7.54755E+11,3390615699,300
104,3904,A,,,,14900925242,14638767217,2.40609E+11,1028570306,300
105,3767,A,C13236 (Battle),2026-07-03T00:00:00.000Z,2026-08-24T00:00:00.000Z,14885383790,14885383790,1.37948E+11,1408934679,300
106,1770,A,C13209 (Battle),2026-07-03T00:00:00.000Z,2026-08-24T00:00:00.000Z,14877678117,14877678117,5.48155E+11,3728434631,300
107,2964,A,C13209 (Battle),2026-07-03T00:00:00.000Z,2026-08-24T00:00:00.000Z,14864066519,14857753951,5.20336E+11,2879946078,300
108,2070,A,,,,14853350420,14813538963,4.31761E+11,3755553902,300
109,1877,A,,,,14750416100,14750416100,4.30327E+11,2952831792,300
110,1960,A,,,,14727871130,14652243103,7.80395E+11,3625992294,300
111,2269,A,C13210 (Battle),2026-07-03T00:00:00.000Z,2026-08-24T00:00:00.000Z,14711428327,14711428327,4.73828E+11,3273553018,300
112,3143,A,C13226 (Battle),2026-07-03T00:00:00.000Z,2026-08-24T00:00:00.000Z,14708610900,14708610900,6.97713E+11,3643899228,300
113,1261,A,,,,14705761544,12117732900,1.32875E+11,2329269481,251
114,3869,A,C13206 (Battle),2026-06-11T00:00:00.000Z,2026-08-08T00:00:00.000Z,14642349222,14624718573,4.77694E+11,1491916162,300
115,2246,A,C13209 (Battle),2026-07-03T00:00:00.000Z,2026-08-24T00:00:00.000Z,14613240632,14600183301,3.82033E+11,2866622643,300
116,1220,A,,,,14594796581,14594796581,6.21691E+11,3724806840,284
117,3710,A,,,,14587068846,14587068846,93907465668,1186942670,300
118,1858,A,C13237 (Battle),2026-07-03T00:00:00.000Z,2026-08-24T00:00:00.000Z,14573645306,14470412878,5.07607E+11,3031310817,286
119,2654,A,,,,14558021570,14532157075,7.10734E+11,3440906757,300
120,3853,A,,,,14553633871,14553633871,1.63613E+11,1156121477,300
121,3743,A,,,,14532522109,14479882519,8.51452E+11,3209536170,293
122,2217,A,C13226 (Battle),2026-07-03T00:00:00.000Z,2026-08-24T00:00:00.000Z,14502588179,14500436151,1.00767E+12,4122845965,300
123,3374,A,,,,14501952844,14501952844,1.4724E+11,2498048248,300
124,1992,A,,,,14467458713,14467458713,1.0909E+11,2727119913,291
125,3698,A,C13236 (Battle),2026-07-03T00:00:00.000Z,2026-08-24T00:00:00.000Z,14448565353,14448565353,1.92621E+11,2149611552,300
126,2690,A,,,,14396550589,14394484061,5.04432E+11,2734697714,300
127,3834,A,,,,14381219614,14380910484,1.89973E+11,1548097909,300
128,1075,A,C13220 (Battle),2026-07-03T00:00:00.000Z,2026-08-24T00:00:00.000Z,14352097031,14350513941,94991897029,2088132590,261
129,2551,A,,,,14254400047,14252472014,93827190871,2091564127,282
130,1837,A,,,,14229070690,14223195841,1.79878E+11,2557110116,254
131,1501,A,,,,14225850608,14140552070,8.7418E+11,3926213997,272
132,1682,A,,,,14195680365,14186081252,5.73556E+11,3918249389,300
133,2218,A,C13226 (Battle),2026-07-03T00:00:00.000Z,2026-08-24T00:00:00.000Z,14167945690,14141456347,1.43048E+12,5130050307,300
134,1185,A,,,,14145031605,14145031605,3.43557E+11,3028895965,300
135,2783,A,,,,14127809572,14127809572,79162792112,1842406061,300
136,3731,A,,,,14107267310,14106072165,1.1115E+11,1215914085,300
137,1020,A,C13227 (Battle),2026-07-03T00:00:00.000Z,2026-08-24T00:00:00.000Z,14083166059,14083166059,5.51337E+11,3543835479,300
138,3741,A,C13231 (Battle),2026-07-03T00:00:00.000Z,2026-08-24T00:00:00.000Z,14050183947,14049089598,3.45176E+11,2161280386,300
139,3848,A,,,,14023296714,14023296714,72554620951,1154940506,300
140,2103,A,,,,14013108177,13938113951,7.36303E+11,3189235403,283
141,2919,A,,,,14012735912,14008635113,2.73522E+11,3070262102,300
142,3462,A,,,,14012233939,14003687954,4.57728E+11,2695340489,300
143,2183,A,,,,14006523663,12923234945,4.07596E+11,2993417546,232
144,3695,A,,,,13996759866,13952403021,1.08286E+12,3849260711,300
145,2398,A,,,,13995387698,13995387698,1.88786E+11,2500005970,257
146,2715,A,,,,13950234293,13895605084,8.72011E+11,3863280255,199
147,2538,A,,,,13947893956,13869418020,6.82181E+11,3674287764,283
148,1258,A,,,,13875775775,13371109087,1.29775E+11,2624913657,258
149,1611,A,,,,13869562065,13869562065,1.82834E+11,2021071070,276
150,1287,A,,,,13851752085,13841778978,1.16984E+11,1948448193,238
151,1047,A,,,,13836049433,13080277715,1.25636E+11,2178362777,237
152,3025,A,,,,13825100310,13823471500,5.46748E+11,3064925002,281
153,3772,A,,,,13822069571,13821812978,2.63695E+11,1470263399,300
154,3307,A,,,,13815719727,13815719727,2.25935E+11,2603279631,290
155,1968,A,,,,13809397857,13809397857,2.57517E+11,2793854978,300
156,2189,A,C13210 (Battle),2026-07-03T00:00:00.000Z,2026-08-24T00:00:00.000Z,13809216522,13806871335,3.69588E+11,2699174557,285
157,3248,A,,,,13801149675,13791566934,3.79991E+11,2966942584,300
158,2385,A,,,,13786499700,13391208402,1.22707E+11,2372255965,272
159,2112,A,,,,13770504739,13765504161,4.17046E+11,3189591689,300
160,3652,A,C13237 (Battle),2026-07-03T00:00:00.000Z,2026-08-24T00:00:00.000Z,13733005433,13681966672,2.01191E+11,1914496111,289
161,3836,A,,,,13732005774,13726379573,1.26264E+11,1040231147,300
162,2400,A,,,,13720021930,13523188192,2.59325E+11,2591591283,273
163,2260,A,C13211 (Battle),2026-07-03T00:00:00.000Z,2026-08-24T00:00:00.000Z,13716337311,13696660476,2.09758E+11,2455495047,264
164,2890,A,C13210 (Battle),2026-07-03T00:00:00.000Z,2026-08-24T00:00:00.000Z,13714835150,13702357288,6.31673E+11,3338549873,300
165,2397,A,,,,13700514320,13700514320,6.08923E+11,3000667670,300
166,1671,A,,,,13697789613,13688768283,3.47183E+11,3251815049,300
167,2050,A,,,,13669785919,13669785919,1.80018E+11,2479814379,284
168,3604,A,C13226 (Battle),2026-07-03T00:00:00.000Z,2026-08-24T00:00:00.000Z,13668828106,13668828106,4.24652E+11,2834566025,300
169,3322,A,,,,13653137382,13648416802,1.34189E+11,3121098751,292
170,3491,A,,,,13646721929,13646721929,1.52241E+11,1997588365,300
171,3540,A,,,,13625979940,13625979940,1.53631E+11,2295657871,300
172,3021,A,C13212 (Battle),2026-07-03T00:00:00.000Z,2026-08-24T00:00:00.000Z,13624241094,13624241094,2.61993E+11,2434482116,300
173,1507,A,,,,13619775510,13613545724,2.87625E+11,2554408512,300
174,1525,A,,,,13596736682,13569161929,7.89295E+11,3821342324,300
175,1368,A,C13226 (Battle),2026-07-03T00:00:00.000Z,2026-08-24T00:00:00.000Z,13562273361,13533975006,7.99504E+11,4304899121,300
176,2080,A,C13232 (Battle),2026-07-03T00:00:00.000Z,2026-08-24T00:00:00.000Z,13519526009,13499409834,2.33105E+11,2371082793,300
177,2871,A,,,,13509907356,12394278844,91411548900,2073166106,253
178,1277,A,,,,13472476161,13472476161,1.85762E+11,2597059747,300
179,2212,A,C13229 (Battle),2026-07-03T00:00:00.000Z,2026-08-24T00:00:00.000Z,13457669720,13457669720,3.75222E+11,2945503798,279
180,3074,A,,,,13439292213,13375972305,7.23706E+11,3723492813,300
181,3676,A,,,,13402450709,13323588419,4.68547E+11,2229571361,295
182,3033,A,,,,13379113571,12835443400,7.62607E+11,3339872460,262
183,3376,A,C13226 (Battle),2026-07-03T00:00:00.000Z,2026-08-24T00:00:00.000Z,13353728041,13353728041,6.04633E+11,3186930526,300
184,1370,A,,,,13348299818,13348299818,1.38791E+11,2224197276,242
185,1612,A,,,,13329592915,13317860085,3.84428E+11,2963750381,300
186,3813,A,C13236 (Battle),2026-07-03T00:00:00.000Z,2026-08-24T00:00:00.000Z,13298878242,13298878242,1.15704E+11,1226381578,300
187,1307,A,,,,13291463251,13236915106,3.95856E+11,3375885978,300
188,3637,A,,,,13288999505,13288999505,94266565773,1503871111,300
189,3501,A,,,,13285668460,13285668460,1.479E+11,2228261916,300
190,2345,A,,,,13252552208,13252552208,1.98052E+11,2644054854,253
191,3816,A,C13213 (Battle),2026-07-03T00:00:00.000Z,2026-08-24T00:00:00.000Z,13250693376,13250693376,71014451281,1174877784,300
192,1148,A,C13217 (Battle),2026-07-03T00:00:00.000Z,2026-08-24T00:00:00.000Z,13247461129,13247461129,1.74066E+11,2507338161,258
193,3406,A,C13226 (Battle),2026-07-03T00:00:00.000Z,2026-08-24T00:00:00.000Z,13226573367,13226573367,5.19079E+11,3249430394,300
194,3217,A,,,,13207905067,13206652758,4.32435E+11,2778102898,287
195,3860,A,,,,13200114283,13197092386,1.60678E+11,1318439295,299
196,1071,A,,,,13199616282,11535684903,1.53678E+11,2047473342,207
197,3099,A,C13209 (Battle),2026-07-03T00:00:00.000Z,2026-08-24T00:00:00.000Z,13184183438,13184183438,5.86899E+11,2675582512,281
198,1821,A,C13212 (Battle),2026-07-03T00:00:00.000Z,2026-08-24T00:00:00.000Z,13177268286,13177268286,4.15862E+11,2444904724,241
199,1994,A,C13229 (Battle),2026-07-03T00:00:00.000Z,2026-08-24T00:00:00.000Z,13095763026,13092743388,1.33157E+11,2614475107,300
200,3818,A,C13209 (Battle),2026-07-03T00:00:00.000Z,2026-08-24T00:00:00.000Z,13094333538,13094333538,2.9179E+11,1721795478,300
201,1989,A,,,,13070610493,13069431773,3.66884E+11,3150310960,273
202,2600,A,,,,13039059872,13039059872,2.03941E+11,2437702915,278
203,2583,A,C13214 (Battle),2026-07-03T00:00:00.000Z,2026-08-24T00:00:00.000Z,13024167576,13016846920,7.01386E+11,3366160806,266
204,3013,A,,,,13016324107,13015113434,3.9191E+11,2665272086,300
205,2010,A,,,,12994885988,12957767220,5.96969E+11,3416560643,300
206,1559,A,,,,12968305660,12968305660,1.47152E+11,2691548334,217
207,3542,A,C13226 (Battle),2026-07-03T00:00:00.000Z,2026-08-24T00:00:00.000Z,12955343235,12955343235,6.89386E+11,3233932349,300
208,2026,A,C13211 (Battle),2026-07-03T00:00:00.000Z,2026-08-24T00:00:00.000Z,12949493670,12920002956,4.11412E+11,2317897309,300
209,1756,A,,,,12940308281,12940308281,1.927E+11,2867268037,254
210,2657,A,,,,12937994982,12934257524,3.06614E+11,2481037042,300
211,3094,A,C13227 (Battle),2026-07-03T00:00:00.000Z,2026-08-24T00:00:00.000Z,12864373117,12785941667,1.88105E+11,2823902363,261
212,3757,A,C13226 (Battle),2026-07-03T00:00:00.000Z,2026-08-24T00:00:00.000Z,12848052303,12848052303,1.90382E+11,1533140475,293
213,2774,A,,,,12840063322,12774745762,6.08383E+11,3189714329,287
214,1163,A,,,,12828655065,12784360836,8.29079E+11,3266634560,300
215,2647,A,,,,12815799402,11402778140,6.53083E+11,3039651604,230
216,2988,A,,,,12791554410,12791554410,3.81838E+11,2712426859,299
217,2059,A,,,,12785342838,12782241852,2.02051E+11,2806116172,300
218,3846,A,,,,12782675996,12782675996,63873431715,836480116,300
219,1227,A,,,,12778479079,12774635363,1.07516E+11,2155007242,242
220,2707,A,,,,12754581021,12754581021,1.59206E+11,2392031835,300
221,3125,A,,,,12750671816,12750671816,2.72215E+11,2193487595,300
222,3372,A,,,,12730781162,12696319224,5.51376E+11,2654273776,264
223,2461,A,C13209 (Battle),2026-07-03T00:00:00.000Z,2026-08-24T00:00:00.000Z,12725467714,12725467714,5.02493E+11,2960018233,252
224,1385,A,C13234 (Battle),2026-07-03T00:00:00.000Z,2026-08-24T00:00:00.000Z,12665287516,11497811370,3.88857E+11,3000612458,226
225,1414,A,,,,12655877688,12655877688,3.67246E+11,2942158549,292
226,2378,A,,,,12643473175,12643473175,3.3285E+11,2608216883,300
227,2149,A,,,,12640062397,12640062397,5.21103E+11,3592594500,294
228,1397,A,C13211 (Battle),2026-07-03T00:00:00.000Z,2026-08-24T00:00:00.000Z,12635360826,12635360826,2.54251E+11,2852170138,249
229,1387,A,,,,12630415866,12614806347,94412698319,1883073238,205
230,2755,A,,,,12624504474,11387584498,3.49141E+11,2477735921,238
231,2261,A,,,,12619280433,12618811391,4.38864E+11,2246800088,285
232,1265,A,C13211 (Battle),2026-07-03T00:00:00.000Z,2026-08-24T00:00:00.000Z,12600305706,12596618595,2.55944E+11,2254333106,300
233,1538,A,C13210 (Battle),2026-07-03T00:00:00.000Z,2026-08-24T00:00:00.000Z,12588622891,12588622891,2.84498E+11,2898804063,222
234,1123,A,,,,12586925363,12586022817,2.33021E+11,2544714943,238
235,3632,A,,,,12580996845,12580996845,1.62238E+11,1971941526,300
236,3022,A,,,,12568447692,12567998567,5.65144E+11,2853287903,300
237,3331,A,C13210 (Battle),2026-07-03T00:00:00.000Z,2026-08-24T00:00:00.000Z,12555522016,12544736050,5.55948E+11,2911362811,267
238,1184,A,,,,12553398549,12552918505,6.60726E+11,3414144364,300
239,3852,A,,,,12538933410,12502329338,2.42861E+11,1367454738,300
240,2042,A,C13229 (Battle),2026-07-03T00:00:00.000Z,2026-08-24T00:00:00.000Z,12524266181,12524266181,1.01132E+11,2044032642,243
241,1672,A,,,,12514324126,11861474196,1.4813E+11,2221332787,209
242,3042,A,,,,12502405806,12502405806,1.80908E+11,2217581903,247
243,3342,A,,,,12492611105,12377483231,4.31574E+11,2313419388,269
244,1134,A,,,,12492195171,12453406133,1.98517E+11,1688521959,204
245,1799,A,C13214 (Battle),2026-07-03T00:00:00.000Z,2026-08-24T00:00:00.000Z,12446839410,12445624947,2.91559E+11,2358439803,300
246,2776,A,,,,12444732520,12441810738,3.84076E+11,2653107701,300
247,1684,A,,,,12422176214,11169840672,1.53562E+11,2052567032,225
248,3230,A,C13238 (Battle),2026-07-03T00:00:00.000Z,2026-08-24T00:00:00.000Z,12345868238,12345868238,95707408946,1750372356,257
249,3286,A,,,,12342184824,12342184824,1.49601E+11,2036395472,288
250,3768,A,C13226 (Battle),2026-07-03T00:00:00.000Z,2026-08-24T00:00:00.000Z,12324159904,12292521773,5.38571E+11,2629011125,300
251,2267,A,C13235 (Battle),2026-07-03T00:00:00.000Z,2026-08-24T00:00:00.000Z,12306435383,12148564662,8.34811E+11,3191992812,300
252,1447,A,,,,12286949291,12262353763,3.81332E+11,2829806759,300
253,3748,A,,,,12285274872,12285274872,40364254359,995878564,300
254,2627,A,,,,12281981645,12281190898,3.18819E+11,2559355341,300
255,3913,A,,,,12258342686,12258342686,1.72951E+11,769214341,300
256,3725,A,,,,12220670211,12215856010,1.90916E+11,1335048320,300
257,2326,A,,,,12216187674,12216187674,79634973155,1813235977,222
258,2476,A,C13216 (Battle),2026-07-03T00:00:00.000Z,2026-08-24T00:00:00.000Z,12216070368,12211866577,93285442196,1691547841,229
259,2170,A,,,,12197295195,12197295195,97247221535,2159129435,245
260,1187,A,,,,12134552568,12133563565,1.02445E+11,1921874947,214
261,3453,A,,,,12122473555,12101864053,5.70435E+11,2607332728,244
262,3756,A,,,,12119635616,12119635616,65826550497,1294261471,300
263,3867,A,C13206 (Battle),2026-06-11T00:00:00.000Z,2026-08-08T00:00:00.000Z,12100684418,12100684418,1.05933E+11,797255681,300
264,3641,A,,,,12099153623,11633728266,87392179429,1059835376,270
265,1641,A,,,,12068753915,11343077345,1.88866E+11,2257549674,226
266,3671,A,,,,12068555956,12068234642,2.23918E+11,1958509564,300
267,3355,A,,,,12060591654,12056020874,5.42084E+11,2758920668,300
268,2581,A,,,,12044573988,12041452140,4.49157E+11,2669799249,300
269,2907,A,C13213 (Battle),2026-07-03T00:00:00.000Z,2026-08-24T00:00:00.000Z,12021623173,11798128151,5.75214E+11,2855370867,300
270,3224,A,,,,12012219554,11207453464,1.66896E+11,1984989813,246
271,3865,A,C13206 (Battle),2026-06-11T00:00:00.000Z,2026-08-08T00:00:00.000Z,12012082562,12012082562,1.17094E+11,800930000,288
272,1377,A,C13228 (Battle),2026-07-03T00:00:00.000Z,2026-08-24T00:00:00.000Z,12000414830,10842984615,1.57702E+11,1961449657,196
273,2133,A,C13234 (Battle),2026-07-03T00:00:00.000Z,2026-08-24T00:00:00.000Z,11994709908,10766637145,2.03822E+11,2207486039,169
274,3630,A,,,,11971659256,11809908802,4.21404E+11,2076101360,273
275,1158,A,,,,11966785138,11617379600,4.9313E+11,2809207112,275
276,3502,A,C13211 (Battle),2026-07-03T00:00:00.000Z,2026-08-24T00:00:00.000Z,11955530861,11955530861,2.13655E+11,2070966592,300
277,1828,A,C13215 (Battle),2026-07-03T00:00:00.000Z,2026-08-24T00:00:00.000Z,11948122817,11948122817,1.0757E+11,2179881643,253
278,3271,A,C13231 (Battle),2026-07-03T00:00:00.000Z,2026-08-24T00:00:00.000Z,11924827129,11924827129,3.7429E+11,2691117257,300
279,1744,A,C13218 (Battle),2026-07-03T00:00:00.000Z,2026-08-24T00:00:00.000Z,11921247487,11921247487,1.2305E+11,1962129868,263
280,1964,A,,,,11911071151,11911071151,98141328168,1579729284,194
281,3862,A,,,,11906332264,11906332264,1.60169E+11,1147082792,300
282,2012,A,C13210 (Battle),2026-07-03T00:00:00.000Z,2026-08-24T00:00:00.000Z,11862311896,11861076065,3.80436E+11,2342134886,300
283,2643,A,,,,11847284639,11295270148,4.30719E+11,2626967988,222
284,3273,A,,,,11842978290,11842978290,1.46493E+11,1887878744,300
285,1289,A,C13228 (Battle),2026-07-03T00:00:00.000Z,2026-08-24T00:00:00.000Z,11827305536,10740925442,1.17273E+11,2203916468,208
286,1955,A,,,,11816119466,11816119466,3.60491E+11,2648363154,300
287,1839,A,,,,11812164873,11812164873,1.41294E+11,2324198532,230
288,3313,A,,,,11798369898,11529634834,1.92062E+11,2027340632,277
289,3835,A,,,,11787261612,11559016814,3.90018E+11,1643400282,276
290,1480,A,,,,11783754175,11776403103,2.49579E+11,2639013494,253
291,1222,A,C13221 (Battle),2026-07-03T00:00:00.000Z,2026-08-24T00:00:00.000Z,11772559807,11769885964,1.21302E+11,2186871927,229
292,2811,A,C13248 (Battle),2026-07-03T00:00:00.000Z,2026-08-24T00:00:00.000Z,11765140553,11765140553,69453310177,1879667569,261
293,3777,A,,,,11759244955,11727757188,3.73141E+11,2011647736,289
294,1046,A,,,,11758507797,9995543356,1.88451E+11,1803434675,225
295,1103,A,C13211 (Battle),2026-07-03T00:00:00.000Z,2026-08-24T00:00:00.000Z,11749087652,11741220641,3.40688E+11,2473205703,211
296,2350,A,C13228 (Battle),2026-07-03T00:00:00.000Z,2026-08-24T00:00:00.000Z,11745871089,11314334014,1.3961E+11,2082322974,203
297,1080,A,,,,11741301607,11741301607,2.2787E+11,2133888769,227
298,3275,A,,,,11739382254,11739382254,2.61E+11,2091112952,300
299,2501,A,C13210 (Battle),2026-07-03T00:00:00.000Z,2026-08-24T00:00:00.000Z,11738704995,11738704995,4.24833E+11,2779849131,240
300,3925,A,,,,11734844338,11734844338,45675073059,536397183,300
301,1190,A,,,,11727540264,11330757737,1.11396E+11,1904615881,194
302,3059,A,,,,11693979554,11655962152,7.59262E+11,3108881218,217
303,1633,A,,,,11690904706,10558969653,2.03683E+11,1956837420,226
304,3788,A,,,,11681519469,11681519469,1.70316E+11,1538302209,300
305,1623,A,,,,11678573766,11678573766,1.47479E+11,2375990360,215
306,3135,A,C13227 (Battle),2026-07-03T00:00:00.000Z,2026-08-24T00:00:00.000Z,11675823224,11642613703,5.63337E+11,2907819051,283
307,3753,A,,,,11670180041,11411176644,47629451999,978675403,278
308,3783,A,,,,11654731984,9399424523,1.14541E+11,960005254,267
309,3879,A,C13206 (Battle),2026-06-11T00:00:00.000Z,2026-08-08T00:00:00.000Z,11647577969,11647577969,2.03446E+11,1317868812,275
310,3584,A,C13211 (Battle),2026-07-03T00:00:00.000Z,2026-08-24T00:00:00.000Z,11634185534,11634185534,3.28696E+11,2195569856,211
311,2280,A,,,,11632316591,11632316591,1.48267E+11,2210246578,264
312,2416,A,C13234 (Battle),2026-07-03T00:00:00.000Z,2026-08-24T00:00:00.000Z,11630796848,10073665332,3.21918E+11,2369231496,195
313,3758,A,C13210 (Battle),2026-07-03T00:00:00.000Z,2026-08-24T00:00:00.000Z,11626989045,11613072444,2.96577E+11,1685046559,296
314,2975,A,C13226 (Battle),2026-07-03T00:00:00.000Z,2026-08-24T00:00:00.000Z,11623257173,11622873718,4.96367E+11,2797830789,300
315,1885,A,,,,11622347024,11579407853,6.72794E+11,3147021091,228
316,3807,A,C13211 (Battle),2026-07-03T00:00:00.000Z,2026-08-24T00:00:00.000Z,11621459406,11621459406,1.27017E+11,1174872273,293
317,1602,A,,,,11621028830,10128093134,1.40036E+11,1757839670,203
318,2593,A,C13228 (Battle),2026-07-03T00:00:00.000Z,2026-08-24T00:00:00.000Z,11615045252,10088057321,3.08985E+11,2160582903,203
319,3840,A,,,,11612099923,11612099923,84751534580,903427535,300
320,1709,A,,,,11608704918,11512080407,5.52371E+11,2708545911,300
321,3386,A,,,,11607620562,11607620562,84585008572,1468386493,290
322,3294,A,C13238 (Battle),2026-07-03T00:00:00.000Z,2026-08-24T00:00:00.000Z,11604766479,11604055511,3.11633E+11,2279183254,254
323,1235,A,,,,11583743421,11583332985,1.6918E+11,1993688709,229
324,2539,A,,,,11576188334,11576188334,3.05574E+11,2236853948,293
325,3343,A,,,,11574055839,8902623009,6.29194E+11,2432094232,145
326,3889,A,C13207 (Battle),2026-06-11T00:00:00.000Z,2026-08-08T00:00:00.000Z,11565973567,11565973567,74172117187,590809147,300
327,3388,A,C13211 (Battle),2026-07-03T00:00:00.000Z,2026-08-24T00:00:00.000Z,11558136342,11548705356,2.75011E+11,1589058899,300
328,2143,A,,,,11554436869,11554436869,1.63728E+11,2334625247,208
329,2459,A,,,,11553010182,11544237533,5.052E+11,2572962081,236
330,3199,A,C13226 (Battle),2026-07-03T00:00:00.000Z,2026-08-24T00:00:00.000Z,11536932978,11533511235,5.04657E+11,2897470193,264
331,3849,A,,,,11532859736,11532859736,1.81212E+11,1237246306,300
332,3886,A,C13206 (Battle),2026-06-11T00:00:00.000Z,2026-08-08T00:00:00.000Z,11523887904,11523887904,1.48176E+11,783399040,293
333,3884,A,C13206 (Battle),2026-06-11T00:00:00.000Z,2026-08-08T00:00:00.000Z,11519429501,11519429501,1.61177E+11,851835207,289
334,1196,A,C13242 (Battle),2026-07-03T00:00:00.000Z,2026-08-24T00:00:00.000Z,11511579161,11511579161,1.12037E+11,2144486307,226
335,1929,A,,,,11503247103,11118674061,1.72805E+11,2444378209,234
336,1152,A,,,,11492200652,11492200652,1.22935E+11,2376249807,249
337,1241,A,C13219 (Battle),2026-07-03T00:00:00.000Z,2026-08-24T00:00:00.000Z,11485583105,11485583105,89107556722,1880031709,238
338,2481,A,,,,11478942001,11478942001,4.89219E+11,2732967290,300
339,1443,A,,,,11465024113,11462538417,2.09976E+11,2366565411,238
340,2288,A,C13231 (Battle),2026-07-03T00:00:00.000Z,2026-08-24T00:00:00.000Z,11459582282,10305299302,2.63387E+11,2280175524,214
341,1330,A,C13233 (Battle),2026-07-03T00:00:00.000Z,2026-08-24T00:00:00.000Z,11455093829,11454834689,1.81682E+11,2573626325,208
342,3312,A,C13238 (Battle),2026-07-03T00:00:00.000Z,2026-08-24T00:00:00.000Z,11447674128,11447674128,2.33955E+11,1616120788,274
343,1908,A,,,,11446816646,11446423808,1.09185E+11,1857997297,212
344,1301,A,C13234 (Battle),2026-07-03T00:00:00.000Z,2026-08-24T00:00:00.000Z,11439316873,10654252877,2.05935E+11,2085206568,203
345,3159,A,,,,11438766741,11438699583,4.38354E+11,2203137286,280
346,2797,A,,,,11429981788,11429981788,1.48366E+11,1943816522,300
347,2518,A,,,,11423152573,11423152573,1.22972E+11,2229175279,230
348,2370,A,C13235 (Battle),2026-07-03T00:00:00.000Z,2026-08-24T00:00:00.000Z,11421318004,11391519229,3.81274E+11,3046224836,268
349,1357,A,,,,11401972909,11379146306,1.92441E+11,1830912881,252
350,2346,A,,,,11395795870,11386008874,3.58695E+11,2372828112,259
351,1487,A,,,,11394151408,11387654111,4.70826E+11,2837474001,300
352,3002,A,C13233 (Battle),2026-07-03T00:00:00.000Z,2026-08-24T00:00:00.000Z,11386312791,11386312791,3.35263E+11,2359346049,250
353,2939,A,,,,11383243299,11383243299,4.60427E+11,2462964182,300
354,2158,A,C13228 (Battle),2026-07-03T00:00:00.000Z,2026-08-24T00:00:00.000Z,11372527684,11288291865,5.51571E+11,2913662335,291
355,3018,A,,,,11350086392,11350086392,2.54462E+11,1985673994,300
356,1758,A,,,,11347873277,10567059795,1.72584E+11,2216123788,211
357,1164,A,,,,11344114616,11337863076,1.5319E+11,1882729478,271
358,1380,A,C13244 (Battle),2026-07-03T00:00:00.000Z,2026-08-24T00:00:00.000Z,11343812167,11332703241,1.20506E+11,1511904814,207
359,2033,A,,,,11329653942,11329653942,1.11723E+11,2084481077,216
360,1587,A,,,,11320535490,11310566574,2.25249E+11,2213961359,226
361,3820,A,C13209 (Battle),2026-07-03T00:00:00.000Z,2026-08-24T00:00:00.000Z,11319089359,11319089359,1.77361E+11,1168786727,289
362,2391,A,C13239 (Battle),2026-07-03T00:00:00.000Z,2026-08-24T00:00:00.000Z,11313026310,11313026310,1.16533E+11,1864425932,227
363,3065,A,,,,11310760604,11309879761,2.95097E+11,1940581486,300
364,3233,A,C13231 (Battle),2026-07-03T00:00:00.000Z,2026-08-24T00:00:00.000Z,11310092832,11310092832,3.02196E+11,2299740546,300
365,3613,A,,,,11306607119,11299680043,2.92411E+11,1586091381,219
366,2263,A,,,,11286902148,9043081334,1.86305E+11,1686672698,135
367,3265,A,,,,11284616115,11284616115,80097525921,1661998429,283
368,2940,A,,,,11275752428,11273729087,3.1957E+11,2333845883,226
369,3610,A,,,,11275033731,11275033731,1.63809E+11,1941237027,264
370,1374,A,,,,11263232217,11229294083,2.45906E+11,2194460206,198
371,2262,A,,,,11251875227,11251875227,1.18641E+11,2019086705,231
372,1392,A,C13211 (Battle),2026-07-03T00:00:00.000Z,2026-08-24T00:00:00.000Z,11236311987,11214608247,3.97071E+11,2522406831,249
373,3719,A,,,,11234023679,11234023679,2.04823E+11,1415608126,272
374,2369,A,,,,11210753058,11210753058,3.03386E+11,2316440623,279
375,3136,A,,,,11185092404,11183267288,2.15486E+11,2130187523,294
376,1972,A,,,,11180379143,11180379143,91352362549,1748309603,248
377,2256,A,,,,11143811064,11122506273,2.24939E+11,2125807717,216
378,2874,A,,,,11140048923,11140048923,2.4086E+11,1929146433,299
379,3228,A,,,,11139449454,11139449454,1.1193E+11,1856092830,231
380,1064,A,,,,11139157315,10216527237,1.72096E+11,1881015008,192
381,3845,A,,,,11125313039,11125313039,51694962808,746943607,300
382,1937,A,,,,11120975665,10091124382,1.98819E+11,1975787263,200
383,3561,A,,,,11107889892,11105450175,2.24714E+11,1839389668,245
384,3348,A,,,,11092774217,11092774217,60484069744,1246652978,232
385,3052,A,C13212 (Battle),2026-07-03T00:00:00.000Z,2026-08-24T00:00:00.000Z,11078508525,11078508525,2.20612E+11,2211331036,248
386,3727,A,,,,11067158902,11065030490,3.36856E+11,1770326735,300
387,3043,A,,,,11066679660,11066679660,1.56057E+11,1709684416,223
388,1679,A,C13218 (Battle),2026-07-03T00:00:00.000Z,2026-08-24T00:00:00.000Z,11064324216,11057672342,80871851766,1538575242,182
389,2910,A,C13210 (Battle),2026-07-03T00:00:00.000Z,2026-08-24T00:00:00.000Z,11062677005,11040314893,3.90511E+11,2259436112,300
390,1959,A,,,,11050979003,11050979003,1.6001E+11,1899122347,229
391,2304,A,,,,11044740810,10997335772,6.72256E+11,2705558128,282
392,2134,A,,,,11042299901,11042299901,2.29015E+11,1999784086,247
393,2636,A,C13214 (Battle),2026-07-03T00:00:00.000Z,2026-08-24T00:00:00.000Z,11042066402,11042066402,1.26929E+11,1959524870,205
394,3202,A,C13209 (Battle),2026-07-03T00:00:00.000Z,2026-08-24T00:00:00.000Z,11031914570,11031781114,5.44318E+11,2507824357,256
395,1336,A,C13214 (Battle),2026-07-03T00:00:00.000Z,2026-08-24T00:00:00.000Z,11017496668,11017157037,2.1175E+11,2330891705,184
396,2743,A,,,,11011268839,9946203059,4.62058E+11,2237329053,226
397,3326,A,,,,11003251544,11001476053,3.37455E+11,1916009785,256
398,1026,A,,,,10997458138,9954792251,1.34219E+11,1848028851,208
399,3225,A,,,,10978587811,10976120482,3.76973E+11,2372732875,300
400,1666,A,,,,10970296904,10928601238,1.36732E+11,2079024911,208
401,1553,A,C13239 (Battle),2026-07-03T00:00:00.000Z,2026-08-24T00:00:00.000Z,10969995653,10957299068,1.3799E+11,1782703177,212
402,3107,A,,,,10966640387,10540101165,3.08233E+11,2016684482,266
403,1976,A,,,,10964402263,10953142954,3.82427E+11,2479096730,260
404,3790,A,,,,10961849011,10961849011,92571766159,1023558726,285
405,2011,A,,,,10930273526,10919250455,3.97035E+11,2721800163,203
406,1150,A,,,,10925978546,10906535925,1.76952E+11,2113132558,239
407,3530,A,C13217 (Battle),2026-07-03T00:00:00.000Z,2026-08-24T00:00:00.000Z,10925240073,10925240073,1.03447E+11,1908900919,233
408,1546,A,,,,10914656042,10905182844,2.49627E+11,2130689505,213
409,1067,A,,,,10911565003,10828406649,1.06404E+11,1546642378,157
410,1895,A,,,,10908819915,10908819915,1.35611E+11,2490260385,204
411,2066,A,,,,10896433969,10885061702,1.01815E+11,1741460577,172
412,3155,A,,,,10895355884,10736116437,7.85966E+11,2917861334,196
413,2057,A,,,,10880164980,10880164980,1.42919E+11,2156488688,194
414,3803,A,C13236 (Battle),2026-07-03T00:00:00.000Z,2026-08-24T00:00:00.000Z,10876540144,10876540144,1.15612E+11,1005327208,271
415,2222,A,,,,10866592645,10866592645,1.43498E+11,1783229481,206
416,3724,A,,,,10855475441,10840530232,2.42814E+11,1727105824,240
417,1418,A,,,,10854176246,10854176246,2.73874E+11,2159525362,215
418,1453,A,,,,10840282630,10838619031,1.67648E+11,2049112984,238
419,1141,A,,,,10840141405,10838254623,52490610370,1321621137,190
420,2442,A,,,,10829678678,10829678678,1.80739E+11,2097158313,210
421,2291,A,,,,10820744893,10820744893,1.87218E+11,1983581779,257
422,2376,A,,,,10815017570,10815017570,2.56884E+11,1829702116,300
423,3674,A,,,,10813005950,10813005950,1.27081E+11,1364685748,261
424,2769,A,,,,10806102895,10797368327,2.99188E+11,1971415698,300
425,3518,A,,,,10802316512,10736824677,1.6881E+11,1315305079,177
426,2930,A,,,,10799902326,10799902326,3.15197E+11,1696526839,300
427,3482,A,,,,10799166081,10795393215,1.6893E+11,1800144070,231
428,3419,A,C13213 (Battle),2026-07-03T00:00:00.000Z,2026-08-24T00:00:00.000Z,10787182684,10787182684,1.70532E+11,1890264237,211
429,2247,A,,,,10780391738,10780391738,2.43822E+11,2268528083,232
430,1203,A,,,,10778341754,10778341754,1.54759E+11,2049721348,215
431,2024,A,,,,10772860947,10764563223,1.31787E+11,2252958799,197
432,3279,A,,,,10770782807,10766726826,2.76865E+11,2154868541,243
433,1259,A,C13244 (Battle),2026-07-03T00:00:00.000Z,2026-08-24T00:00:00.000Z,10767530490,10767530490,72151549747,1813912330,208
434,1820,A,,,,10766436053,10766436053,1.34123E+11,1996637499,178
435,1297,A,C13222 (Battle),2026-07-03T00:00:00.000Z,2026-08-24T00:00:00.000Z,10764554857,10757004457,65791780010,1332641009,210
436,1095,A,,,,10757588139,10757588139,1.70403E+11,2323180981,202
437,1792,A,,,,10747094485,10747094485,1.37141E+11,2200081417,218
438,2121,A,,,,10742261488,10739905533,3.29816E+11,2022384485,300
439,2655,A,,,,10733718557,10727225377,2.1878E+11,2034087123,263
440,3717,A,,,,10718152815,7818917073,87177565133,1010831783,205
441,2078,A,C13212 (Battle),2026-07-03T00:00:00.000Z,2026-08-24T00:00:00.000Z,10716913646,10716006219,2.26615E+11,2150627052,258
442,3160,A,,,,10713949294,10713949294,1.89E+11,1939005565,200
443,3899,A,,,,10711263570,10711263570,66685361880,517105665,273
444,2607,A,,,,10694632670,10694632670,1.93103E+11,2037280556,222
445,3861,A,,,,10694103752,10694103752,1.46133E+11,1185680957,272
446,3697,A,,,,10693049114,9114323036,2.67773E+11,1665782828,198
447,3397,A,,,,10675280590,10673296364,4.78901E+11,2612221244,234
448,3111,A,,,,10671655291,10670974340,3.74409E+11,2233445659,300
449,3611,A,C13210 (Battle),2026-07-03T00:00:00.000Z,2026-08-24T00:00:00.000Z,10671226037,10671226037,2.47511E+11,1639913724,253
450,1243,A,,,,10670536450,10670536450,2.79367E+11,2413957283,176
451,3191,A,,,,10667649925,10655610271,3.17682E+11,2209854702,270
452,3800,A,,,,10655231948,10655231948,1.42704E+11,1489254471,300
453,1615,A,,,,10653290753,10644371969,3.66258E+11,2323034310,278
454,3151,A,,,,10647987375,10647987375,1.83449E+11,2030646690,233
455,2470,A,C13228 (Battle),2026-07-03T00:00:00.000Z,2026-08-24T00:00:00.000Z,10639474381,10283783143,2.10729E+11,1854004634,270
456,1166,A,C13217 (Battle),2026-07-03T00:00:00.000Z,2026-08-24T00:00:00.000Z,10637095478,10633445876,2.28737E+11,2320227304,300
457,3618,A,C13237 (Battle),2026-07-03T00:00:00.000Z,2026-08-24T00:00:00.000Z,10635293647,8414131137,1.17578E+11,1156040632,164
458,3703,A,,,,10634236140,10634236140,46546934782,908585957,276
459,2720,A,,,,10629421792,10629421792,74895925886,1387015607,204
460,1226,A,,,,10622942340,10622942340,2.03192E+11,2150542943,215
461,3367,A,,,,10620022289,9452459982,2.13873E+11,1693002858,213
462,2306,A,,,,10581106742,10581106742,2.33459E+11,2058790281,217
463,3844,A,,,,10576523521,10576523521,55435366182,713703516,300
464,3314,A,C13226 (Battle),2026-07-03T00:00:00.000Z,2026-08-24T00:00:00.000Z,10575212489,10566743369,5.78604E+11,2750223239,222
465,2814,A,,,,10572105932,10571353316,3.86301E+11,2477050186,300
466,3283,A,C13234 (Battle),2026-07-03T00:00:00.000Z,2026-08-24T00:00:00.000Z,10559952022,8199299471,2.00704E+11,1298321890,146
467,3434,A,,,,10558085800,9233823903,1.04588E+11,1314447558,201
468,2132,A,,,,10552526817,10550858743,2.76106E+11,2206685407,226
469,2298,A,,,,10545436639,10545436639,3.64445E+11,2248239076,285
470,1730,A,,,,10544239657,10544239657,2.12367E+11,1972338820,280
471,3633,A,,,,10542605332,10542605332,3.44983E+11,1972380071,257
472,3751,A,,,,10541596236,10064013348,43577465379,761061394,262
473,3878,A,C13207 (Battle),2026-06-11T00:00:00.000Z,2026-08-08T00:00:00.000Z,10538368448,10538368448,45078102254,547324042,300
474,2519,A,C13246 (Battle),2026-07-03T00:00:00.000Z,2026-08-24T00:00:00.000Z,10537307399,10537307399,1.20804E+11,1850952334,215
475,3771,A,,,,10534443538,9685169970,1.34148E+11,1080863183,237
476,3383,A,,,,10532686045,10532686045,1.1213E+11,1665389902,270
477,2833,A,,,,10530981629,10528411243,3.59631E+11,2296230116,223
478,2284,A,C13213 (Battle),2026-07-03T00:00:00.000Z,2026-08-24T00:00:00.000Z,10527047893,10527047893,2.14043E+11,1813787800,290
479,3090,A,,,,10523763554,10523763554,1.05387E+11,1581826303,252
480,3859,A,,,,10521605918,10521605918,1.08507E+11,1002866216,300
481,2379,A,,,,10515179539,10515179539,1.25108E+11,1742501254,195
482,1586,A,,,,10507276164,10507121572,2.85823E+11,2593048642,191
483,3811,A,,,,10502467518,10487802707,1.66421E+11,991671021,227
484,3690,A,C13210 (Battle),2026-07-03T00:00:00.000Z,2026-08-24T00:00:00.000Z,10500772266,10470854330,3.52445E+11,1532906830,250
485,1034,A,,,,10491407395,10485429643,6.16056E+11,3036429260,286
486,1933,A,,,,10488108047,9195091295,2.59545E+11,2647067976,201
487,1943,A,C13212 (Battle),2026-07-03T00:00:00.000Z,2026-08-24T00:00:00.000Z,10476670993,10476670993,2.20141E+11,2071436663,249
488,2841,A,,,,10471286309,10471286309,2.03865E+11,1878422694,236
489,1819,A,,,,10465749337,9242778391,2.67502E+11,1985223072,186
490,1921,A,C13210 (Battle),2026-07-03T00:00:00.000Z,2026-08-24T00:00:00.000Z,10461005204,10453469195,4.91546E+11,2324695036,300
491,3712,A,,,,10454686134,10454686134,1.25898E+11,1260020575,231
492,1208,A,C13219 (Battle),2026-07-03T00:00:00.000Z,2026-08-24T00:00:00.000Z,10452872982,10452872982,1.01727E+11,1759819723,188
493,3030,A,C13211 (Battle),2026-07-03T00:00:00.000Z,2026-08-24T00:00:00.000Z,10448093170,10432582719,4.34291E+11,2094490758,300
494,2126,A,C13216 (Battle),2026-07-03T00:00:00.000Z,2026-08-24T00:00:00.000Z,10447154674,10447154674,82685075188,1937056698,206
495,1256,A,,,,10444502868,10444502868,4.33047E+11,2693996991,262
496,3864,A,,,,10426573462,10426573462,45041124607,832861409,300
497,2338,A,,,,10419254999,10370082573,7.43886E+11,2459485795,215
498,2277,A,C13212 (Battle),2026-07-03T00:00:00.000Z,2026-08-24T00:00:00.000Z,10405531009,10405531009,2.73674E+11,2407374932,213
499,1680,A,,,,10402426368,9063145593,1.9058E+11,1789690066,185
500,1202,A,,,,10390155672,9660653106,79479961473,1600077622,180
501,2446,A,C13215 (Battle),2026-07-03T00:00:00.000Z,2026-08-24T00:00:00.000Z,10374921270,10374921270,1.959E+11,1870595123,202
502,1486,A,,,,10373334889,10367009787,5.05946E+11,2934071641,300
503,3585,A,,,,10372803940,9061911574,1.50536E+11,1330722007,189
504,2396,A,C13239 (Battle),2026-07-03T00:00:00.000Z,2026-08-24T00:00:00.000Z,10365583935,10365583935,1.70189E+11,1768152577,215
505,2961,A,,,,10360698864,10354541670,1.1573E+11,1538271884,212
506,2588,A,,,,10356516671,10356516671,1.53545E+11,1983660721,195
507,3857,A,,,,10346360116,10332557321,1.65355E+11,1354941473,300
508,1027,A,,,,10344072272,10344072272,1.87102E+11,2193648070,217
509,2089,A,,,,10341646608,10341337686,1.96147E+11,1997506215,198
510,1660,A,,,,10340090694,10223418796,7.13818E+11,3565127859,201
511,3570,A,,,,10339781040,10339781040,2.99161E+11,2087137229,232
512,2138,A,,,,10329826792,9009914548,2.25852E+11,1603404488,186
513,3656,A,,,,10325335626,8285665211,1.01297E+11,1106573222,170
514,3696,A,,,,10322574467,10322574467,1.30552E+11,1558543837,241
515,1853,A,,,,10317900988,10317900988,87498443420,1791773082,199
516,1564,A,C13209 (Battle),2026-07-03T00:00:00.000Z,2026-08-24T00:00:00.000Z,10315545588,10276035651,7.62755E+11,3198248796,190
517,2234,A,,,,10300966600,10300966600,63235231981,1768605959,194
518,2827,A,,,,10298338443,9794336873,2.22941E+11,1804509578,229
519,1309,A,C13219 (Battle),2026-07-03T00:00:00.000Z,2026-08-24T00:00:00.000Z,10297630108,10254682043,70343481840,1386830425,147
520,3327,A,,,,10297177014,6658430507,1.34185E+11,880191979,159
521,1760,A,,,,10284316393,10284316393,2.36629E+11,2169510335,223
522,2634,A,,,,10281062058,10281062058,2.32772E+11,1833267314,289
523,2724,A,,,,10280567978,10280567978,3.47944E+11,2208924850,225
524,3146,A,C13247 (Battle),2026-07-03T00:00:00.000Z,2026-08-24T00:00:00.000Z,10277743799,10277743799,1.38983E+11,1828905913,177
525,1747,A,,,,10269284664,10267566066,3.95998E+11,2205701061,283
526,3229,A,,,,10269248761,10269248761,1.85236E+11,1637413883,243
527,1912,A,,,,10267021387,10256152416,1.37455E+11,1823167858,189
528,3242,A,,,,10263266413,10255197800,3.67723E+11,1976331688,292
529,1836,A,C13234 (Battle),2026-07-03T00:00:00.000Z,2026-08-24T00:00:00.000Z,10256018906,8878309960,2.88295E+11,2033703960,207
530,2560,A,,,,10251272035,10246428335,5.30703E+11,2610160522,224
531,1109,A,,,,10250307155,10250307155,3.82644E+11,2370061536,242
532,3190,A,,,,10248665617,9210299126,4.79744E+11,2350344773,232
533,2401,A,,,,10246413118,10246413118,50420502795,1263608191,220
534,1815,A,,,,10244289525,10223746641,4.17469E+11,2431406058,226
535,2711,A,C13229 (Battle),2026-07-03T00:00:00.000Z,2026-08-24T00:00:00.000Z,10242930977,10242930977,1.12005E+11,1822584156,221
536,1012,A,,,,10238652227,10232869583,2.29524E+11,1948659433,265
537,1216,A,,,,10236350499,10236350499,3.82875E+11,2213147763,276
538,3673,A,,,,10226827215,10226827215,1.64636E+11,1677326388,253
539,3513,A,,,,10226550996,9410027547,80087830417,1423821301,238
540,3241,A,,,,10226131558,10204913819,2.85911E+11,2020190369,220
541,2324,A,C13233 (Battle),2026-07-03T00:00:00.000Z,2026-08-24T00:00:00.000Z,10220344039,10220344039,1.8699E+11,1632434937,235
542,3905,A,,,,10219993435,10219993435,17020175360,278322309,300
543,2399,A,C13228 (Battle),2026-07-03T00:00:00.000Z,2026-08-24T00:00:00.000Z,10215590695,9194647922,1.30087E+11,1807285485,185
544,2053,A,,,,10212546174,10212546174,2.77622E+11,2309134867,218
545,2313,A,C13212 (Battle),2026-07-03T00:00:00.000Z,2026-08-24T00:00:00.000Z,10209608153,10206540584,3.61569E+11,2187184697,288
546,1017,A,C13239 (Battle),2026-07-03T00:00:00.000Z,2026-08-24T00:00:00.000Z,10206482364,10206482364,2.53475E+11,2593333049,211
547,2993,A,,,,10197914025,10194454292,1.69291E+11,1540203471,260
548,3847,A,,,,10192350224,10182775205,86477681157,904258146,268
549,1547,A,,,,10190517017,9628434165,1.84297E+11,1955331050,176
550,2139,A,C13234 (Battle),2026-07-03T00:00:00.000Z,2026-08-24T00:00:00.000Z,10174313474,9817229918,4.15814E+11,2332328897,201
551,3007,A,,,,10170513716,10170513716,2.78356E+11,1974377178,218
552,1281,A,,,,10167422517,10163345552,4.83532E+11,2602641802,149
553,2849,A,C13217 (Battle),2026-07-03T00:00:00.000Z,2026-08-24T00:00:00.000Z,10160410047,10160410047,81257080126,1849573533,207
554,3863,A,,,,10151110088,10151110088,84100049996,755887987,295
555,3651,A,C13210 (Battle),2026-07-03T00:00:00.000Z,2026-08-24T00:00:00.000Z,10133416793,10130421963,2.63281E+11,1488708502,220
556,2813,A,,,,10129934721,10129934721,4.70742E+11,2392829246,185
557,2410,A,,,,10117208470,10117208470,1.68732E+11,1928985138,227
558,3145,A,,,,10115049845,9200184271,1.10859E+11,1402394909,212
559,3801,A,C13209 (Battle),2026-07-03T00:00:00.000Z,2026-08-24T00:00:00.000Z,10114785871,10114785871,3.12698E+11,1382151823,236
560,2727,A,,,,10105738834,8552412582,1.90727E+11,1515527177,210
561,2835,A,,,,10105410692,10105410692,2.5023E+11,1712322522,277
562,2621,A,C13212 (Battle),2026-07-03T00:00:00.000Z,2026-08-24T00:00:00.000Z,10099829858,10099829858,3.05175E+11,2246786253,238
563,1891,A,C13227 (Battle),2026-07-03T00:00:00.000Z,2026-08-24T00:00:00.000Z,10090604537,10089605587,2.64795E+11,2688127753,223
564,2424,A,,,,10089474623,10087938501,1.3698E+11,1511638839,209
565,2101,A,C13228 (Battle),2026-07-03T00:00:00.000Z,2026-08-24T00:00:00.000Z,10088455792,9343656294,1.79397E+11,1902345371,186
566,1213,A,C13230 (Battle),2026-07-03T00:00:00.000Z,2026-08-24T00:00:00.000Z,10086289597,10086289597,1.00885E+11,1606573399,215
567,3912,A,,,,10085369279,10085369279,24347414809,437107080,300
568,2048,A,,,,10073471865,8986465060,1.71347E+11,1908874402,207
569,3841,A,,,,10072026993,10072026993,86342764422,803582188,277
570,2844,A,C13212 (Battle),2026-07-03T00:00:00.000Z,2026-08-24T00:00:00.000Z,10064987954,10064987954,1.59541E+11,1735937564,226
571,2308,A,C13234 (Battle),2026-07-03T00:00:00.000Z,2026-08-24T00:00:00.000Z,10061891530,8876307895,1.86839E+11,1790865731,189
572,3507,A,,,,10057848474,8347973120,2.8675E+11,1724014783,188
573,3826,A,C13237 (Battle),2026-07-03T00:00:00.000Z,2026-08-24T00:00:00.000Z,10056316241,9228474734,1.15227E+11,906271863,239
574,1865,A,,,,10056122118,10042899234,1.96408E+11,1939152894,225
575,1399,A,C13213 (Battle),2026-07-03T00:00:00.000Z,2026-08-24T00:00:00.000Z,10055670987,10010858245,2.87698E+11,2457184224,183
576,2838,A,,,,10053006132,10053006132,1.79819E+11,1831720611,285
577,3909,A,,,,10048696587,10048696587,24406861376,380359285,300
578,3927,A,,,,10046196831,10046196831,63115107247,526755574,300
579,1457,A,C13233 (Battle),2026-07-03T00:00:00.000Z,2026-08-24T00:00:00.000Z,10037556512,10037556512,5.51145E+11,2665720657,232
580,3128,A,C13218 (Battle),2026-07-03T00:00:00.000Z,2026-08-24T00:00:00.000Z,10032438407,10032438407,63830111327,1444865937,219
581,3851,A,,,,10032074636,10026016837,2.49671E+11,1002963903,263
582,3124,A,,,,10027794675,10010168574,2.0845E+11,1695845181,222
583,3131,A,,,,10020672967,10000592119,4.42378E+11,2159030262,259
584,3791,A,,,,10019267615,10019267615,1.52429E+11,1205770859,228
585,2612,A,,,,10017457492,9847855075,2.59208E+11,1939843316,282
586,2721,A,C13235 (Battle),2026-07-03T00:00:00.000Z,2026-08-24T00:00:00.000Z,10008008111,10007416626,4.05652E+11,2391949491,240
587,3737,A,C13233 (Battle),2026-07-03T00:00:00.000Z,2026-08-24T00:00:00.000Z,10007140010,10005062201,1.96178E+11,1489410759,244
588,2188,A,C13212 (Battle),2026-07-03T00:00:00.000Z,2026-08-24T00:00:00.000Z,10003793816,10003793816,2.53214E+11,1996989749,225
589,3812,A,C13210 (Battle),2026-07-03T00:00:00.000Z,2026-08-24T00:00:00.000Z,10002802592,9066450942,1.65102E+11,1054398964,224
590,2032,A,,,,10000252657,10000252657,1.29268E+11,1575161093,183
591,3260,A,,,,9999827339,9999827339,3.46138E+11,2191850966,223
592,2745,A,,,,9998622601,9995520975,1.30271E+11,2100482131,226
593,2599,A,,,,9988084398,9988084398,80380367820,1420946636,216
594,3856,A,,,,9986620803,9986620803,82026159282,1131118910,282
595,3850,A,,,,9971458830,9971458830,1.29742E+11,1003395070,270
596,2488,A,,,,9971423486,9971379198,1.15194E+11,1713750455,203
597,3003,A,,,,9965499015,9965499015,2.38167E+11,1671651158,202
598,1930,A,C13219 (Battle),2026-07-03T00:00:00.000Z,2026-08-24T00:00:00.000Z,9947570715,9947570715,1.08373E+11,1854074841,194
599,3831,A,C13218 (Battle),2026-07-03T00:00:00.000Z,2026-08-24T00:00:00.000Z,9940371515,9940371515,69328086786,881689079,300
600,3805,A,C13239 (Battle),2026-07-03T00:00:00.000Z,2026-08-24T00:00:00.000Z,9940243075,9940243075,88398177466,1104217870,226
601,1942,A,,,,9919151230,9907069820,1.98096E+11,1927764890,208
602,2375,A,,,,9917052619,9917052619,92561399041,1832574878,199
603,2865,A,C13233 (Battle),2026-07-03T00:00:00.000Z,2026-08-24T00:00:00.000Z,9905220113,9901960514,3.26807E+11,2114984491,192
604,2516,A,C13235 (Battle),2026-07-03T00:00:00.000Z,2026-08-24T00:00:00.000Z,9902499097,9902499097,2.79021E+11,1985208739,250
605,2921,A,,,,9900199843,8770699772,4.41812E+11,2202139590,188
606,3435,A,,,,9894876903,9894876903,92143798681,1485645067,258
607,1902,A,C13213 (Battle),2026-07-03T00:00:00.000Z,2026-08-24T00:00:00.000Z,9888846682,9880560421,2.50693E+11,2287548504,210
608,3736,A,,,,9882107607,9882107607,1.93882E+11,1399240147,239
609,1233,A,,,,9871524827,9871524827,92576759506,1624508442,158
610,3779,A,,,,9855027960,9855027960,1.31544E+11,1213043780,232
611,3165,A,,,,9844368874,9831708330,1.95362E+11,1887332769,187
612,1842,A,C13222 (Battle),2026-07-03T00:00:00.000Z,2026-08-24T00:00:00.000Z,9838760136,9833967351,1.45861E+11,1904629298,233
613,2330,A,,,,9835511252,9814130710,2.48102E+11,2395366400,174
614,3369,A,,,,9827542946,9827542946,1.8963E+11,1403717897,218
615,3142,A,,,,9827389174,9827389174,88931930060,1550990942,223
616,2412,A,,,,9816986390,8692632496,2.39656E+11,1559694163,224
617,2315,A,,,,9813124247,9808050950,1.40111E+11,1752099894,198
618,1178,A,C13228 (Battle),2026-07-03T00:00:00.000Z,2026-08-24T00:00:00.000Z,9805268428,9253445270,2.19357E+11,1869359820,261
619,2072,A,,,,9803530054,9803530054,1.42985E+11,1963387126,175
620,3356,A,,,,9792327651,9792327651,65811102347,1387785294,220
621,1144,A,C13219 (Battle),2026-07-03T00:00:00.000Z,2026-08-24T00:00:00.000Z,9789849808,9769728554,1.02414E+11,1761196950,179
622,1337,A,,,,9784465214,9777782057,3.53738E+11,2267051330,162
623,3763,A,C13210 (Battle),2026-07-03T00:00:00.000Z,2026-08-24T00:00:00.000Z,9782653507,9781184408,2.83049E+11,1654147829,265
624,2152,A,C13233 (Battle),2026-07-03T00:00:00.000Z,2026-08-24T00:00:00.000Z,9777655264,9776320392,3.62226E+11,2434370301,283
625,1155,A,,,,9773627120,9773627120,79652985037,1373066954,211
626,3874,A,C13206 (Battle),2026-06-11T00:00:00.000Z,2026-08-08T00:00:00.000Z,9770622686,9770622686,78778229966,662682231,250
627,1142,A,,,,9765249497,9765249497,1.75706E+11,2072582709,172
628,2999,A,,,,9761407991,9761407991,1.99359E+11,1757095749,229
629,1741,A,C13215 (Battle),2026-07-03T00:00:00.000Z,2026-08-24T00:00:00.000Z,9760197511,9760197511,1.45564E+11,1779509530,183
630,1645,A,C13231 (Battle),2026-07-03T00:00:00.000Z,2026-08-24T00:00:00.000Z,9755396587,9738264603,1.39357E+11,1762685367,166
631,1118,A,,,,9752389247,9752389247,1.07677E+11,1836874650,171
632,3754,A,,,,9751688747,9751688747,2.25918E+11,1420357756,269
633,2274,A,C13233 (Battle),2026-07-03T00:00:00.000Z,2026-08-24T00:00:00.000Z,9751375327,9751375327,3.30161E+11,2128492421,175
634,2388,A,C13212 (Battle),2026-07-03T00:00:00.000Z,2026-08-24T00:00:00.000Z,9750403689,9747329723,2.3011E+11,1710681749,246
635,2018,A,,,,9747509389,9747509389,1.35818E+11,1885112390,185
636,3749,A,,,,9742076621,9742076621,2.00209E+11,1251627956,252
637,3687,A,C13215 (Battle),2026-07-03T00:00:00.000Z,2026-08-24T00:00:00.000Z,9738269535,9738269535,1.18541E+11,1032753941,285
638,1456,A,,,,9730742781,9690601029,1.25993E+11,1655173292,195
639,1975,A,C13213 (Battle),2026-07-03T00:00:00.000Z,2026-08-24T00:00:00.000Z,9728060349,9728060349,2.38362E+11,2067412385,222
640,1948,A,C13216 (Battle),2026-07-03T00:00:00.000Z,2026-08-24T00:00:00.000Z,9724102984,9724102984,1.57404E+11,1745324404,192
641,3614,A,C13213 (Battle),2026-07-03T00:00:00.000Z,2026-08-24T00:00:00.000Z,9723926107,9723926107,1.92634E+11,1490216960,263
642,3514,A,,,,9723277944,9723277944,68657358414,1265979750,247
643,2723,A,C13214 (Battle),2026-07-03T00:00:00.000Z,2026-08-24T00:00:00.000Z,9719488172,9718793736,1.94151E+11,1681821300,262
644,3623,A,,,,9719246324,9719246324,92287389093,1097976227,203
645,1934,A,,,,9713642995,9713642995,3.62034E+11,2519321037,214
646,3144,A,,,,9700500601,9700500601,1.89928E+11,1875645273,213
647,1949,A,,,,9700097514,9679101700,3.42317E+11,2403325865,215
648,1032,A,,,,9699364020,9699364020,3.49335E+11,2304472212,230
649,1149,A,,,,9694285146,9694285146,1.41303E+11,2095183207,192
650,1632,A,C13229 (Battle),2026-07-03T00:00:00.000Z,2026-08-24T00:00:00.000Z,9692047996,9671289674,78854742987,1287076080,148
651,3183,A,,,,9688484497,9688484497,1.75119E+11,1839162586,220
652,2232,A,,,,9687918924,9687918924,1.24246E+11,1762532681,175
653,3320,A,,,,9685946765,9685946765,2.22371E+11,1728984975,278
654,1236,A,C13235 (Battle),2026-07-03T00:00:00.000Z,2026-08-24T00:00:00.000Z,9680596877,9680508330,4.06935E+11,2393013879,207
655,3838,A,,,,9677078884,9677078884,1.0095E+11,954333522,272
656,2494,A,,,,9674062084,9662143468,80851384670,1488162921,179
657,3822,A,C13209 (Battle),2026-07-03T00:00:00.000Z,2026-08-24T00:00:00.000Z,9671419360,9668798896,1.40475E+11,955431968,243
658,3797,A,,,,9666308461,9666308461,50635512260,875094245,300
659,1591,A,,,,9662123979,9647952481,5.99437E+11,2596045594,176
660,2747,A,,,,9661561570,9659390174,2.47676E+11,1911796994,274
661,3472,A,,,,9655711289,9655711289,1.6336E+11,1575816866,232
662,2625,A,,,,9654782489,9644030250,3.28528E+11,1966392741,255
663,2867,A,C13237 (Battle),2026-07-03T00:00:00.000Z,2026-08-24T00:00:00.000Z,9649722357,8544715059,1.32267E+11,1556282330,174
664,3114,A,,,,9645632642,9644147711,74975310073,1314915574,188
665,3571,A,,,,9642233923,9642233923,3.18104E+11,1785313974,229
666,3432,A,C13228 (Battle),2026-07-03T00:00:00.000Z,2026-08-24T00:00:00.000Z,9638351642,8660683371,1.53361E+11,1281160660,229
667,2879,A,,,,9637605048,9637605048,1.64941E+11,2105174344,212
668,2779,A,,,,9636884800,9636884800,2.95583E+11,2054726461,247
669,1324,A,,,,9629598680,9599986548,3.22699E+11,2201031386,169
670,3005,A,,,,9627668659,9627668659,2.04923E+11,1663974073,280
671,3181,A,C13243 (Battle),2026-07-03T00:00:00.000Z,2026-08-24T00:00:00.000Z,9625934938,9616378533,2.1387E+11,1849210004,192
672,3765,A,,,,9620118214,8612681692,1.24418E+11,1245567828,234
673,3087,A,C13218 (Battle),2026-07-03T00:00:00.000Z,2026-08-24T00:00:00.000Z,9617943369,9617943369,1.32909E+11,1536555174,193
674,2985,A,,,,9617907057,8840218108,1.8675E+11,1440416221,229
675,1710,A,C13228 (Battle),2026-07-03T00:00:00.000Z,2026-08-24T00:00:00.000Z,9617614992,9099830439,1.26097E+11,1779553612,167
676,1691,A,C13240 (Battle),2026-07-03T00:00:00.000Z,2026-08-24T00:00:00.000Z,9615861717,9605568964,1.56914E+11,1373213716,212
677,1552,A,C13214 (Battle),2026-07-03T00:00:00.000Z,2026-08-24T00:00:00.000Z,9614580842,9614580842,2.76165E+11,2061825676,221
678,3036,A,,,,9612570803,9596750010,1.29851E+11,1618701944,187
679,3678,A,,,,9609614392,7932198995,1.60212E+11,1131108816,170
680,2113,A,,,,9606760930,7644224768,2.04853E+11,1580244316,144
681,2228,A,,,,9602383738,9602383738,1.45044E+11,1800636890,253
682,2618,A,,,,9600202408,8546327024,1.16743E+11,1495932590,173
683,3700,A,C13238 (Battle),2026-07-03T00:00:00.000Z,2026-08-24T00:00:00.000Z,9591793212,9591507857,1.40297E+11,1240476783,228
684,1201,A,,,,9587213057,9584099468,1.5498E+11,1751715567,190
685,3076,A,C13212 (Battle),2026-07-03T00:00:00.000Z,2026-08-24T00:00:00.000Z,9574418555,9574418555,1.95802E+11,1974791889,209
686,2100,A,,,,9571322371,9571322371,2.72578E+11,2151885873,228
687,2943,A,C13218 (Battle),2026-07-03T00:00:00.000Z,2026-08-24T00:00:00.000Z,9570438265,9570438265,1.22435E+11,1697136894,194
688,3050,A,,,,9566333830,9566333830,2.0163E+11,1720711243,217
689,2384,A,,,,9559977030,9559977030,81887390527,1481884669,186
690,3525,A,,,,9550710447,9550710447,1.9113E+11,1359686022,214
691,3792,A,,,,9549304099,9549304099,1.14813E+11,980446675,276
692,3854,A,,,,9537491478,9537491478,1.01578E+11,1063105012,290
693,2911,A,C13237 (Battle),2026-07-03T00:00:00.000Z,2026-08-24T00:00:00.000Z,9524953461,8589746397,3.22454E+11,2020301994,202
694,1137,A,,,,9524068731,9524068731,1.08055E+11,2053739689,187
695,3612,A,C13237 (Battle),2026-07-03T00:00:00.000Z,2026-08-24T00:00:00.000Z,9516200277,7757318079,2.49462E+11,1972640526,185
696,2885,A,,,,9512064039,9512064039,2.69533E+11,2080541799,209
697,2039,A,C13217 (Battle),2026-07-03T00:00:00.000Z,2026-08-24T00:00:00.000Z,9506565902,9506565902,1.0361E+11,1633577325,204
698,3839,A,,,,9501699117,9501699117,1.12388E+11,919485857,247
699,3156,A,,,,9500465148,9018206595,2.22757E+11,1606617837,259
700,2444,A,C13215 (Battle),2026-07-03T00:00:00.000Z,2026-08-24T00:00:00.000Z,9497542035,9492501214,1.38308E+11,1598615421,180
701,3215,A,,,,9497092370,9497092370,1.44811E+11,1660812083,230
702,1092,A,,,,9496935795,9496935795,77104568690,1587987397,176
703,3893,A,C13207 (Battle),2026-06-11T00:00:00.000Z,2026-08-08T00:00:00.000Z,9496149568,9496149568,23227371325,407825945,296
704,1717,A,C13211 (Battle),2026-07-03T00:00:00.000Z,2026-08-24T00:00:00.000Z,9491761788,9491761788,2.81139E+11,2154186249,185
705,1784,A,C13243 (Battle),2026-07-03T00:00:00.000Z,2026-08-24T00:00:00.000Z,9487936173,9472025701,92861723206,1415179931,174
706,2992,A,C13235 (Battle),2026-07-03T00:00:00.000Z,2026-08-24T00:00:00.000Z,9484120864,9484120864,3.32112E+11,2086376131,193
707,2092,A,,,,9478278968,9478278968,76211231691,1666444178,168
708,3441,A,,,,9477776855,9477776855,1.53894E+11,1514176503,227
709,1200,A,,,,9477475506,9477475506,1.44893E+11,1888074148,207
710,3892,A,C13207 (Battle),2026-06-11T00:00:00.000Z,2026-08-08T00:00:00.000Z,9475943001,9475943001,42485318372,488406362,291
711,2209,A,C13247 (Battle),2026-07-03T00:00:00.000Z,2026-08-24T00:00:00.000Z,9474819606,9474819606,1.00383E+11,1442150985,179
712,2272,A,,,,9473668755,9473668755,1.76798E+11,2008370746,183
713,2872,A,C13214 (Battle),2026-07-03T00:00:00.000Z,2026-08-24T00:00:00.000Z,9473038966,9458805714,2.30921E+11,1749411572,254
714,2393,A,,,,9468203393,9468203393,2.21736E+11,2323311656,199
715,1349,A,,,,9464004040,9456707906,1.78961E+11,1868717033,180
716,3785,A,,,,9460469691,9460469691,44581615862,851465111,280
717,3902,A,,,,9455641671,8719998297,35129114709,453754155,259
718,2717,A,C13214 (Battle),2026-07-03T00:00:00.000Z,2026-08-24T00:00:00.000Z,9453040216,9452861392,2.63282E+11,1960251335,300
719,2014,A,C13227 (Battle),2026-07-03T00:00:00.000Z,2026-08-24T00:00:00.000Z,9450312670,9450312670,2.64959E+11,2388038407,229
720,1800,A,C13229 (Battle),2026-07-03T00:00:00.000Z,2026-08-24T00:00:00.000Z,9443579451,9440508802,2.87841E+11,1858035609,195
721,1122,A,C13214 (Battle),2026-07-03T00:00:00.000Z,2026-08-24T00:00:00.000Z,9442849192,9442377520,1.76384E+11,2199499999,181
722,3077,A,,,,9441762679,9441762679,1.3701E+11,1595598452,189
723,3475,A,,,,9432178827,9432178827,2.44611E+11,1777785183,252
724,3244,A,,,,9428486953,9428486953,1.33656E+11,1732122190,209
725,3629,A,,,,9428196782,9000851368,1.8331E+11,1610497472,264
726,3438,A,,,,9426424199,9426424199,1.30056E+11,1674830658,191
727,1356,A,,,,9425781151,9411697663,1.69787E+11,1881289039,158
728,3533,A,,,,9424767032,9420274342,2.06974E+11,1521151102,213
729,3129,A,C13210 (Battle),2026-07-03T00:00:00.000Z,2026-08-24T00:00:00.000Z,9418987325,9406465713,4.10022E+11,2469493988,155
730,2362,A,C13238 (Battle),2026-07-03T00:00:00.000Z,2026-08-24T00:00:00.000Z,9418644446,9418644446,1.5631E+11,1803118964,186
731,2163,A,C13225 (Battle),2026-07-03T00:00:00.000Z,2026-08-24T00:00:00.000Z,9417455353,9357486295,2.43655E+11,1794482966,180
732,2669,A,,,,9413694313,9413694313,1.86965E+11,1739873814,195
733,3668,B,,,,9410289157,6932851427,1.65951E+11,1024644040,187
734,2995,B,,,,9407591387,9407591387,2.8318E+11,1836904002,221
735,1459,B,,,,9405942749,8345788132,1.90859E+11,1743160915,152
736,1506,B,,,,9398470902,9395411304,3.41726E+11,2302899801,203
737,3008,B,C13228 (Battle),2026-07-03T00:00:00.000Z,2026-08-24T00:00:00.000Z,9394367424,8519172286,1.52191E+11,1688894931,195
738,2629,B,C13236 (Battle),2026-07-03T00:00:00.000Z,2026-08-24T00:00:00.000Z,9389197096,9382147919,1.18646E+11,1481987012,199
739,3485,B,,,,9380097805,9379135754,1.12563E+11,1241423312,221
740,1444,B,C13244 (Battle),2026-07-03T00:00:00.000Z,2026-08-24T00:00:00.000Z,9379598898,9379072742,1.66243E+11,1906884948,175
741,3380,B,C13214 (Battle),2026-07-03T00:00:00.000Z,2026-08-24T00:00:00.000Z,9378813370,9372388052,1.86581E+11,1532011946,238
742,3588,B,,,,9377807478,9377807478,1.07833E+11,1195017189,214
743,3246,B,,,,9374953529,9374953529,71591677074,1513993253,206
744,1780,B,,,,9372684412,9372684412,2.37102E+11,1663477517,280
745,2726,B,,,,9370735621,9370735621,1.18885E+11,1491534355,166
746,3928,B,,,,9369721650,8842465939,50869595070,440055583,261
747,3795,B,,,,9356376471,9354189243,1.68312E+11,1255341434,248
748,3467,B,,,,9356058722,9356058722,1.79741E+11,1369461319,217
749,2678,B,,,,9355833996,9355833996,1.44764E+11,1512991213,221
750,2281,B,,,,9355373853,8604105772,1.09207E+11,1533752606,175
751,2829,B,C13228 (Battle),2026-07-03T00:00:00.000Z,2026-08-24T00:00:00.000Z,9353916249,7615961379,2.66904E+11,1625765811,159
752,2821,B,,,,9352078445,9352078445,1.61948E+11,1616762713,215
753,3292,B,,,,9351109370,9351109370,2.78162E+11,1899592038,210
754,1400,B,,,,9350808252,9350808252,55032131010,1308586176,169
755,3045,B,,,,9345361033,7743844770,1.18435E+11,1274961484,159
756,3814,B,,,,9343396944,9343396944,40933239950,635127036,295
757,3636,B,C13212 (Battle),2026-07-03T00:00:00.000Z,2026-08-24T00:00:00.000Z,9333225598,9333225598,2.7302E+11,1548107576,257
758,2909,B,,,,9330318098,9330318098,2.86663E+11,2037856982,221
759,3617,B,,,,9322522681,9322522681,1.41427E+11,1684519037,222
760,2124,B,,,,9320769115,9320769115,2.08834E+11,2091301213,183
761,2837,B,C13234 (Battle),2026-07-03T00:00:00.000Z,2026-08-24T00:00:00.000Z,9318774039,8364858146,1.1767E+11,1577383049,145
762,1500,B,,,,9316476727,9271324210,5.02555E+11,2610169731,178
763,2242,B,C13216 (Battle),2026-07-03T00:00:00.000Z,2026-08-24T00:00:00.000Z,9314285485,9285943165,2.36787E+11,1597052392,244
764,2205,B,,,,9309551578,7266114793,1.82117E+11,1443816376,137
765,1787,B,,,,9305930834,9269824321,5.82352E+11,2764572399,274
766,1685,B,,,,9303364085,9303364085,2.29239E+11,1897998919,212
767,2576,B,,,,9299923254,9299923254,74051178242,1519662229,191
768,2784,B,,,,9299333832,9294294639,2.3799E+11,1763269643,207
769,3031,B,,,,9295331553,9294540031,2.32846E+11,1559728696,177
770,3544,B,,,,9294823484,8019317113,1.64377E+11,1290554151,212
771,2719,B,,,,9289652349,9289652349,2.01054E+11,1686618712,275
772,3479,B,,,,9287713102,9287713102,2.20669E+11,1561477255,300
773,2154,B,,,,9284588080,8882674160,1.01887E+11,1557284212,212
774,1938,B,C13233 (Battle),2026-07-03T00:00:00.000Z,2026-08-24T00:00:00.000Z,9281924187,9266146506,2.44283E+11,2025641186,181
775,2102,B,,,,9277910938,9271072085,2.59299E+11,1785002210,207
776,3747,B,C13228 (Battle),2026-07-03T00:00:00.000Z,2026-08-24T00:00:00.000Z,9277423932,7889739930,1.57597E+11,1324173238,174
777,1967,B,,,,9276748879,9276748879,1.19208E+11,1706896739,198
778,3843,B,,,,9274867148,9274867148,81260448107,738819612,224
779,3640,B,C13227 (Battle),2026-07-03T00:00:00.000Z,2026-08-24T00:00:00.000Z,9272772841,9272772841,1.52936E+11,1292164258,284
780,1702,B,C13225 (Battle),2026-07-03T00:00:00.000Z,2026-08-24T00:00:00.000Z,9272082821,9272082821,73255002327,1517535888,209
781,3574,B,C13231 (Battle),2026-07-03T00:00:00.000Z,2026-08-24T00:00:00.000Z,9256880539,7102339106,1.38305E+11,1167931839,142
782,1977,B,,,,9255067131,9255067131,1.08151E+11,1515244126,171
783,1966,B,,,,9254121492,9254121492,1.31668E+11,1480441170,198
784,2845,B,C13216 (Battle),2026-07-03T00:00:00.000Z,2026-08-24T00:00:00.000Z,9249768434,9249768434,1.06125E+11,1235439269,206
785,3519,B,,,,9244906474,8364397156,1.92217E+11,1379784114,234
786,3702,B,,,,9242611253,9242611253,1.4926E+11,1328747871,245
787,2946,B,,,,9242124795,9242124795,1.73469E+11,1466346887,206
788,2227,B,,,,9239219522,9239219522,1.2344E+11,1623287010,184
789,2633,B,C13215 (Battle),2026-07-03T00:00:00.000Z,2026-08-24T00:00:00.000Z,9229613132,9229107657,1.95979E+11,2101900860,191
790,3691,B,,,,9224990233,9221988561,1.19554E+11,1078231039,192
791,2355,B,C13211 (Battle),2026-07-03T00:00:00.000Z,2026-08-24T00:00:00.000Z,9222899396,9213879855,3.97186E+11,2473054453,254
792,2822,B,,,,9218319705,7829507345,1.35969E+11,1421635213,170
793,1907,B,,,,9214059497,9214059497,91360909176,1774978657,176
794,2953,B,,,,9213619081,9209744437,5.6349E+11,2489464254,181
795,1219,B,,,,9210537282,8931406413,1.16138E+11,1630710913,141
796,2044,B,,,,9206358216,9206358216,1.6792E+11,1641748254,196
797,1607,B,,,,9203313655,9203313655,1.20661E+11,1506080291,181
798,3773,B,,,,9190944119,8962271815,2.45361E+11,1396635986,229
799,2554,B,,,,9181358556,9181358556,62905173864,1434776365,186
800,1862,B,C13241 (Battle),2026-07-03T00:00:00.000Z,2026-08-24T00:00:00.000Z,9175702770,9170504989,1.00545E+11,1534692821,177
801,3855,B,,,,9169460822,9164557073,1.23064E+11,1055696116,264
802,3075,B,,,,9163985482,9163985482,2.49921E+11,1907960816,217
803,3675,B,,,,9161695119,9161695119,1.11221E+11,1470431889,240
804,3452,B,C13228 (Battle),2026-07-03T00:00:00.000Z,2026-08-24T00:00:00.000Z,9160990029,7591754349,2.47662E+11,1624532834,189
805,2195,B,C13228 (Battle),2026-07-03T00:00:00.000Z,2026-08-24T00:00:00.000Z,9160280738,8550183533,2.97161E+11,1768694254,196
806,2492,B,,,,9155070293,9131561129,2.06532E+11,1678083012,188
807,3506,B,,,,9153843026,9153843026,1.90217E+11,1573772617,235
808,3911,B,,,,9150614686,8188522615,46767733643,468337137,240
809,2452,B,,,,9149515714,9149515714,1.33513E+11,1636196300,207
810,2108,B,C13234 (Battle),2026-07-03T00:00:00.000Z,2026-08-24T00:00:00.000Z,9147675322,8202357769,1.44752E+11,1671593024,152
811,2832,B,C13234 (Battle),2026-07-03T00:00:00.000Z,2026-08-24T00:00:00.000Z,9141536358,8541183512,2.06919E+11,1577239769,227
812,2544,B,,,,9136625198,9133571326,6.27115E+11,2416444778,182
813,3459,B,C13210 (Battle),2026-07-03T00:00:00.000Z,2026-08-24T00:00:00.000Z,9136249167,8993155959,3.94977E+11,2351028310,172
814,2045,B,,,,9128115240,9125097214,2.49122E+11,1781856100,224
815,2598,B,,,,9126463200,9126463200,1.18494E+11,1346213019,238
816,3276,B,C13217 (Battle),2026-07-03T00:00:00.000Z,2026-08-24T00:00:00.000Z,9124805452,9124805452,1.26668E+11,1580775236,203
817,3400,B,,,,9124370408,9124370408,75263897558,1322582468,209
818,1909,B,,,,9122690309,9122690309,1.51548E+11,1901875511,164
819,1549,B,C13213 (Battle),2026-07-03T00:00:00.000Z,2026-08-24T00:00:00.000Z,9121605980,9112839467,2.7402E+11,2156343488,157
820,3209,B,C13214 (Battle),2026-07-03T00:00:00.000Z,2026-08-24T00:00:00.000Z,9114324828,9114324828,1.7079E+11,1424430951,253
821,1225,B,C13222 (Battle),2026-07-03T00:00:00.000Z,2026-08-24T00:00:00.000Z,9111662669,9109594161,53675718204,1029639535,160
822,3733,B,,,,9106105520,9106105520,61568816078,847208245,206
823,3490,B,,,,9105934201,9105934201,2.8309E+11,1691685536,193
824,2237,B,,,,9096281986,9084737238,2.0706E+11,1820035642,192
825,1417,B,C13224 (Battle),2026-07-03T00:00:00.000Z,2026-08-24T00:00:00.000Z,9095903243,9074675872,1.63449E+11,1675499962,135
826,3083,B,,,,9094250874,9094037917,3.2029E+11,1733269859,165
827,2693,B,C13236 (Battle),2026-07-03T00:00:00.000Z,2026-08-24T00:00:00.000Z,9089085479,9089085479,3.01882E+11,2015544305,187
828,3084,B,,,,9087406407,7679278673,1.11727E+11,1285240160,152
829,3272,B,,,,9086717627,9086717627,69912568585,1044628124,169
830,1805,B,,,,9086595569,9086595569,2.87419E+11,2090333832,207
831,1147,B,C13220 (Battle),2026-07-03T00:00:00.000Z,2026-08-24T00:00:00.000Z,9084736364,9084736364,1.36421E+11,1904590162,167
832,3738,B,C13211 (Battle),2026-07-03T00:00:00.000Z,2026-08-24T00:00:00.000Z,9079087940,9079087940,1.57073E+11,1167714605,246
833,2677,B,C13218 (Battle),2026-07-03T00:00:00.000Z,2026-08-24T00:00:00.000Z,9078384034,9077774637,2.24169E+11,1728115951,244
834,3037,B,,,,9071961996,7731140257,98830432562,1216453820,188
835,3009,B,,,,9068804917,9039250699,2.48824E+11,1658398174,205
836,1759,B,,,,9064067298,9058998372,2.32061E+11,1974633632,193
837,2854,B,C13235 (Battle),2026-07-03T00:00:00.000Z,2026-08-24T00:00:00.000Z,9062666273,9062666273,1.74584E+11,1830345347,231
838,2737,B,C13237 (Battle),2026-07-03T00:00:00.000Z,2026-08-24T00:00:00.000Z,9062338850,7938642452,3.55663E+11,1910980928,202
839,2709,B,,,,9053928314,9040034582,3.42682E+11,1956289295,224
840,3657,B,C13244 (Battle),2026-07-03T00:00:00.000Z,2026-08-24T00:00:00.000Z,9043749119,9043749119,80105668169,983284533,196
841,3649,B,C13213 (Battle),2026-07-03T00:00:00.000Z,2026-08-24T00:00:00.000Z,9043694744,9043694744,1.08742E+11,1108933297,204
842,2960,B,,,,9042576221,9042576221,2.07648E+11,1794661285,200
843,1708,B,,,,9039735122,9030783223,76682530894,1654305428,177
844,1807,B,C13235 (Battle),2026-07-03T00:00:00.000Z,2026-08-24T00:00:00.000Z,9036293257,9005053934,5.92608E+11,3168393986,180
845,2456,B,,,,9028771777,9028771777,1.33653E+11,1655039228,211
846,1303,B,,,,9027599006,9027599006,1.13526E+11,1585308299,166
847,3615,B,C13209 (Battle),2026-07-03T00:00:00.000Z,2026-08-24T00:00:00.000Z,9021049886,8984117480,3.9654E+11,1557330174,178
848,3520,B,C13227 (Battle),2026-07-03T00:00:00.000Z,2026-08-24T00:00:00.000Z,9018852921,9012118837,2.48324E+11,1758579090,255
849,3924,B,,,,9018479800,9018479800,21481970734,394169974,300
850,2207,B,C13222 (Battle),2026-07-03T00:00:00.000Z,2026-08-24T00:00:00.000Z,9011896438,9010185781,75371677889,1118953425,151
851,3416,B,,,,9009364960,7464926195,1.04923E+11,1130913768,150
852,2484,B,,,,9007687161,9007687161,2.31977E+11,1946673833,197
853,2175,B,,,,9003472957,8637060094,1.81312E+11,2026536643,183
854,3178,B,C13228 (Battle),2026-07-03T00:00:00.000Z,2026-08-24T00:00:00.000Z,8997227844,7687688627,1.6891E+11,1475334752,191
855,3173,B,,,,8996811061,8996811061,94504634672,1474877445,182
856,1367,B,C13240 (Battle),2026-07-03T00:00:00.000Z,2026-08-24T00:00:00.000Z,8994036636,8994036636,2.25658E+11,1824717703,243
857,2861,B,C13246 (Battle),2026-07-03T00:00:00.000Z,2026-08-24T00:00:00.000Z,8989258273,8989258273,88045950587,1671719315,189
858,2525,B,,,,8989075175,8977446195,2.5657E+11,1893705474,165
859,2003,B,,,,8988613101,8979082568,84248096276,1402254282,149
860,3609,B,,,,8986882251,8986882251,1.3002E+11,1040742082,186
861,2628,B,,,,8984432681,8984432681,2.57862E+11,1771820181,206
862,3269,B,,,,8982976789,8982976789,2.13346E+11,1772222562,197
863,3903,B,,,,8982297392,8982297392,54981126207,487082471,232
864,1652,B,,,,8979861493,8123713976,81915636195,1306906394,163
865,2536,B,,,,8979363135,8973467981,1.76136E+11,1809564045,193
866,3391,B,,,,8975534750,8975534750,78678718353,1206364052,179
867,1665,B,C13239 (Battle),2026-07-03T00:00:00.000Z,2026-08-24T00:00:00.000Z,8974098286,8974098286,3.00709E+11,2321576176,194
868,3558,B,C13227 (Battle),2026-07-03T00:00:00.000Z,2026-08-24T00:00:00.000Z,8971886005,8971886005,3.50068E+11,1959601634,233
869,2422,B,,,,8970996484,8970996484,2.72337E+11,2141295756,205
870,2651,B,,,,8968890174,8051239662,1.23199E+11,1279901346,200
871,1331,B,C13211 (Battle),2026-07-03T00:00:00.000Z,2026-08-24T00:00:00.000Z,8968593932,8952087413,4.32578E+11,2396305465,196
872,3685,B,,,,8958713294,8958713294,52704661529,791995482,229
873,1477,B,,,,8955393209,8953572737,12780868358,782382321,219
874,3910,B,,,,8945344731,7674336597,64305181063,444593379,211
875,3277,B,,,,8942278998,8940192670,2.71563E+11,1764315642,193
876,1919,B,C13216 (Battle),2026-07-03T00:00:00.000Z,2026-08-24T00:00:00.000Z,8941752502,8935037575,1.69596E+11,1656837235,165
877,2731,B,,,,8941652649,7862492721,1.26705E+11,1463893118,199
878,3047,B,C13219 (Battle),2026-07-03T00:00:00.000Z,2026-08-24T00:00:00.000Z,8939808433,8939808433,1.84858E+11,1870959638,209
879,1066,B,,,,8937782357,8937782357,71653316438,1595416166,163
880,3443,B,,,,8934143328,7276025122,1.86034E+11,1415658553,158
881,2071,B,,,,8931642830,8931642830,1.25722E+11,1794974536,191
882,2213,B,C13213 (Battle),2026-07-03T00:00:00.000Z,2026-08-24T00:00:00.000Z,8929325467,8929325467,2.73173E+11,1867367406,250
883,1958,B,,,,8929052824,8929052824,2.61053E+11,2048237007,177
884,2079,B,,,,8927879626,8918500948,3.39075E+11,2318476947,182
885,2606,B,,,,8923380432,8923380432,1.56849E+11,1735322499,210
886,1688,B,,,,8919516338,8919516338,3.05946E+11,2121515523,185
887,2951,B,,,,8918796393,8918796393,3.23189E+11,1669566586,210
888,2457,B,,,,8918519488,8912812094,55893498012,1099062218,159
889,2894,B,C13246 (Battle),2026-07-03T00:00:00.000Z,2026-08-24T00:00:00.000Z,8916297657,8912685015,64495062610,1337365025,193
890,3066,B,,,,8915468856,8915468856,2.44361E+11,1775098495,191
891,3323,B,,,,8911802271,8911802271,2.68406E+11,1814660493,161
892,2613,B,C13218 (Battle),2026-07-03T00:00:00.000Z,2026-08-24T00:00:00.000Z,8910008299,8910008299,1.35103E+11,1159472547,183
893,1502,B,,,,8906150713,8899994880,3.21329E+11,2204584996,161
894,3819,B,C13217 (Battle),2026-07-03T00:00:00.000Z,2026-08-24T00:00:00.000Z,8905051847,8905051847,48150614264,752115782,222
895,3120,B,,,,8903538538,8902188873,2.66418E+11,1766521090,300
896,3620,B,,,,8901315592,8901315592,1.12162E+11,1402627187,211
897,3447,B,,,,8898426863,8895568466,1.47172E+11,1676274152,223
898,2923,B,,,,8888597377,8888597377,2.3942E+11,1553069169,239
899,3486,B,,,,8884827807,8884827807,1.56939E+11,1580355242,220
900,3776,B,,,,8877413822,8235505388,60783733686,690785428,207
901,2950,B,,,,8876779247,8876779247,1.29246E+11,1433781772,196
902,1388,B,,,,8875497090,8614500889,1.82568E+11,1716664858,185
903,3824,B,,,,8872491781,8872491781,76025819251,803453140,217
904,1040,B,,,,8872354816,8870658653,1.0368E+11,1386107727,166
905,2979,B,C13212 (Battle),2026-07-03T00:00:00.000Z,2026-08-24T00:00:00.000Z,8869013496,8869013496,1.96298E+11,1458190767,225
906,2523,B,,,,8861512173,8861512173,1.40469E+11,1378497426,195
907,1189,B,,,,8855999917,8855999917,90916172071,1586368224,154
908,1533,B,,,,8853987441,8853987441,4.43535E+11,2169901185,175
909,2662,B,,,,8847282253,8847282253,1.26324E+11,1323277092,205
910,3226,B,,,,8844404005,8844404005,1.84105E+11,1603800255,181
911,1140,B,C13218 (Battle),2026-07-03T00:00:00.000Z,2026-08-24T00:00:00.000Z,8842180994,8842180994,1.54302E+11,1588858583,175
912,3097,B,,,,8838520623,8816315677,1.70965E+11,1149264247,217
913,2679,B,,,,8836928391,8836928391,1.90033E+11,1665567783,181
914,3117,B,,,,8835334951,8835334951,1.38665E+11,1520013679,168
915,1182,B,,,,8834807907,8811897864,5.23901E+11,2386255175,146
916,1701,B,,,,8832471190,5792607174,1.47311E+11,1041761094,148
917,3718,B,,,,8831051458,8831051458,1.15793E+11,1165677883,218
918,3711,B,C13230 (Battle),2026-07-03T00:00:00.000Z,2026-08-24T00:00:00.000Z,8830453559,8830453559,1.28909E+11,1318213958,221
919,1661,B,,,,8828989353,8804954631,2.10315E+11,1870089014,170
920,2258,B,,,,8828290501,8828290501,81640792467,1580023731,182
921,3923,B,,,,8827151664,8827151664,79801462901,475939130,226
922,3566,B,,,,8824319420,8824319420,1.54458E+11,1466954194,221
923,2448,B,C13215 (Battle),2026-07-03T00:00:00.000Z,2026-08-24T00:00:00.000Z,8811032473,8808312062,2.29768E+11,2009232537,175
924,3465,B,C13215 (Battle),2026-07-03T00:00:00.000Z,2026-08-24T00:00:00.000Z,8804739059,8804739059,2.70529E+11,1764778120,205
925,2418,B,,,,8796920388,8796920388,1.1767E+11,1624140979,204
926,1037,B,,,,8795208341,8795208341,1.39071E+11,1397158580,171
927,1143,B,C13245 (Battle),2026-07-03T00:00:00.000Z,2026-08-24T00:00:00.000Z,8795188081,8795188081,46222078481,1212623952,162
928,3153,B,C13216 (Battle),2026-07-03T00:00:00.000Z,2026-08-24T00:00:00.000Z,8792489976,8792489976,1.29528E+11,1215247894,188
929,1809,B,,,,8790668484,8773086043,1.87198E+11,1696336598,156
930,3409,B,C13237 (Battle),2026-07-03T00:00:00.000Z,2026-08-24T00:00:00.000Z,8788914634,7500180106,1.78472E+11,1303635366,176
931,1128,B,,,,8787515429,8787515429,1.2606E+11,1872000685,161
932,3115,B,C13214 (Battle),2026-07-03T00:00:00.000Z,2026-08-24T00:00:00.000Z,8787435558,8787435558,1.23102E+11,1317029923,189
933,1734,B,,,,8786222571,8783887830,2.99533E+11,1947184060,188
934,1464,B,,,,8780678960,8780678960,2.12838E+11,1755196008,172
935,3666,B,,,,8780525015,7403360436,68011396493,918613741,181
936,3430,B,,,,8779154085,8779154085,1.72346E+11,1460822439,238
937,3366,B,,,,8777938598,8777938598,65395134339,1358587405,206
938,1130,B,C13228 (Battle),2026-07-03T00:00:00.000Z,2026-08-24T00:00:00.000Z,8777628078,8084644449,1.02627E+11,1493661666,153
939,2105,B,C13222 (Battle),2026-07-03T00:00:00.000Z,2026-08-24T00:00:00.000Z,8774810712,8774810712,1.02627E+11,1439412797,162
940,3726,B,,,,8773528820,8773528820,33311124704,629322659,223
941,1793,B,,,,8770169213,8749755337,2.55921E+11,2014290236,197
942,1407,B,C13216 (Battle),2026-07-03T00:00:00.000Z,2026-08-24T00:00:00.000Z,8768745477,8756496922,89430065090,1405950714,142
943,2335,B,C13227 (Battle),2026-07-03T00:00:00.000Z,2026-08-24T00:00:00.000Z,8767227664,8767227664,2.3978E+11,2010809478,234
944,2777,B,,,,8766493356,8762842008,1.13249E+11,1520648269,194
945,2128,B,C13217 (Battle),2026-07-03T00:00:00.000Z,2026-08-24T00:00:00.000Z,8763554592,8762109638,1.02122E+11,1494992925,172
946,3421,B,,,,8763059657,8761287038,2.61576E+11,1644787995,209
947,1694,B,,,,8762913022,8257755374,1.58562E+11,1556784076,181
948,3347,B,,,,8750148780,7540694779,1.1305E+11,1125858473,167
949,3543,B,C13212 (Battle),2026-07-03T00:00:00.000Z,2026-08-24T00:00:00.000Z,8746542250,8746542250,2.12829E+11,1464983723,222
950,2314,B,,,,8742874891,8742874891,2.05412E+11,1941108640,200
951,2340,B,C13210 (Battle),2026-07-03T00:00:00.000Z,2026-08-24T00:00:00.000Z,8739675439,8739675439,3.06161E+11,2101325599,164
952,1823,B,C13217 (Battle),2026-07-03T00:00:00.000Z,2026-08-24T00:00:00.000Z,8739639945,8739639945,1.94189E+11,1847087569,183
953,2596,B,,,,8738564795,8738564795,1.7049E+11,1680040393,214
954,3868,B,C13206 (Battle),2026-06-11T00:00:00.000Z,2026-08-08T00:00:00.000Z,8735269525,8735269525,47600773809,458720393,233
955,1228,B,,,,8730053065,8730053065,5.88525E+11,2952575229,208
956,3264,B,,,,8729957556,8729957556,1.69521E+11,1596517671,204
957,3057,B,,,,8723829284,8723829284,1.10806E+11,1620883791,171
958,3694,B,,,,8721569675,8721569675,3.10755E+11,1820379420,197
959,1139,B,,,,8712223102,7845682832,1.52382E+11,1636576733,138
960,2462,B,C13243 (Battle),2026-07-03T00:00:00.000Z,2026-08-24T00:00:00.000Z,8709088264,8494602204,1.34144E+11,1553265398,194
961,1409,B,,,,8708341839,8708341839,1.01104E+11,1758138738,157
962,3176,B,,,,8706404468,8672904704,5.76728E+11,2091208688,204
963,1990,B,,,,8705248427,8705248427,3.54841E+11,2566781415,204
964,3346,B,,,,8705159963,8695089123,1.96134E+11,1389321393,216
965,3810,B,,,,8700437806,7758815415,78959458580,644226520,232
966,1102,B,,,,8697184171,8697184171,1.58756E+11,1612930025,177
967,3599,B,C13213 (Battle),2026-07-03T00:00:00.000Z,2026-08-24T00:00:00.000Z,8696613455,8696613455,3.96269E+11,1768956237,236
968,2735,B,,,,8693871735,8334689027,1.9482E+11,1461506603,270
969,1179,B,,,,8690334980,8690334980,1.2212E+11,1750538048,160
970,2454,B,C13216 (Battle),2026-07-03T00:00:00.000Z,2026-08-24T00:00:00.000Z,8690302870,8673596705,1.71555E+11,1531074427,195
971,2146,B,C13229 (Battle),2026-07-03T00:00:00.000Z,2026-08-24T00:00:00.000Z,8689557389,8689557389,1.16049E+11,1464891737,151
972,2578,B,,,,8688401214,8681701853,1.754E+11,1621942330,172
973,2917,B,,,,8687129735,8666153283,3.2723E+11,1924385929,165
974,3626,B,C13232 (Battle),2026-07-03T00:00:00.000Z,2026-08-24T00:00:00.000Z,8683564025,8683564025,1.32778E+11,1139340998,237
975,3132,B,C13213 (Battle),2026-07-03T00:00:00.000Z,2026-08-24T00:00:00.000Z,8681885933,8681885933,1.25373E+11,1445300065,212
976,1482,B,C13219 (Battle),2026-07-03T00:00:00.000Z,2026-08-24T00:00:00.000Z,8679890469,8679890469,1.66397E+11,2051934299,147
977,1382,B,C13220 (Battle),2026-07-03T00:00:00.000Z,2026-08-24T00:00:00.000Z,8679355077,8679355077,1.07282E+11,1693671290,145
978,2549,B,C13227 (Battle),2026-07-03T00:00:00.000Z,2026-08-24T00:00:00.000Z,8678519197,8659995047,3.49369E+11,2235539462,171
979,3565,B,,,,8673949192,8673949192,1.47771E+11,1384680401,216
980,3184,B,C13218 (Battle),2026-07-03T00:00:00.000Z,2026-08-24T00:00:00.000Z,8669818227,8669818227,1.01388E+11,1347874139,208
981,2490,B,,,,8668972928,8668972928,2.28496E+11,1789207941,202
982,3885,B,C13206 (Battle),2026-06-11T00:00:00.000Z,2026-08-08T00:00:00.000Z,8666370051,8666370051,90274710029,621609645,214
983,2380,B,,,,8664517873,8655957801,1.35052E+11,1418383119,189
984,2616,B,C13228 (Battle),2026-07-03T00:00:00.000Z,2026-08-24T00:00:00.000Z,8661042862,8004038440,3.31034E+11,1779142841,239
985,3837,B,,,,8660828329,8660828329,1.2811E+11,812109207,207
986,1338,B,,,,8660645095,8660645095,1.25251E+11,1614143821,154
987,2088,B,,,,8658285170,8658285170,1.17279E+11,1932516069,166
988,2253,B,C13214 (Battle),2026-07-03T00:00:00.000Z,2026-08-24T00:00:00.000Z,8657030224,8657030224,1.15627E+11,1463138178,176
989,2694,B,,,,8655315274,8655275212,3.41755E+11,1881983558,240
990,3004,B,,,,8653647138,7828486759,3.02507E+11,1518753406,224
991,2842,B,C13237 (Battle),2026-07-03T00:00:00.000Z,2026-08-24T00:00:00.000Z,8652783332,7278239182,1.4398E+11,1318670940,150
992,3350,B,,,,8652500853,8641833542,3.92116E+11,1781437422,206
993,1383,B,,,,8651729080,8602175960,5.06959E+11,2331140955,166
994,2521,B,C13244 (Battle),2026-07-03T00:00:00.000Z,2026-08-24T00:00:00.000Z,8650955009,8650955009,1.15579E+11,1371146435,183
995,3770,B,,,,8647860017,8647860017,71428580384,924111456,220
996,3378,B,C13213 (Battle),2026-07-03T00:00:00.000Z,2026-08-24T00:00:00.000Z,8641642996,8632084163,1.60685E+11,1592170627,222
997,2331,B,,,,8634893599,8028428193,61947824984,1386535774,153
998,3169,B,C13217 (Battle),2026-07-03T00:00:00.000Z,2026-08-24T00:00:00.000Z,8634061151,8629800570,1.63468E+11,1398044129,232
999,1565,B,,,,8628204284,8625627501,3.48889E+11,2187068738,183
1000,1068,B,C13218 (Battle),2026-07-03T00:00:00.000Z,2026-08-24T00:00:00.000Z,8625560224,8625560224,90209638506,1362777925,175
1001,2963,B,,,,8624113014,8624113014,2.22164E+11,1900870925,228
1002,2307,B,,,,8623459244,8623459244,1.82849E+11,1493845786,139
1003,3296,B,,,,8620030217,8620030217,95296113216,1143667129,181
1004,2465,B,,,,8617692146,7839749323,1.25146E+11,1681954131,153
1005,3523,B,,,,8611298910,8608965158,1.84895E+11,1326000859,226
1006,1576,B,C13225 (Battle),2026-07-03T00:00:00.000Z,2026-08-24T00:00:00.000Z,8611039498,8605230684,61399900422,1414957340,200
1007,1304,B,,,,8610450284,8610450284,1.33861E+11,1755665877,175
1008,1522,B,,,,8608458841,8608458841,2.4588E+11,1972548368,152
1009,2081,B,,,,8606057780,8606057780,5.39081E+11,2660124548,178
1010,1651,B,,,,8602869968,8602869968,1.25021E+11,1565082773,174
1011,3660,B,C13210 (Battle),2026-07-03T00:00:00.000Z,2026-08-24T00:00:00.000Z,8602789171,8602789171,2.53729E+11,1505158787,210
1012,3357,B,C13213 (Battle),2026-07-03T00:00:00.000Z,2026-08-24T00:00:00.000Z,8601724008,8601724008,1.65958E+11,1627153466,163
1013,3832,B,C13218 (Battle),2026-07-03T00:00:00.000Z,2026-08-24T00:00:00.000Z,8599602532,8599602532,89129707508,1068019237,300
1014,3576,B,,,,8596994965,8596994965,51585186429,1050402206,262
1015,3815,B,C13214 (Battle),2026-07-03T00:00:00.000Z,2026-08-24T00:00:00.000Z,8586875671,8586875671,1.16647E+11,1008189622,245
1016,1765,B,,,,8583127464,8583127464,1.26284E+11,1691815402,169
1017,3493,B,,,,8581667524,8566511081,2.31446E+11,1478985073,174
1018,2349,B,C13245 (Battle),2026-07-03T00:00:00.000Z,2026-08-24T00:00:00.000Z,8581579695,8581579695,92291083550,1503233849,174
1019,3370,B,C13212 (Battle),2026-07-03T00:00:00.000Z,2026-08-24T00:00:00.000Z,8572608551,8533449190,4.15708E+11,1856903310,263
1020,1664,B,C13220 (Battle),2026-07-03T00:00:00.000Z,2026-08-24T00:00:00.000Z,8571445005,8571445005,1.18699E+11,1756402919,160
1021,3280,B,,,,8571222131,8571222131,1.06564E+11,1241045499,199
1022,3586,B,C13226 (Battle),2026-07-03T00:00:00.000Z,2026-08-24T00:00:00.000Z,8570340117,8559153945,3.80244E+11,1977976999,213
1023,2164,B,C13233 (Battle),2026-07-03T00:00:00.000Z,2026-08-24T00:00:00.000Z,8567374011,8566683746,1.65606E+11,1750730702,152
1024,2670,B,C13214 (Battle),2026-07-03T00:00:00.000Z,2026-08-24T00:00:00.000Z,8562617937,8556154660,2.46361E+11,1751190292,246
1025,1088,B,C13248 (Battle),2026-07-03T00:00:00.000Z,2026-08-24T00:00:00.000Z,8562206166,8076189580,48871605087,1168794071,138
1026,1090,B,C13221 (Battle),2026-07-03T00:00:00.000Z,2026-08-24T00:00:00.000Z,8558816870,8558816870,1.15177E+11,1297538760,259
1027,2816,B,,,,8555118003,8555118003,1.03596E+11,1323239285,162
1028,2065,B,,,,8549428956,5555510155,1.39572E+11,1113181196,165
1029,2420,B,,,,8546421571,8546421571,2.25675E+11,2024521979,179
1030,1544,B,,,,8545395291,8533094513,4.34677E+11,2856903546,177
1031,1996,B,,,,8543990454,8543990454,1.19475E+11,1520012084,149
1032,2957,B,,,,8543710052,8528485620,86162461083,1244133979,180
1033,1562,B,C13217 (Battle),2026-07-03T00:00:00.000Z,2026-08-24T00:00:00.000Z,8542539366,8538694126,1.68069E+11,1781027676,151
1034,2153,B,,,,8533191706,8533191706,87862054598,1311161944,184
1035,2931,B,,,,8532662517,8532662517,1.98841E+11,1694712662,239
1036,2211,B,,,,8532084418,8532084418,2.38464E+11,2010669413,164
1037,1111,B,,,,8531462458,8531462458,1.07695E+11,1450788118,202
1038,3494,B,,,,8530896330,8527816725,3.24592E+11,1860389490,204
1039,2700,B,,,,8529183407,8529183407,1.57686E+11,1563069181,196
1040,3600,B,,,,8526515213,8526515213,2.42264E+11,1657790893,190
1041,2276,B,,,,8524082794,8511965925,2.24667E+11,1971805246,149
1042,1195,B,,,,8524081237,8524081237,1.01704E+11,1646186244,149
1043,1033,B,,,,8523582670,8523582670,1.14701E+11,1820978632,176
1044,1472,B,,,,8523196958,8512168544,1.34117E+11,1687640607,143
1045,1104,B,,,,8519202296,8519202296,1.17278E+11,1690987600,173
1046,2009,B,,,,8515752779,8511743212,75784342013,1495245627,154
1047,3728,B,,,,8514026966,8514026966,85597367050,1088616260,194
1048,1695,B,C13214 (Battle),2026-07-03T00:00:00.000Z,2026-08-24T00:00:00.000Z,8496362615,8492056191,1.73158E+11,1385248529,214
1049,3782,B,,,,8493038107,8491163907,3.43497E+11,1501307065,162
1050,3381,B,,,,8486286527,8485910784,2.1503E+11,1533201994,235
1051,1637,B,C13228 (Battle),2026-07-03T00:00:00.000Z,2026-08-24T00:00:00.000Z,8485216169,7726367161,2.04476E+11,1780208247,137
1052,2550,B,,,,8482207265,8482207265,1.03223E+11,1564246695,177
1053,2714,B,,,,8478449884,8478449884,3.21144E+11,1952890783,137
1054,1234,B,,,,8476436094,8476436094,1.61022E+11,2107609919,169
1055,3677,B,,,,8475411286,8473059922,1.3423E+11,1243080722,195
1056,1888,B,,,,8474391345,8474391345,2.68422E+11,2176834934,261
1057,3808,B,C13238 (Battle),2026-07-03T00:00:00.000Z,2026-08-24T00:00:00.000Z,8473596833,8473596833,98392640337,850136195,196
1058,3881,B,C13207 (Battle),2026-06-11T00:00:00.000Z,2026-08-08T00:00:00.000Z,8473484205,8473484205,37263779830,478415985,266
1059,1031,B,C13240 (Battle),2026-07-03T00:00:00.000Z,2026-08-24T00:00:00.000Z,8471726722,8462830703,90169166742,1209292900,124
1060,1749,B,,,,8471315491,8436580545,2.53054E+11,1787586242,148
1061,2824,B,,,,8470457261,8470436369,1.76536E+11,1702954369,180
1062,3023,B,,,,8464525392,6522750070,1.9624E+11,1196277903,234
1063,3484,B,,,,8457642031,8453511180,2.41903E+11,1586383941,231
1064,2342,B,C13215 (Battle),2026-07-03T00:00:00.000Z,2026-08-24T00:00:00.000Z,8454667249,8454667249,1.6732E+11,1560333058,185
1065,1419,B,C13215 (Battle),2026-07-03T00:00:00.000Z,2026-08-24T00:00:00.000Z,8445547136,8431967010,2.38349E+11,1738684555,159
1066,1204,B,C13246 (Battle),2026-07-03T00:00:00.000Z,2026-08-24T00:00:00.000Z,8443594812,8443594812,98474795119,1405981223,142
1067,2510,B,,,,8441525640,8441525640,1.97128E+11,1265566629,166
1068,3035,B,,,,8438114596,8437556237,1.1222E+11,1404206329,186
1069,3496,B,,,,8433038994,8433038994,1.02601E+11,1254199572,176
1070,1657,B,,,,8432023996,8432023996,2.43709E+11,2047805679,168
1071,3634,B,,,,8429698785,8429698785,1.4426E+11,1343408233,226
1072,3368,B,,,,8429348624,7151158546,1.91276E+11,1433594825,179
1073,2998,B,C13242 (Battle),2026-07-03T00:00:00.000Z,2026-08-24T00:00:00.000Z,8424828845,8424828845,94342185134,1360463107,186
1074,2891,B,C13229 (Battle),2026-07-03T00:00:00.000Z,2026-08-24T00:00:00.000Z,8423498506,8423498506,1.67808E+11,1376261400,251
1075,3516,B,C13237 (Battle),2026-07-03T00:00:00.000Z,2026-08-24T00:00:00.000Z,8416783314,6833782871,1.52501E+11,1176132267,161
1076,2929,B,,,,8407291989,8403103508,1.07895E+11,1693008701,181
1077,3134,B,C13232 (Battle),2026-07-03T00:00:00.000Z,2026-08-24T00:00:00.000Z,8403025363,8403025363,1.7621E+11,1489007498,173
1078,1446,B,,,,8402962094,8402962094,1.42892E+11,1619049448,186
1079,2585,B,,,,8398346838,8398346838,1.70631E+11,1637238308,183
1080,3158,B,,,,8393635336,8393635336,1.30129E+11,1422733617,179
1081,2110,B,C13248 (Battle),2026-07-03T00:00:00.000Z,2026-08-24T00:00:00.000Z,8393240308,8393240308,58866128888,1389281401,162
1082,3895,B,C13207 (Battle),2026-06-11T00:00:00.000Z,2026-08-08T00:00:00.000Z,8390804742,8390804742,46760121789,435655851,249
1083,1871,B,C13218 (Battle),2026-07-03T00:00:00.000Z,2026-08-24T00:00:00.000Z,8389568347,8389203685,1.96884E+11,1546656152,205
1084,1689,B,C13226 (Battle),2026-07-03T00:00:00.000Z,2026-08-24T00:00:00.000Z,8387391942,8345026962,8.92281E+11,3154306343,165
1085,3662,B,C13228 (Battle),2026-07-03T00:00:00.000Z,2026-08-24T00:00:00.000Z,8383466143,6274618859,71923006340,657428314,118
1086,1676,B,,,,8382511805,8376457795,2.31332E+11,1780229461,212
1087,2756,B,,,,8381568571,8373257654,2.31378E+11,1893702075,166
1088,2687,B,,,,8377794455,8377794455,3.35622E+11,2096545988,199
1089,2017,B,,,,8375435984,8367423282,2.75271E+11,1680853931,177
1090,1769,B,C13231 (Battle),2026-07-03T00:00:00.000Z,2026-08-24T00:00:00.000Z,8372842794,8362427218,2.60395E+11,1921238649,170
1091,1827,B,,,,8361830979,8361830979,1.60666E+11,1688455811,205
1092,3121,B,C13235 (Battle),2026-07-03T00:00:00.000Z,2026-08-24T00:00:00.000Z,8358171250,8358171250,2.01386E+11,1320836858,255
1093,1778,B,,,,8357852460,8356706577,2.25332E+11,1740751783,173
1094,3789,B,,,,8357720796,8357720796,61162840481,578310474,203
1095,2788,B,,,,8353384312,8353384312,1.00093E+11,1256275222,159
1096,2883,B,,,,8351279607,8351279607,1.78489E+11,1265547112,167
1097,2955,B,,,,8348969840,8348969840,83181779751,1487247875,162
1098,3238,B,C13216 (Battle),2026-07-03T00:00:00.000Z,2026-08-24T00:00:00.000Z,8343807352,8330597032,3.42124E+11,1709535468,176
1099,2809,B,,,,8343187465,8331447249,2.51939E+11,1818760707,185
1100,2595,B,C13229 (Battle),2026-07-03T00:00:00.000Z,2026-08-24T00:00:00.000Z,8343035241,8343035241,1.89534E+11,1892403154,181
1101,2030,B,,,,8342897149,8342897149,1.49535E+11,1527585219,194
1102,2913,B,,,,8341463553,8341463553,2.74426E+11,1671216336,261
1103,3345,B,,,,8336326647,8336326647,1.53361E+11,1436252572,186
1104,3504,B,C13215 (Battle),2026-07-03T00:00:00.000Z,2026-08-24T00:00:00.000Z,8335641973,8335641973,1.71144E+11,1500384603,194
1105,3239,B,,,,8331709385,8325021142,2.65241E+11,1578084220,172
1106,3643,B,C13236 (Battle),2026-07-03T00:00:00.000Z,2026-08-24T00:00:00.000Z,8330248257,8330248257,1.29977E+11,1312218804,257
1107,3745,B,C13233 (Battle),2026-07-03T00:00:00.000Z,2026-08-24T00:00:00.000Z,8320085587,8320085587,1.18478E+11,1103780708,202
1108,3085,B,,,,8318857271,8318857271,1.19661E+11,1450129503,193
1109,1495,B,,,,8317011190,8281561263,85478485897,1267088017,144
1110,2165,B,C13213 (Battle),2026-07-03T00:00:00.000Z,2026-08-24T00:00:00.000Z,8311718470,8311718470,1.43662E+11,1561019936,182
1111,1978,B,,,,8311600680,8311600680,2.81251E+11,2056483748,159
1112,2483,B,C13228 (Battle),2026-07-03T00:00:00.000Z,2026-08-24T00:00:00.000Z,8307832018,5803898507,1.14678E+11,1068195550,118
1113,3284,B,,,,8303543038,8280611893,3.58037E+11,1626107648,187
1114,1319,B,C13230 (Battle),2026-07-03T00:00:00.000Z,2026-08-24T00:00:00.000Z,8301786220,8301786220,78391548334,1520274023,162
1115,2347,B,C13213 (Battle),2026-07-03T00:00:00.000Z,2026-08-24T00:00:00.000Z,8300905723,8294428711,3.11648E+11,1858640583,204
1116,2601,B,,,,8299095455,8298261362,1.11665E+11,1297736531,169
1117,3247,B,,,,8298550115,8298550115,1.54347E+11,1366511947,153
1118,2648,B,,,,8297425758,8297425758,3.55492E+11,1857268210,165
1119,3235,B,,,,8297157881,8297157881,1.64416E+11,1500188565,175
1120,1667,B,,,,8296320811,7745614741,1.06424E+11,1588567622,150
1121,2203,B,,,,8294328927,8284372399,3.17763E+11,1836695844,200
1122,1944,B,,,,8293618906,8278480950,2.57569E+11,2030604473,124
1123,3053,B,,,,8291223445,6629677106,1.15048E+11,1236802232,134
1124,2889,B,,,,8287162681,8287162681,67220736096,1239626890,176
1125,3592,B,,,,8282004195,8282004195,1.58438E+11,1094514976,199
1126,3063,B,,,,8279321483,6593190956,1.91934E+11,1166713212,127
1127,3198,B,,,,8270382236,8270382236,91143893401,1509768101,176
1128,1713,B,,,,8264803768,8264803768,2.02611E+11,1837640401,179
1129,2826,B,,,,8262285641,8262285641,64622477126,1229779635,172
1130,2468,B,,,,8260046958,8260046958,3.03464E+11,1646448509,204
1131,2858,B,C13235 (Battle),2026-07-03T00:00:00.000Z,2026-08-24T00:00:00.000Z,8254049199,8254049199,2.95544E+11,1916825543,225
1132,1411,B,,,,8238377750,8207155489,1.41665E+11,2144665038,138
1133,1230,B,,,,8235467931,8235467931,1.56581E+11,1517562006,181
1134,1729,B,,,,8231658594,8060987109,86218968620,1386450441,156
1135,3289,B,,,,8227482384,8227482384,1.18888E+11,1402757284,192
1136,3596,B,,,,8225607259,8225607259,1.62166E+11,1177275540,223
1137,3179,B,C13227 (Battle),2026-07-03T00:00:00.000Z,2026-08-24T00:00:00.000Z,8222887162,8219281375,3.29254E+11,1801214754,183
1138,2568,B,,,,8221054774,8221054774,2.00267E+11,1637303116,158
1139,2949,B,C13225 (Battle),2026-07-03T00:00:00.000Z,2026-08-24T00:00:00.000Z,8220480166,8220480166,68828223661,1322491352,151
1140,2493,B,,,,8218190167,8218190167,1.25934E+11,1432082689,188
1141,2187,B,,,,8211761470,8211398043,4.41986E+11,1934821064,189
1142,2875,B,C13220 (Battle),2026-07-03T00:00:00.000Z,2026-08-24T00:00:00.000Z,8206745489,8202345320,1.32436E+11,1178018473,185
1143,2857,B,,,,8202971653,8193156988,2.3384E+11,1546074930,203
1144,1806,B,,,,8201777731,8201777731,1.96007E+11,1810979143,163
1145,2969,B,,,,8200154284,8200154284,1.39477E+11,1574036780,165
1146,1927,B,,,,8193368306,8175708870,1.66523E+11,1429499134,163
1147,1597,B,,,,8192282860,8192282860,1.26718E+11,1392736046,136
1148,3470,B,C13242 (Battle),2026-07-03T00:00:00.000Z,2026-08-24T00:00:00.000Z,8188610393,8188610393,52708529007,851361768,177
1149,2566,B,,,,8188133988,8187621511,98673173182,1383293316,176
1150,3764,B,C13219 (Battle),2026-07-03T00:00:00.000Z,2026-08-24T00:00:00.000Z,8186446245,8186446245,60052306950,834443497,213
1151,2892,B,C13229 (Battle),2026-07-03T00:00:00.000Z,2026-08-24T00:00:00.000Z,8186115816,8186115816,1.29216E+11,1480267950,186
1152,2806,B,C13230 (Battle),2026-07-03T00:00:00.000Z,2026-08-24T00:00:00.000Z,8181753300,8181753300,1.38175E+11,1402095242,250
1153,3259,B,C13220 (Battle),2026-07-03T00:00:00.000Z,2026-08-24T00:00:00.000Z,8179446820,8179446820,1.57278E+11,1366637799,205
1154,3431,B,C13243 (Battle),2026-07-03T00:00:00.000Z,2026-08-24T00:00:00.000Z,8178378445,8178378445,85303788415,1036264714,169
1155,2333,B,,,,8175431696,8172447658,1.93896E+11,1565917517,170
1156,3454,B,,,,8174610463,8174610463,2.65677E+11,1627913288,171
1157,3723,B,C13211 (Battle),2026-07-03T00:00:00.000Z,2026-08-24T00:00:00.000Z,8174145704,8174145704,2.33609E+11,1503420078,167
1158,2869,B,,,,8172195493,8172195493,1.73461E+11,1565133120,174
1159,3464,B,,,,8170789636,8170789636,1.65111E+11,1230216556,175
1160,3293,B,,,,8169650991,8166941464,2.2974E+11,1466906415,190
1161,2859,B,,,,8169448821,8167330830,1.97064E+11,1603079363,196
1162,3798,B,,,,8169282778,8169282778,1.41584E+11,929626407,210
1163,1302,B,,,,8168256478,8168256478,3.00648E+11,2203091732,199
1164,2504,B,C13212 (Battle),2026-07-03T00:00:00.000Z,2026-08-24T00:00:00.000Z,8165052489,8165052489,2.44734E+11,1829515532,197
1165,3218,B,,,,8164846960,8164846960,2.42155E+11,1585988500,197
1166,1006,B,C13222 (Battle),2026-07-03T00:00:00.000Z,2026-08-24T00:00:00.000Z,8163431702,8161848401,70555886938,1356906228,145
1167,2823,B,,,,8162264652,8162264652,64262245983,1100816021,163
1168,3187,B,C13236 (Battle),2026-07-03T00:00:00.000Z,2026-08-24T00:00:00.000Z,8158731639,8158028173,1.21409E+11,1406146716,157
1169,1215,B,C13239 (Battle),2026-07-03T00:00:00.000Z,2026-08-24T00:00:00.000Z,8155659320,8155659320,2.39838E+11,1856262295,148
1170,3298,B,,,,8148969073,8148580903,1.80463E+11,1540105752,145
1171,3250,B,,,,8145197654,8145197654,2.48875E+11,1475179999,267
1172,3041,B,,,,8141732154,8138850149,1.30402E+11,1452416335,166
1173,2328,B,,,,8140556623,8140556623,2.31847E+11,1771066825,202
1174,1923,B,,,,8138841245,8095026475,54592204527,817637982,110
1175,1054,B,,,,8130036566,8130036566,1.62282E+11,1659376228,151
1176,2759,B,,,,8129116940,8129116940,81909481221,1254746033,164
1177,2055,B,,,,8126238933,8107209051,4.2001E+11,1954293248,173
1178,3325,B,C13226 (Battle),2026-07-03T00:00:00.000Z,2026-08-24T00:00:00.000Z,8124033985,8124033985,3.31278E+11,2094517421,193
1179,3716,B,,,,8123727346,6983077351,75467053612,765514228,154
1180,1389,B,,,,8115737705,8115737705,1.41513E+11,1729682010,154
1181,2730,B,C13227 (Battle),2026-07-03T00:00:00.000Z,2026-08-24T00:00:00.000Z,8115328833,8115328833,4.44328E+11,2389724974,193
1182,2661,B,,,,8108754470,7569586097,1.72468E+11,1591478303,156
1183,1120,B,,,,8107318690,8098018111,3.43617E+11,2209552783,220
1184,3595,B,,,,8103915325,8103915325,1.03183E+11,1117582726,208
1185,1257,B,,,,8103240000,8103240000,85433107631,1450628619,163
1186,1009,B,,,,8102972930,8102972930,72843601150,1297347413,187
1187,2734,B,C13218 (Battle),2026-07-03T00:00:00.000Z,2026-08-24T00:00:00.000Z,8097126586,8097126586,1.07555E+11,1463204111,172
1188,1280,B,,,,8095746931,8095746931,96290388087,1557296744,158
1189,3377,B,C13247 (Battle),2026-07-03T00:00:00.000Z,2026-08-24T00:00:00.000Z,8093220866,8093220866,92457535982,1396906838,177
1190,3645,B,C13228 (Battle),2026-07-03T00:00:00.000Z,2026-08-24T00:00:00.000Z,8093084454,5975903552,2.4662E+11,1139629491,122
1191,2278,B,,,,8091944335,8091944335,56313667083,1453900059,162
1192,3583,B,,,,8090457783,8088728012,1.44008E+11,1070382133,230
1193,3528,B,,,,8090107923,8090107923,1.22255E+11,1206144563,258
1194,2766,B,,,,8079745483,8079745483,1.86978E+11,1880510627,172
1195,1051,B,,,,8079172093,8079172093,1.21594E+11,1667349109,157
1196,2093,B,C13230 (Battle),2026-07-03T00:00:00.000Z,2026-08-24T00:00:00.000Z,8078882931,8078882931,84569299183,1178530012,139
1197,2023,B,,,,8074540094,8072470897,2.10941E+11,1744173339,172
1198,1788,B,C13246 (Battle),2026-07-03T00:00:00.000Z,2026-08-24T00:00:00.000Z,8073353694,8067771800,1.04671E+11,1629125240,152
1199,1866,B,,,,8064237469,7895802912,1.20804E+11,1548065313,136
1200,3422,B,C13248 (Battle),2026-07-03T00:00:00.000Z,2026-08-24T00:00:00.000Z,8062232858,8059486658,77871456012,1001254991,165
1201,2856,B,,,,8060739121,7319591379,73195088137,1140694645,172
1202,3032,B,,,,8060647529,8060647529,65234273202,1188730907,163
1203,1326,B,C13240 (Battle),2026-07-03T00:00:00.000Z,2026-08-24T00:00:00.000Z,8058813743,8058813743,1.24477E+11,1519212304,163
1204,3262,B,,,,8051488558,8048696654,1.87449E+11,1459770093,202
1205,2757,B,,,,8045196422,8045196422,2.09446E+11,1750889220,198
1206,1728,B,C13221 (Battle),2026-07-03T00:00:00.000Z,2026-08-24T00:00:00.000Z,8044073112,8044073112,92769072006,1314350363,191
1207,1255,B,,,,8041536115,8014377581,2.78272E+11,2041248365,167
1208,3489,B,,,,8041013107,6803865543,1.66315E+11,1241150011,153
1209,1863,B,,,,8036562790,8036562790,3.45565E+11,2012265670,174
1210,3555,B,C13212 (Battle),2026-07-03T00:00:00.000Z,2026-08-24T00:00:00.000Z,8033130284,8030485144,2.62507E+11,1670339660,167
1211,3722,B,,,,8026598648,8026598648,91157626536,881438460,177
1212,2815,B,C13236 (Battle),2026-07-03T00:00:00.000Z,2026-08-24T00:00:00.000Z,8026499621,8026499621,1.0712E+11,1205623262,174
1213,1390,B,,,,8024370530,8024370530,3.55758E+11,2003633264,149
1214,2120,B,C13219 (Battle),2026-07-03T00:00:00.000Z,2026-08-24T00:00:00.000Z,8022717219,8022717219,86619112466,1598489512,165
1215,3580,B,,,,8022413894,8022413894,1.3844E+11,1188651753,223
1216,3926,B,,,,8021986776,8021986776,31199939723,375728586,269
1217,3399,B,,,,8021148067,8007438915,2.8536E+11,1891477884,163
1218,2933,B,,,,8019597797,7285620199,99977537453,1308316500,157
1219,2191,B,,,,8019442467,8019442467,2.24578E+11,1968514715,181
1220,3894,B,C13206 (Battle),2026-06-11T00:00:00.000Z,2026-08-08T00:00:00.000Z,8017852658,8017852658,59998175769,537556278,256
1221,2433,B,,,,8016900022,6378483348,1.29678E+11,1222593774,163
1222,3300,B,,,,8016808966,7981655093,3.76149E+11,1970553860,177
1223,3315,B,C13215 (Battle),2026-07-03T00:00:00.000Z,2026-08-24T00:00:00.000Z,8012927443,8012927443,2.64328E+11,1647524141,188
1224,3096,B,,,,8011859281,8011859281,75900674835,1134617944,186
1225,2981,B,C13212 (Battle),2026-07-03T00:00:00.000Z,2026-08-24T00:00:00.000Z,8008128782,8001022946,3.75946E+11,1794959353,188
1226,2972,B,,,,8005600360,6921154276,1.42053E+11,1226307167,165
1227,1868,B,,,,8004773200,8004773200,71570909509,1008926015,167
1228,2768,B,,,,8004535070,8004535070,3.40145E+11,1961755176,162
1229,3705,B,,,,8002780717,8002780717,75364320483,846795886,251
1230,1961,B,C13244 (Battle),2026-07-03T00:00:00.000Z,2026-08-24T00:00:00.000Z,8001581497,8001581497,1.51543E+11,1581460221,187
1231,1539,B,,,,8000518299,7836324228,3.01957E+11,1898305582,173
1232,3210,B,,,,7999176741,7994074690,2.01646E+11,1283393624,225
1233,3796,B,,,,7994925188,7994925188,44980212426,699846944,225
1234,2091,B,,,,7989368691,7519102101,90611075171,1267416780,129
1235,1518,B,,,,7988343457,7988343457,98281727488,1476865441,143
1236,1345,B,,,,7987390429,7987390429,51664192161,1709130462,184
1237,3549,B,,,,7986132763,7975626937,3.22509E+11,1753135366,149
1238,1434,B,,,,7984041802,7984041802,1.28925E+11,1538453751,150
1239,3606,B,,,,7981656842,7981656842,2.83038E+11,1342223783,218
1240,3068,B,,,,7981122315,7980839334,2.2903E+11,1709112059,173
1241,1719,B,,,,7977234144,7976452586,5.07985E+11,2173473265,208
1242,3186,B,,,,7972959236,7972959236,71698424435,1206726364,166
1243,2421,B,C13219 (Battle),2026-07-03T00:00:00.000Z,2026-08-24T00:00:00.000Z,7971358281,7971358281,1.65794E+11,1505913443,153
1244,3163,B,,,,7970540909,7970540909,87763764763,1356286251,173
1245,3100,B,,,,7966601609,7966601609,2.22983E+11,1779211249,219
1246,1334,B,,,,7966258805,7966258805,1.74619E+11,1728671551,165
1247,1624,B,C13245 (Battle),2026-07-03T00:00:00.000Z,2026-08-24T00:00:00.000Z,7965271278,7965271278,93174402643,1474699028,147
1248,2049,B,C13248 (Battle),2026-07-03T00:00:00.000Z,2026-08-24T00:00:00.000Z,7955801191,7955801191,96831348639,1528524867,176
1249,2736,B,,,,7955710262,7955710262,1.03667E+11,1379126347,147
1250,3477,B,,,,7951058692,7951058692,1.36758E+11,1464856249,206
1251,2094,B,C13232 (Battle),2026-07-03T00:00:00.000Z,2026-08-24T00:00:00.000Z,7950711857,7933761739,3.04981E+11,1941263051,183
1252,2000,B,,,,7950666718,7944790955,1.70171E+11,1706332653,160
1253,2697,B,,,,7948078681,7948078681,1.54315E+11,1459774762,164
1254,2404,B,,,,7947020446,7932124515,1.46187E+11,1490167602,167
1255,2718,B,,,,7946739024,7946739024,1.2683E+11,1347553206,193
1256,3686,B,,,,7946297181,7946297181,1.77928E+11,1434310183,187
1257,1639,B,C13222 (Battle),2026-07-03T00:00:00.000Z,2026-08-24T00:00:00.000Z,7945807499,7945807499,1.42316E+11,1653158480,140
1258,1024,B,,,,7944306295,7346694693,1.17088E+11,1281331479,131
1259,2830,B,,,,7943386905,6909671451,1.45286E+11,1355583220,159
1260,2402,B,C13242 (Battle),2026-07-03T00:00:00.000Z,2026-08-24T00:00:00.000Z,7938321020,7938321020,1.41632E+11,1644602672,173
1261,1812,B,,,,7935200523,7921936547,1.43823E+11,1465048035,151
1262,1023,B,C13228 (Battle),2026-07-03T00:00:00.000Z,2026-08-24T00:00:00.000Z,7931073402,6642054054,1.56709E+11,1323016651,162
1263,3071,B,C13227 (Battle),2026-07-03T00:00:00.000Z,2026-08-24T00:00:00.000Z,7927995802,7927995802,2.0721E+11,1870113197,207
1264,1825,B,,,,7921721283,7921721283,1.31987E+11,1684267557,132
1265,3891,B,C13206 (Battle),2026-06-11T00:00:00.000Z,2026-08-08T00:00:00.000Z,7915669512,7915669512,72593633165,742714278,210
1266,2486,B,,,,7914738894,7914738894,1.27754E+11,1262508598,145
1267,2808,B,C13215 (Battle),2026-07-03T00:00:00.000Z,2026-08-24T00:00:00.000Z,7913786997,7913786997,1.75082E+11,1476503950,180
1268,2123,B,,,,7913414971,7901503148,3.37046E+11,1635835929,208
1269,1635,B,,,,7904815502,7904636133,1.59929E+11,1762082327,152
1270,3664,B,,,,7902877369,7902877369,1.42892E+11,975629075,170
1271,3601,B,,,,7902294493,7902294493,1.36565E+11,1171475508,171
1272,3088,B,,,,7898587478,7898587478,3.06179E+11,1724779299,179
1273,2977,B,,,,7896159701,7890709624,2.57523E+11,1592585467,171
1274,3915,B,,,,7894136456,7870837456,68335282594,483454239,218
1275,2597,B,,,,7893019840,7882238410,47381836958,1095918069,170
1276,3546,B,,,,7889044031,7889044031,1.87488E+11,1331990469,156
1277,2696,B,,,,7887200615,7887200615,1.76433E+11,1355901400,198
1278,1288,B,C13224 (Battle),2026-07-03T00:00:00.000Z,2026-08-24T00:00:00.000Z,7885472483,7885472483,94059445147,1625665117,149
1279,3440,B,C13219 (Battle),2026-07-03T00:00:00.000Z,2026-08-24T00:00:00.000Z,7879865371,7879865371,1.35552E+11,1036761685,179
1280,3774,B,,,,7876741764,7876741764,1.03265E+11,671145680,235
1281,3363,B,C13243 (Battle),2026-07-03T00:00:00.000Z,2026-08-24T00:00:00.000Z,7872362091,7872362091,97483251723,1279700314,175
1282,2962,B,C13221 (Battle),2026-07-03T00:00:00.000Z,2026-08-24T00:00:00.000Z,7871206452,7871206452,1.06088E+11,1401307793,163
1283,2924,B,,,,7869897157,7864996069,2.55443E+11,1882844618,130
1284,3693,B,C13248 (Battle),2026-07-03T00:00:00.000Z,2026-08-24T00:00:00.000Z,7868477090,7867324668,74530008284,836970133,189
1285,3483,B,,,,7859874387,7859284891,2.82548E+11,1726587155,192
1286,2545,B,,,,7859051172,7859051172,3.3504E+11,1897091469,145
1287,3110,B,C13241 (Battle),2026-07-03T00:00:00.000Z,2026-08-24T00:00:00.000Z,7857535186,7857535186,79254107068,1139821618,182
1288,3896,B,C13207 (Battle),2026-06-11T00:00:00.000Z,2026-08-08T00:00:00.000Z,7857026842,7857026842,44391986258,454154416,271
1289,2414,B,C13242 (Battle),2026-07-03T00:00:00.000Z,2026-08-24T00:00:00.000Z,7856600731,7856600731,1.63695E+11,1512933601,182
1290,3692,B,,,,7851285180,7851285180,1.76976E+11,1108976659,205
1291,1898,B,C13217 (Battle),2026-07-03T00:00:00.000Z,2026-08-24T00:00:00.000Z,7850155844,7850155844,1.24744E+11,1334390708,163
1292,3603,B,,,,7849121154,7849121154,1.09895E+11,1106293200,186
1293,1181,B,C13232 (Battle),2026-07-03T00:00:00.000Z,2026-08-24T00:00:00.000Z,7846744866,7846744866,2.48743E+11,1845863421,200
1294,2084,B,C13240 (Battle),2026-07-03T00:00:00.000Z,2026-08-24T00:00:00.000Z,7846493897,7846493897,1.65239E+11,1413496565,155
1295,2363,B,,,,7842185661,7813203645,1.69073E+11,1686965183,180
1296,1283,B,,,,7841835762,7840565240,1.52586E+11,1540403025,155
1297,1238,B,C13235 (Battle),2026-07-03T00:00:00.000Z,2026-08-24T00:00:00.000Z,7839295776,7839293671,2.47667E+11,1519341783,159
1298,3401,B,C13214 (Battle),2026-07-03T00:00:00.000Z,2026-08-24T00:00:00.000Z,7838248777,7823164411,4.13655E+11,1944178926,188
1299,1952,B,,,,7837495546,7180769209,67936538252,1227308459,158
1300,1945,B,,,,7837146231,7837146231,2.35921E+11,1937965849,173
1301,2311,B,,,,7835480773,7831493450,68715757620,1091946700,119
1302,3112,B,,,,7834971923,7818029889,2.28248E+11,1426672264,183
1303,2520,B,,,,7833079505,7828636681,81848824768,1146455199,166
1304,3167,B,,,,7831552971,6328765998,1.9958E+11,1549229163,121
1305,2555,B,,,,7822613969,7822613969,1.91079E+11,1528779475,153
1306,2795,B,,,,7821176449,7821176449,1.75351E+11,1324233315,190
1307,1450,B,,,,7820228942,7820228942,65154219347,1415985992,153
1308,2312,B,C13247 (Battle),2026-07-03T00:00:00.000Z,2026-08-24T00:00:00.000Z,7819897997,7819897997,82350017348,1335450096,162
1309,1231,B,,,,7808671739,7808671739,98435433518,1526195086,146
1310,2202,B,,,,7807624352,7804560043,97783823904,1175352752,116
1311,2374,B,,,,7806106335,7806106335,1.50868E+11,1286027010,193
1312,3602,B,C13229 (Battle),2026-07-03T00:00:00.000Z,2026-08-24T00:00:00.000Z,7805315217,7805315217,51212565430,802228354,180
1313,2978,B,,,,7801689852,7801689852,2.39456E+11,1607399749,191
1314,1270,B,,,,7794049359,7794049359,2.07145E+11,2145589859,176
1315,3787,B,,,,7793664634,7791956892,1.98791E+11,1217279334,252
1316,3919,B,,,,7789575040,7789575040,45103562194,427165832,247
1317,2434,B,,,,7789572873,7756819210,1.64497E+11,1430033692,138
1318,1214,B,,,,7788390666,7769753892,2.81433E+11,1713826490,156
1319,3802,B,C13239 (Battle),2026-07-03T00:00:00.000Z,2026-08-24T00:00:00.000Z,7787632851,7787632851,85490924610,900780699,194
1320,1524,B,,,,7785255248,7779516465,2.11738E+11,1680168677,136
1321,2423,B,,,,7782708870,7782708870,1.41563E+11,1426804522,158
1322,3706,B,,,,7780934001,7780934001,1.13748E+11,979860195,221
1323,2482,B,C13214 (Battle),2026-07-03T00:00:00.000Z,2026-08-24T00:00:00.000Z,7780728579,7780728579,2.65382E+11,1733140564,152
1324,2887,B,,,,7779837420,6903909383,3.03548E+11,1524789204,190
1325,1789,B,,,,7774039153,7774039153,98027018952,1458357991,133
1326,3301,B,,,,7772867799,7772867799,1.75078E+11,1281778926,173
1327,1748,B,,,,7771418464,7771418464,2.70832E+11,1787814478,152
1328,1038,B,C13230 (Battle),2026-07-03T00:00:00.000Z,2026-08-24T00:00:00.000Z,7767687259,7767687259,73789677852,1218716841,139
1329,3658,B,,,,7763533555,7763533555,1.91083E+11,1323013685,170
1330,1290,B,,,,7762618998,7762618998,1.06012E+11,1521660106,161
1331,2427,B,,,,7761653540,7761653540,1.07745E+11,1344779260,162
1332,1563,B,C13242 (Battle),2026-07-03T00:00:00.000Z,2026-08-24T00:00:00.000Z,7755393776,7755393776,1.38735E+11,1561644371,163
1333,2896,B,,,,7753237641,7753237641,2.41448E+11,1755341420,145
1334,2119,B,,,,7749987850,7160923771,1.84205E+11,1739176339,163
1335,2443,B,,,,7746786956,7292987354,74850523071,1196006241,128
1336,3358,B,,,,7745321554,7745321554,72662658170,1066502747,164
1337,1154,B,,,,7745245806,7745245806,1.92066E+11,1686308529,156
1338,1811,B,,,,7745097922,5162829294,1.03589E+11,903621888,124
1339,1527,B,C13248 (Battle),2026-07-03T00:00:00.000Z,2026-08-24T00:00:00.000Z,7740083098,7605446560,94582134680,1365238004,134
1340,2686,B,,,,7739019270,7739019270,81499303589,1209148691,183
1341,1295,B,,,,7738388639,7738388639,74663461349,1088668839,166
1342,1703,B,,,,7728104976,7728104976,4.05856E+11,1932373819,165
1343,1112,B,,,,7721268285,7509515342,1.44392E+11,1247226024,119
1344,1252,B,C13219 (Battle),2026-07-03T00:00:00.000Z,2026-08-24T00:00:00.000Z,7719586387,7719586387,99248168464,1639114717,146
1345,1874,B,C13230 (Battle),2026-07-03T00:00:00.000Z,2026-08-24T00:00:00.000Z,7717207687,7717207687,1.3637E+11,1638459107,166
1346,3916,B,,,,7714061713,7714061713,53316172539,448072438,228
1347,2063,B,,,,7713708722,6353591585,2.22158E+11,1602939097,131
1348,3880,B,C13207 (Battle),2026-06-11T00:00:00.000Z,2026-08-08T00:00:00.000Z,7708352053,7708352053,53007107566,536020861,226
1349,3778,B,,,,7708086152,7708086152,91123614822,800290266,179
1350,2231,B,,,,7706810948,7703777064,75725513467,1073674052,128
1351,3249,B,,,,7701832636,7701832636,2.64044E+11,1443839336,158
1352,1074,B,,,,7701645647,7685366753,50356852977,1059775999,129
1353,1490,B,C13213 (Battle),2026-07-03T00:00:00.000Z,2026-08-24T00:00:00.000Z,7701047247,7670431763,2.89962E+11,2227676055,156
1354,2069,B,,,,7698611499,7698001588,1.34997E+11,1304947318,157
1355,2425,B,C13217 (Battle),2026-07-03T00:00:00.000Z,2026-08-24T00:00:00.000Z,7692411655,7681354870,2.57048E+11,1788288373,229
1356,3784,B,,,,7689888886,7689888886,49754607706,689804929,195
1357,2172,B,,,,7689840954,7689840954,1.51196E+11,1552485760,206
1358,2802,B,,,,7685960443,7664083297,1.70849E+11,1256805721,186
1359,3488,B,C13211 (Battle),2026-07-03T00:00:00.000Z,2026-08-24T00:00:00.000Z,7682946523,7682946523,2.0391E+11,1191704525,173
1360,1581,B,C13216 (Battle),2026-07-03T00:00:00.000Z,2026-08-24T00:00:00.000Z,7674248563,7674248563,1.04472E+11,1529144192,136
1361,1973,B,,,,7673570546,7673570546,1.05655E+11,1359299736,189
1362,3901,B,,,,7671780817,7671780817,60278627235,415752964,182
1363,2996,B,,,,7671454621,7656742153,3.49877E+11,1598252346,192
1364,3154,B,C13227 (Battle),2026-07-03T00:00:00.000Z,2026-08-24T00:00:00.000Z,7669541112,7669541112,3.01679E+11,1774704080,207
1365,2936,B,,,,7669537942,7669537942,1.65179E+11,1348592525,141
1366,1311,B,C13228 (Battle),2026-07-03T00:00:00.000Z,2026-08-24T00:00:00.000Z,7668744211,7118262750,1.20154E+11,1399828676,135
1367,3622,B,,,,7667199174,7667199174,1.71733E+11,1344598808,189
1368,3266,B,,,,7664576403,7664576403,99508095643,1255839064,156
1369,2463,B,,,,7651974203,7022849553,2.50802E+11,1602655621,162
1370,1291,B,C13228 (Battle),2026-07-03T00:00:00.000Z,2026-08-24T00:00:00.000Z,7651308876,6977661189,1.36607E+11,1447296879,146
1371,2794,B,,,,7649991937,7649991937,1.44449E+11,1281630166,144
1372,2182,B,C13219 (Battle),2026-07-03T00:00:00.000Z,2026-08-24T00:00:00.000Z,7649646011,7649646011,1.02229E+11,1608357464,138
1373,3351,B,,,,7648785857,6554495737,1.36356E+11,1074976093,181
1374,3794,B,,,,7647861883,7647861883,1.09733E+11,893800957,178
1375,2987,B,C13211 (Battle),2026-07-03T00:00:00.000Z,2026-08-24T00:00:00.000Z,7646760880,7646199502,2.11464E+11,1577648375,136
1376,3495,B,,,,7646412571,7646412571,1.4152E+11,1176436921,193
1377,3012,B,,,,7643729544,7643729544,2.0453E+11,1565936142,180
1378,2582,B,C13229 (Battle),2026-07-03T00:00:00.000Z,2026-08-24T00:00:00.000Z,7637556902,7637225031,1.40426E+11,1290623847,189
1379,1274,B,,,,7631024947,7617355968,1.46075E+11,1205458377,120
1380,3709,B,C13211 (Battle),2026-07-03T00:00:00.000Z,2026-08-24T00:00:00.000Z,7624806709,7623317792,3.38556E+11,1543790868,172
1381,2127,B,C13248 (Battle),2026-07-03T00:00:00.000Z,2026-08-24T00:00:00.000Z,7623800751,6609672178,1.1645E+11,1392126513,150
1382,3429,B,C13213 (Battle),2026-07-03T00:00:00.000Z,2026-08-24T00:00:00.000Z,7623144470,7623144470,2.86474E+11,1768029120,152
1383,1360,B,,,,7620215418,7620149177,1.70199E+11,1826890953,146
1384,2294,B,C13212 (Battle),2026-07-03T00:00:00.000Z,2026-08-24T00:00:00.000Z,7612079053,7612079053,2.1956E+11,1663913146,151
1385,3505,B,,,,7609671481,7598439140,4.75763E+11,1867521779,127
1386,2037,B,,,,7609496852,6954945161,91401991701,1086921156,131
1387,1180,B,C13242 (Battle),2026-07-03T00:00:00.000Z,2026-08-24T00:00:00.000Z,7607359281,7607359281,47625282647,1062944025,158
1388,1470,B,C13216 (Battle),2026-07-03T00:00:00.000Z,2026-08-24T00:00:00.000Z,7605970573,7605569967,1.19723E+11,1449021909,150
1389,2818,B,,,,7600668255,7600668255,3.3561E+11,1693099141,177
1390,2775,B,C13221 (Battle),2026-07-03T00:00:00.000Z,2026-08-24T00:00:00.000Z,7600558793,7600128724,63935120473,912525310,177
1391,2927,B,,,,7600240256,7600240256,2.84082E+11,1903635423,141
1392,1485,B,C13219 (Battle),2026-07-03T00:00:00.000Z,2026-08-24T00:00:00.000Z,7594470248,7594470248,80065397547,1312645779,158
1393,3404,B,,,,7593700974,7593028137,2.96778E+11,1621540838,210
1394,3897,B,,,,7593274048,7593274048,74758986873,475539339,207
1395,1173,B,,,,7592993154,7310094149,68877975822,1265720939,130
1396,2828,B,,,,7591724812,7554517173,1.73173E+11,1269543172,151
1397,3823,B,C13216 (Battle),2026-07-03T00:00:00.000Z,2026-08-24T00:00:00.000Z,7588227304,7588227304,60528477137,718129336,198
1398,3529,B,C13238 (Battle),2026-07-03T00:00:00.000Z,2026-08-24T00:00:00.000Z,7585722312,7585722312,1.29809E+11,1101620169,191
1399,2966,B,C13212 (Battle),2026-07-03T00:00:00.000Z,2026-08-24T00:00:00.000Z,7582991768,7579185566,2.21818E+11,1496049010,134
1400,1663,B,,,,7579742115,7579742115,2.58793E+11,1637019319,153
1401,3095,B,C13229 (Battle),2026-07-03T00:00:00.000Z,2026-08-24T00:00:00.000Z,7579496657,7579496657,1.16102E+11,1229145586,179
1402,2831,B,C13214 (Battle),2026-07-03T00:00:00.000Z,2026-08-24T00:00:00.000Z,7579036682,7579036682,2.16693E+11,1465019596,164
1403,3532,B,,,,7571013895,7571013895,1.6606E+11,1382244284,172
1404,3252,B,,,,7569592360,6598874342,58155644638,1056517653,149
1405,3766,B,C13237 (Battle),2026-07-03T00:00:00.000Z,2026-08-24T00:00:00.000Z,7568303285,5761038574,1.14445E+11,762167679,155
1406,1999,B,,,,7559531103,7559531103,1.62713E+11,1490020652,240
1407,3019,B,C13211 (Battle),2026-07-03T00:00:00.000Z,2026-08-24T00:00:00.000Z,7551553160,7547084888,3.02323E+11,1866703152,162
1408,2994,B,,,,7551427741,7551427741,1.66418E+11,1299315933,138
1409,3734,B,,,,7549637599,7549637599,1.04767E+11,1242075573,189
1410,1308,B,,,,7548417733,7532440979,94921458414,1171285976,114
1411,3667,B,C13214 (Battle),2026-07-03T00:00:00.000Z,2026-08-24T00:00:00.000Z,7548059783,7548059783,1.79534E+11,1197023589,150
1412,1670,B,C13243 (Battle),2026-07-03T00:00:00.000Z,2026-08-24T00:00:00.000Z,7546463454,7534699313,95956112249,1256101313,151
1413,3192,B,,,,7544902584,7544902584,1.385E+11,1232585792,178
1414,2445,B,,,,7541321890,7541321890,1.0951E+11,1448652267,170
1415,1980,B,,,,7538014181,7538014181,1.00085E+11,1503627103,162
1416,3917,B,,,,7538007904,7538007904,35244007687,367514397,215
1417,3866,B,C13206 (Battle),2026-06-11T00:00:00.000Z,2026-08-08T00:00:00.000Z,7533803816,7533803816,51381494422,527016237,213
1418,3883,B,C13207 (Battle),2026-06-11T00:00:00.000Z,2026-08-08T00:00:00.000Z,7533047739,7533047739,79921077394,507032943,203
1419,1386,B,,,,7530258230,7528279655,2.25205E+11,1555528476,149
1420,1329,B,,,,7525295969,7525295969,80872132312,1473395402,126
1421,2801,B,C13217 (Battle),2026-07-03T00:00:00.000Z,2026-08-24T00:00:00.000Z,7523226218,7521048298,1.10741E+11,1244659684,140
1422,2971,B,,,,7518512106,7518512106,1.3368E+11,1209121119,190
1423,3809,B,C13211 (Battle),2026-07-03T00:00:00.000Z,2026-08-24T00:00:00.000Z,7512405402,7512405402,1.0579E+11,823922207,185
1424,3373,B,,,,7509418864,7509418864,61164263309,719990048,157
1425,2938,B,,,,7504016695,7496744152,1.35379E+11,1392872096,150
1426,1894,B,C13215 (Battle),2026-07-03T00:00:00.000Z,2026-08-24T00:00:00.000Z,7503881935,7441035117,2.37294E+11,1575342775,162
1427,1621,B,,,,7502453692,7500475973,1.36735E+11,1352682565,132
1428,1455,B,C13221 (Battle),2026-07-03T00:00:00.000Z,2026-08-24T00:00:00.000Z,7501658337,7497711545,65622004799,1066551923,147
1429,3799,B,,,,7500712212,7500712212,1.2096E+11,960079081,202
1430,2303,B,C13228 (Battle),2026-07-03T00:00:00.000Z,2026-08-24T00:00:00.000Z,7499039506,5389525645,1.21631E+11,1084449516,107
1431,2251,B,,,,7498888161,7498888161,89621556171,1213050776,141
1432,3870,B,C13206 (Battle),2026-06-11T00:00:00.000Z,2026-08-08T00:00:00.000Z,7493465846,7493465846,57299355440,506307726,211
1433,2099,B,,,,7493300872,7485394627,75243809161,1105960634,123
1434,1724,B,,,,7490356241,7490356241,64787464019,1102134821,135
1435,1498,B,,,,7479782778,7479782778,1.94489E+11,1669489904,131
1436,2532,B,C13229 (Battle),2026-07-03T00:00:00.000Z,2026-08-24T00:00:00.000Z,7473915802,7473915802,1.55479E+11,1566288553,170
1437,2156,B,,,,7471399034,7471399034,1.41851E+11,1342694159,162
1438,3205,B,,,,7469164016,7468727808,84561494843,1348236593,156
1439,1059,B,,,,7468746447,7379518467,1.36003E+11,1489491992,120
1440,3732,B,,,,7463468332,7444050291,1.19456E+11,1064132411,172
1441,2531,B,,,,7460650701,6778364411,74717317270,1182449844,140
1442,2451,B,,,,7460613711,7460613711,1.49041E+11,1466653935,152
1443,3531,B,,,,7458528563,7458528563,2.6256E+11,1679063365,152
1444,2646,B,C13229 (Battle),2026-07-03T00:00:00.000Z,2026-08-24T00:00:00.000Z,7455993615,7455993615,72417802552,1142467947,160
1445,2417,B,C13216 (Battle),2026-07-03T00:00:00.000Z,2026-08-24T00:00:00.000Z,7455206651,7455206651,1.36539E+11,1369766468,187
1446,1159,B,,,,7451553956,6914871555,1.8868E+11,1597697394,135
1447,3427,B,C13214 (Battle),2026-07-03T00:00:00.000Z,2026-08-24T00:00:00.000Z,7450724327,7450724327,2.38669E+11,1396998860,154
1448,3760,B,,,,7444664930,7444664930,1.52452E+11,1115340937,192
1449,1008,B,C13245 (Battle),2026-07-03T00:00:00.000Z,2026-08-24T00:00:00.000Z,7443347796,7441722207,1.1632E+11,1542494838,149
1450,2847,B,,,,7437804459,7434118400,2.08524E+11,1413517990,159
1451,3503,B,,,,7436243833,7436243833,1.03617E+11,1187189069,160
1452,1521,B,,,,7432375670,7179212808,69740786739,1094229385,145
1453,3451,B,,,,7431904203,7431904203,4.04551E+11,1731103910,172
1454,3034,B,,,,7430239027,7429977283,1.13686E+11,1119418406,186
1455,3304,B,C13225 (Battle),2026-07-03T00:00:00.000Z,2026-08-24T00:00:00.000Z,7429316861,7429316861,1.27983E+11,960074124,144
1456,2285,B,,,,7428265599,7428265599,88999326724,1178632201,158
1457,1834,B,,,,7427323464,7427323464,1.2494E+11,1739932851,144
1458,1783,B,,,,7425487566,7425487566,86807133451,1383295824,138
1459,3113,B,,,,7425038528,7422050522,2.10357E+11,1304775123,148
1460,3541,B,C13216 (Battle),2026-07-03T00:00:00.000Z,2026-08-24T00:00:00.000Z,7424832262,7424832262,1.31174E+11,1106578417,180
1461,2665,B,,,,7420578808,7420578808,2.00066E+11,1609852282,134
1462,3682,B,C13227 (Battle),2026-07-03T00:00:00.000Z,2026-08-24T00:00:00.000Z,7413137876,7412762960,2.43402E+11,1216299941,210
1463,1511,B,,,,7411700998,7411700998,65724711981,1194667665,152
1464,3858,B,,,,7407414282,7407414282,83464638126,717797321,187
1465,2210,C,C13219 (Battle),2026-07-03T00:00:00.000Z,2026-08-24T00:00:00.000Z,7404586663,7404586663,88114427291,1405378654,143
1466,1305,C,C13232 (Battle),2026-07-03T00:00:00.000Z,2026-08-24T00:00:00.000Z,7404247391,7403591469,1.75101E+11,1559111827,134
1467,2589,C,,,,7401670690,7393772932,1.49969E+11,1322682214,189
1468,2591,C,,,,7396357383,7396357383,1.00532E+11,1223196619,179
1469,1244,C,,,,7393338274,7364870968,30110350383,972558372,128
1470,1253,C,C13245 (Battle),2026-07-03T00:00:00.000Z,2026-08-24T00:00:00.000Z,7392701166,7392701166,1.34903E+11,1549242636,167
1471,3605,C,,,,7392568196,7392568196,2.00798E+11,1389728176,200
1472,3080,C,,,,7389330149,7389330149,1.37897E+11,1019214432,175
1473,3627,C,,,,7385624508,7385428813,2.22446E+11,1307799100,152
1474,3234,C,,,,7385499560,7384671480,1.96478E+11,1390314950,161
1475,1892,C,C13222 (Battle),2026-07-03T00:00:00.000Z,2026-08-24T00:00:00.000Z,7384489240,7383665131,3.14949E+11,1747198700,135
1476,1121,C,C13229 (Battle),2026-07-03T00:00:00.000Z,2026-08-24T00:00:00.000Z,7380948082,7380948082,1.35097E+11,1283422262,129
1477,1721,C,,,,7376344272,7335189537,3.23343E+11,1879379249,122
1478,3385,C,,,,7376042212,6113321005,1.06138E+11,1013381932,160
1479,3900,C,,,,7376029113,7376029113,1.12584E+11,496715194,171
1480,1065,C,,,,7371450555,7363635058,1.2504E+11,1549705542,127
1481,1467,C,,,,7358664014,7091413841,2.56732E+11,1922518522,127
1482,3049,C,C13221 (Battle),2026-07-03T00:00:00.000Z,2026-08-24T00:00:00.000Z,7358163908,7358163908,1.24647E+11,1426269466,166
1483,3170,C,,,,7353993527,7350273558,1.28457E+11,1463745306,169
1484,2283,C,,,,7348712455,7338656383,1.92279E+11,1391772611,184
1485,2441,C,,,,7345699543,7310888775,3.07726E+11,1602412633,188
1486,2561,C,,,,7345159058,7345159058,1.46061E+11,1293987589,146
1487,1922,C,C13236 (Battle),2026-07-03T00:00:00.000Z,2026-08-24T00:00:00.000Z,7344109116,7344109116,2.11777E+11,1518237048,130
1488,3267,C,,,,7342117273,7342117273,1.69619E+11,1299455036,167
1489,3474,C,,,,7341611397,7334711750,1.89271E+11,1284802964,143
1490,2541,C,,,,7339799188,7339799188,1.03301E+11,1422384952,129
1491,2365,C,C13220 (Battle),2026-07-03T00:00:00.000Z,2026-08-24T00:00:00.000Z,7338842888,7338842888,97943575711,1363433195,150
1492,3471,C,,,,7337698219,7333094328,2.17672E+11,1389695942,152
1493,3871,C,C13207 (Battle),2026-06-11T00:00:00.000Z,2026-08-08T00:00:00.000Z,7327361960,7327361960,33189007767,448192523,230
1494,3227,C,,,,7325807691,7324467621,2.30291E+11,1595026047,173
1495,2028,C,C13242 (Battle),2026-07-03T00:00:00.000Z,2026-08-24T00:00:00.000Z,7324912248,7324912248,95973125009,1399922340,134
1496,3701,C,C13213 (Battle),2026-07-03T00:00:00.000Z,2026-08-24T00:00:00.000Z,7317781440,7317781440,1.06293E+11,1100297706,158
1497,3906,C,,,,7314060745,7314060745,48032980535,484002069,214
1498,1883,C,,,,7313379157,7313379157,1.59474E+11,1505882526,129
1499,2695,C,C13227 (Battle),2026-07-03T00:00:00.000Z,2026-08-24T00:00:00.000Z,7307525565,7302851919,2.53942E+11,1729377112,187
1500,3714,C,,,,7302573774,7302573774,1.58167E+11,1068093704,169
1501,1452,C,C13212 (Battle),2026-07-03T00:00:00.000Z,2026-08-24T00:00:00.000Z,7294364514,7292133402,3.10068E+11,1410586130,154
1502,1700,C,,,,7291466772,7291466772,76186812756,1312810999,143
1503,1369,C,C13239 (Battle),2026-07-03T00:00:00.000Z,2026-08-24T00:00:00.000Z,7285513932,7285513932,1.62824E+11,1453052165,137
1504,2137,C,,,,7284022804,7284022804,1.1696E+11,1342693610,153
1505,1423,C,,,,7283502784,7283502784,1.76985E+11,1255767059,166
1506,3046,C,,,,7282062279,7282062279,2.48025E+11,1466418911,149
1507,1358,C,,,,7277077421,7277077421,92633990527,1321800932,137
1508,1422,C,,,,7276698420,6670845283,1.05434E+11,1246111102,107
1509,2526,C,,,,7276297996,5914406496,2.01147E+11,1392633345,158
1510,2752,C,C13219 (Battle),2026-07-03T00:00:00.000Z,2026-08-24T00:00:00.000Z,7272072585,7269093586,1.34935E+11,1484639012,202
1511,1849,C,,,,7271753938,7271753938,1.61843E+11,1567709706,151
1512,3222,C,,,,7268889058,7268889058,1.85419E+11,1293169651,179
1513,1590,C,,,,7266809219,7266809219,83368703381,1196395287,147
1514,1913,C,,,,7264516949,7264516949,88331610913,1345892308,136
1515,1659,C,,,,7256304730,7241267470,2.38196E+11,1622554094,142
1516,2224,C,C13229 (Battle),2026-07-03T00:00:00.000Z,2026-08-24T00:00:00.000Z,7255752929,7255752929,1.15727E+11,1322223054,138
1517,3098,C,C13229 (Battle),2026-07-03T00:00:00.000Z,2026-08-24T00:00:00.000Z,7254026625,7254026625,1.25423E+11,1354341703,195
1518,1705,C,C13220 (Battle),2026-07-03T00:00:00.000Z,2026-08-24T00:00:00.000Z,7253174897,7253174897,1.30501E+11,1471365700,127
1519,3527,C,,,,7252363614,7252363614,3.24533E+11,1657632868,144
1520,3118,C,,,,7247530404,7247530404,1.54147E+11,1324112254,187
1521,1726,C,,,,7244019660,7244019660,88293982848,1162685956,134
1522,2836,C,C13222 (Battle),2026-07-03T00:00:00.000Z,2026-08-24T00:00:00.000Z,7243573341,7242503443,83994487244,1035494209,160
1523,3398,C,C13213 (Battle),2026-07-03T00:00:00.000Z,2026-08-24T00:00:00.000Z,7239495323,7239495323,1.99067E+11,1457418027,131
1524,1124,C,C13247 (Battle),2026-07-03T00:00:00.000Z,2026-08-24T00:00:00.000Z,7232018535,7232018535,1.34883E+11,1360216397,168
1525,3424,C,,,,7231161460,7231161460,81535487997,1078482682,177
1526,3621,C,,,,7230963416,7227990145,2.16448E+11,1400658525,158
1527,1926,C,,,,7230961753,7216142861,2.1138E+11,1649847395,172
1528,1098,C,,,,7230954320,7230954320,1.41389E+11,1850990627,122
1529,2825,C,,,,7230911630,7228861132,59259275305,1098385407,144
1530,2915,C,,,,7230026261,7230026261,1.28695E+11,1293320209,199
1531,3287,C,,,,7222142459,7221966693,87382747063,850911309,174
1532,1300,C,,,,7220929576,7220929576,1.65408E+11,1481583312,134
1533,3669,C,,,,7220052352,7220052352,1.21852E+11,907991458,177
1534,2952,C,C13241 (Battle),2026-07-03T00:00:00.000Z,2026-08-24T00:00:00.000Z,7218938901,7216802795,1.70383E+11,1699574749,142
1535,2235,C,C13236 (Battle),2026-07-03T00:00:00.000Z,2026-08-24T00:00:00.000Z,7216606501,7216606501,1.52575E+11,1527988984,152
1536,1025,C,,,,7212549727,7212549727,1.66286E+11,1590776898,150
1537,2584,C,,,,7210686475,7210686475,60745134919,1219576090,145
1538,3341,C,,,,7209924059,7209924059,1.17803E+11,1195361319,156
1539,2436,C,C13216 (Battle),2026-07-03T00:00:00.000Z,2026-08-24T00:00:00.000Z,7207749611,7207749611,1.28862E+11,1482340334,140
1540,1776,C,,,,7205700950,7205700950,1.53902E+11,1613578528,125
1541,2250,C,C13216 (Battle),2026-07-03T00:00:00.000Z,2026-08-24T00:00:00.000Z,7205599043,7205599043,88468110855,1188872581,161
1542,1198,C,,,,7201274558,7198991757,1.15528E+11,1209786186,156
1543,1101,C,,,,7200577340,7200577340,94514671742,1263681950,115
1544,3708,C,,,,7200454744,7200454744,79989633540,841383807,146
1545,3665,C,,,,7200010781,7200010781,77590899152,884696129,180
1546,3302,C,C13214 (Battle),2026-07-03T00:00:00.000Z,2026-08-24T00:00:00.000Z,7199701201,7199701201,1.03402E+11,1142943120,158
1547,3028,C,,,,7194438981,7194438981,1.80727E+11,1336149055,138
1548,1790,C,,,,7188271673,7188271673,1.02126E+11,1192899537,131
1549,2660,C,,,,7187740212,5727920000,93819867051,1095720953,119
1550,3282,C,C13215 (Battle),2026-07-03T00:00:00.000Z,2026-08-24T00:00:00.000Z,7182886525,7182247395,2.02316E+11,1513812239,158
1551,1043,C,,,,7177728082,7174037227,1.26749E+11,1268433605,137
1552,2204,C,C13223 (Battle),2026-07-03T00:00:00.000Z,2026-08-24T00:00:00.000Z,7169147284,7163994166,46335491469,1172945779,126
1553,3450,C,,,,7163660793,7163660793,1.60012E+11,1102896977,157
1554,3105,C,,,,7163112533,7163112533,1.41689E+11,1433294941,151
1555,1053,C,,,,7156587386,7156587386,2.15772E+11,1823440125,140
1556,2569,C,,,,7156274113,7144412391,2.38223E+11,1400654169,134
1557,1678,C,,,,7152695762,7152695762,1.0709E+11,1309328581,133
1558,3654,C,C13230 (Battle),2026-07-03T00:00:00.000Z,2026-08-24T00:00:00.000Z,7152604314,7148611721,54637155338,958089531,196
1559,1249,C,,,,7151885624,7151885624,92933335951,1289236232,139
1560,1157,C,C13230 (Battle),2026-07-03T00:00:00.000Z,2026-08-24T00:00:00.000Z,7151468121,7151468121,66805800980,1079909592,123
1561,3291,C,C13239 (Battle),2026-07-03T00:00:00.000Z,2026-08-24T00:00:00.000Z,7150068012,7150068012,1.37994E+11,1265913118,161
1562,3360,C,,,,7149422264,7149422264,2.03122E+11,1362146487,135
1563,3362,C,,,,7147256566,7141006848,1.29293E+11,1355473798,154
1564,1732,C,,,,7143564326,6723751438,51040609654,936845663,149
1565,1266,C,,,,7139802530,7139802530,2.12764E+11,1891327656,104
1566,1042,C,,,,7139363333,7139363333,1.09068E+11,1478539895,131
1567,1995,C,,,,7136049147,7136049147,1.6034E+11,1454814693,122
1568,1916,C,,,,7134842507,7134842507,90050506483,1293712007,163
1569,3721,C,,,,7134150456,7134150456,84098336200,840838490,165
1570,1771,C,C13223 (Battle),2026-07-03T00:00:00.000Z,2026-08-24T00:00:00.000Z,7133815594,7133815594,51506480227,1007431548,152
1571,1575,C,,,,7132746160,7132746160,97438513589,1187797610,140
1572,1950,C,C13241 (Battle),2026-07-03T00:00:00.000Z,2026-08-24T00:00:00.000Z,7132503677,7132503677,1.67821E+11,1573568253,153
1573,1584,C,,,,7130400559,7130400559,1.39189E+11,1368996871,127
1574,1813,C,,,,7129928148,7129928148,1.00811E+11,1334350724,154
1575,3253,C,C13215 (Battle),2026-07-03T00:00:00.000Z,2026-08-24T00:00:00.000Z,7128268586,7128268586,1.19924E+11,1201683935,161
1576,1044,C,C13213 (Battle),2026-07-03T00:00:00.000Z,2026-08-24T00:00:00.000Z,7127422339,7126596857,3.87328E+11,2236325983,152
1577,2758,C,C13241 (Battle),2026-07-03T00:00:00.000Z,2026-08-24T00:00:00.000Z,7125553423,7125543950,1.313E+11,1226262305,149
1578,3882,C,C13207 (Battle),2026-06-11T00:00:00.000Z,2026-08-08T00:00:00.000Z,7125078854,7125078854,36422727808,425646553,216
1579,1039,C,,,,7123740298,7123740298,87133651107,1308880968,148
1580,2319,C,,,,7122252631,7122252631,2.89085E+11,1630290827,195
1581,2710,C,C13221 (Battle),2026-07-03T00:00:00.000Z,2026-08-24T00:00:00.000Z,7117482379,7117482379,1.68141E+11,1770476207,147
1582,3086,C,C13215 (Battle),2026-07-03T00:00:00.000Z,2026-08-24T00:00:00.000Z,7112286551,7112286551,3.53152E+11,1823141635,139
1583,3553,C,C13231 (Battle),2026-07-03T00:00:00.000Z,2026-08-24T00:00:00.000Z,7110765800,7110765800,1.64886E+11,1575756934,154
1584,1838,C,C13222 (Battle),2026-07-03T00:00:00.000Z,2026-08-24T00:00:00.000Z,7110485663,7110485663,67382669201,1262402275,130
1585,2926,C,C13228 (Battle),2026-07-03T00:00:00.000Z,2026-08-24T00:00:00.000Z,7108275953,6350547783,1.0422E+11,1209620998,145
1586,2786,C,C13242 (Battle),2026-07-03T00:00:00.000Z,2026-08-24T00:00:00.000Z,7107919550,7107919550,1.31248E+11,1349740042,157
1587,2016,C,C13214 (Battle),2026-07-03T00:00:00.000Z,2026-08-24T00:00:00.000Z,7106927115,7106927115,1.73908E+11,1507283482,152
1588,2610,C,,,,7105893970,7089302756,3.13447E+11,1861099162,150
1589,2150,C,,,,7101644899,4529988685,91374745840,730788525,122
1590,1162,C,C13219 (Battle),2026-07-03T00:00:00.000Z,2026-08-24T00:00:00.000Z,7100817536,7100817536,1.28055E+11,1536567390,146
1591,3387,C,,,,7098575206,7098575206,1.07779E+11,1262690031,192
1592,1018,C,C13230 (Battle),2026-07-03T00:00:00.000Z,2026-08-24T00:00:00.000Z,7097671715,7097671715,81277287180,1212151076,133
1593,1292,C,C13245 (Battle),2026-07-03T00:00:00.000Z,2026-08-24T00:00:00.000Z,7097465738,7097465738,72828830162,1314909182,148
1594,1099,C,,,,7096805027,7093917390,1.17326E+11,1396798153,139
1595,1796,C,,,,7095161100,7095161100,1.05372E+11,1381922420,131
1596,1589,C,,,,7088714596,7085118657,2.18471E+11,1586365190,155
1597,1826,C,,,,7088250615,7088250615,1.60915E+11,1245155068,170
1598,3522,C,C13227 (Battle),2026-07-03T00:00:00.000Z,2026-08-24T00:00:00.000Z,7088246594,7088246594,1.76022E+11,1406928922,157
1599,1223,C,,,,7083620109,7069381090,1.03068E+11,1151976790,95
1600,1614,C,,,,7080888937,7080888937,98863883775,1456447945,115
1601,3410,C,,,,7079510502,7079510502,69477719711,1056421484,158
1602,2702,C,,,,7075440223,7075440223,1.49491E+11,1173937393,184
1603,3887,C,C13207 (Battle),2026-06-11T00:00:00.000Z,2026-08-08T00:00:00.000Z,7073171473,7073171473,32326427494,366787587,214
1604,2632,C,C13230 (Battle),2026-07-03T00:00:00.000Z,2026-08-24T00:00:00.000Z,7070627483,7070627483,56059160346,1037764366,162
1605,1690,C,,,,7069918130,7069918130,1.11516E+11,1504552953,142
1606,1514,C,,,,7069360216,7068084379,3.18906E+11,1870165484,154
1607,1106,C,,,,7069295689,7066639268,1.61462E+11,1402926762,122
1608,1982,C,,,,7068213344,7068213344,1.61663E+11,1601310804,119
1609,2899,C,C13220 (Battle),2026-07-03T00:00:00.000Z,2026-08-24T00:00:00.000Z,7065449863,7065449863,90609058955,1138593755,198
1610,3104,C,,,,7064432113,7064432113,1.87498E+11,1319650161,142
1611,3680,C,,,,7062792845,5507279084,81224779536,732393791,147
1612,2368,C,C13218 (Battle),2026-07-03T00:00:00.000Z,2026-08-24T00:00:00.000Z,7059283431,7059283431,96216731794,1338786051,167
1613,1844,C,,,,7059222078,7059222078,1.03099E+11,1302788830,151
1614,1366,C,C13227 (Battle),2026-07-03T00:00:00.000Z,2026-08-24T00:00:00.000Z,7059132110,7059132110,1.70274E+11,1658302755,154
1615,1956,C,,,,7054327127,7054327127,65952863380,1374782670,133
1616,3408,C,C13217 (Battle),2026-07-03T00:00:00.000Z,2026-08-24T00:00:00.000Z,7051389644,7019643397,1.57072E+11,1277891227,130
1617,2753,C,C13240 (Battle),2026-07-03T00:00:00.000Z,2026-08-24T00:00:00.000Z,7050382658,7048272545,1.34417E+11,1445112550,153
1618,2608,C,,,,7050310805,7050310805,1.57865E+11,1396128116,158
1619,3567,C,,,,7050301446,7050301446,1.38928E+11,1300249545,179
1620,3166,C,,,,7049516592,7049516592,2.03335E+11,1270485597,150
1621,3663,C,C13215 (Battle),2026-07-03T00:00:00.000Z,2026-08-24T00:00:00.000Z,7046937045,7046937045,1.25925E+11,1122424329,166
1622,2173,C,C13216 (Battle),2026-07-03T00:00:00.000Z,2026-08-24T00:00:00.000Z,7046930787,7046930787,1.99177E+11,1504929605,163
1623,1346,C,,,,7046541238,7010773271,1.22863E+11,1308819846,89
1624,3251,C,,,,7042491343,7042491343,2.48726E+11,1307262772,211
1625,3402,C,,,,7041359705,7041359705,1.29356E+11,1212528914,146
1626,2524,C,C13245 (Battle),2026-07-03T00:00:00.000Z,2026-08-24T00:00:00.000Z,7040939898,7040939898,1.27113E+11,1552292854,159
1627,3509,C,,,,7039696326,7039696326,74730610232,1154693470,163
1628,3138,C,,,,7037543967,7034693665,2.13571E+11,1374461878,150
1629,1739,C,C13243 (Battle),2026-07-03T00:00:00.000Z,2026-08-24T00:00:00.000Z,7033964862,7033964862,1.53675E+11,1436295110,133
1630,1072,C,,,,7033499489,7033499489,1.45558E+11,1154751668,137
1631,1675,C,,,,7023081856,6995553769,95641543725,1249677241,121
1632,3445,C,C13228 (Battle),2026-07-03T00:00:00.000Z,2026-08-24T00:00:00.000Z,7022134668,6211317477,1.09899E+11,948073645,146
1633,2562,C,C13220 (Battle),2026-07-03T00:00:00.000Z,2026-08-24T00:00:00.000Z,7020440278,7020440278,90529028339,1253063753,146
1634,3752,C,C13216 (Battle),2026-07-03T00:00:00.000Z,2026-08-24T00:00:00.000Z,7018188552,7018188552,94091546901,729111704,171
1635,3157,C,,,,7018067056,7018067056,1.05387E+11,1118369213,159
1636,1772,C,C13241 (Battle),2026-07-03T00:00:00.000Z,2026-08-24T00:00:00.000Z,7014413338,7014413338,1.05043E+11,1318944243,159
1637,2916,C,,,,7011596181,7002977100,1.209E+11,905314895,143
1638,2168,C,C13225 (Battle),2026-07-03T00:00:00.000Z,2026-08-24T00:00:00.000Z,7007159981,6996033606,41214117608,835005625,137
1639,2820,C,,,,7004565271,7004565271,2.41188E+11,1383873116,265
1640,3828,C,C13216 (Battle),2026-07-03T00:00:00.000Z,2026-08-24T00:00:00.000Z,7004437962,7004437962,37604013366,515473937,181
1641,1627,C,C13240 (Battle),2026-07-03T00:00:00.000Z,2026-08-24T00:00:00.000Z,7004296428,7003441077,1.15714E+11,1412099916,162
1642,3109,C,C13243 (Battle),2026-07-03T00:00:00.000Z,2026-08-24T00:00:00.000Z,7001332763,7001332763,1.43415E+11,1463505906,146
1643,3781,C,,,,7000936620,7000936620,85541403102,771289004,160
1644,2908,C,C13212 (Battle),2026-07-03T00:00:00.000Z,2026-08-24T00:00:00.000Z,6999452608,6999452608,1.58708E+11,1197993884,174
1645,3593,C,,,,6998460404,6998460404,53036069932,644630026,165
1646,1878,C,,,,6997641677,6997641677,72380315594,1238218318,150
1647,1872,C,,,,6987542150,6987542150,2.48755E+11,1591450918,196
1648,2780,C,,,,6987132556,6987132556,64555007380,1115475270,149
1649,3536,C,,,,6986665117,6986665117,1.24754E+11,1244474267,161
1650,2419,C,,,,6985610722,6985610722,88908747872,1183552023,147
1651,2035,C,,,,6985360312,6985360312,1.22386E+11,1494249720,126
1652,2087,C,,,,6982890769,6982890769,1.84235E+11,1566089218,125
1653,1940,C,C13221 (Battle),2026-07-03T00:00:00.000Z,2026-08-24T00:00:00.000Z,6982215331,6982215331,99620288942,1471810557,150
1654,2068,C,,,,6981328738,6981328738,80695826955,1009889824,165
1655,3699,C,,,,6980112671,6980112671,1.22432E+11,625090130,130
1656,3920,C,,,,6979912439,6979912439,16455537943,245001217,243
1657,2803,C,,,,6976451094,6976164787,1.9096E+11,1270229439,177
1658,2656,C,,,,6974155055,6191951173,64035866607,863855825,131
1659,2386,C,,,,6971482401,6944268297,2.33864E+11,1825418509,138
1660,3713,C,,,,6970581475,6970581475,1.41985E+11,1101562118,157
1661,2007,C,,,,6967887813,6965899361,3.07858E+11,1849351723,122
1662,3492,C,C13214 (Battle),2026-07-03T00:00:00.000Z,2026-08-24T00:00:00.000Z,6966322673,6966322673,69988660530,970788536,155
1663,1914,C,C13229 (Battle),2026-07-03T00:00:00.000Z,2026-08-24T00:00:00.000Z,6964926431,6964726808,1.58413E+11,1606259595,143
1664,1707,C,,,,6964503484,6961338097,1.00735E+11,1088469488,122
1665,2038,C,,,,6964475819,5986760938,1.08758E+11,1083477272,116
1666,1462,C,C13229 (Battle),2026-07-03T00:00:00.000Z,2026-08-24T00:00:00.000Z,6960286301,6945247560,1.43443E+11,1533126603,151
1667,3762,C,C13221 (Battle),2026-07-03T00:00:00.000Z,2026-08-24T00:00:00.000Z,6959549473,6959549473,1.2954E+11,978246610,178
1668,3393,C,C13229 (Battle),2026-07-03T00:00:00.000Z,2026-08-24T00:00:00.000Z,6958838651,6958838651,70242942642,984749135,158
1669,1156,C,C13219 (Battle),2026-07-03T00:00:00.000Z,2026-08-24T00:00:00.000Z,6955703629,6955703629,78097801018,1172762792,135
1670,1802,C,,,,6951360736,6951360736,1.51705E+11,1641048195,130
1671,3922,C,,,,6951121348,6951121348,63717302713,428649659,193
1672,3108,C,,,,6947361005,6947361005,1.38774E+11,1268569349,195
1673,3014,C,,,,6945857005,6945857005,83891228246,996360505,127
1674,2565,C,,,,6945850196,6917592506,1.53785E+11,1093865295,136
1675,1848,C,,,,6943981313,6934477464,76307476030,1245968138,163
1676,3720,C,,,,6943071513,6943071513,81381212985,837477369,191
1677,3670,C,,,,6941815603,6941815603,1.43582E+11,1140490127,150
1678,3512,C,C13211 (Battle),2026-07-03T00:00:00.000Z,2026-08-24T00:00:00.000Z,6935274132,6935274132,1.70728E+11,1311552458,138
1679,1458,C,C13225 (Battle),2026-07-03T00:00:00.000Z,2026-08-24T00:00:00.000Z,6935078730,6926674832,30408527221,547526429,105
1680,2848,C,,,,6933499933,6928766484,1.84321E+11,1244202045,146
1681,3000,C,,,,6930899328,6930899328,77026190055,1081721470,165
1682,1251,C,,,,6929231276,6929231276,78871616822,1183478732,131
1683,2713,C,C13222 (Battle),2026-07-03T00:00:00.000Z,2026-08-24T00:00:00.000Z,6924252592,6924252592,66231872464,1220411891,134
1684,1013,C,,,,6923742446,6861962990,80389039923,998462355,103
1685,1132,C,,,,6923191771,6923191771,1.45439E+11,1435204001,125
1686,2392,C,C13220 (Battle),2026-07-03T00:00:00.000Z,2026-08-24T00:00:00.000Z,6922925770,6922925770,90796570426,1282596276,155
1687,3460,C,,,,6922695516,6922695516,1.69286E+11,1872074783,159
1688,2321,C,,,,6921332171,6911690119,1.63503E+11,1426729528,130
1689,2984,C,,,,6920955300,6041641683,66071154071,1021716070,129
1690,2773,C,,,,6919844733,6919844733,1.54439E+11,1328360559,217
1691,2744,C,C13242 (Battle),2026-07-03T00:00:00.000Z,2026-08-24T00:00:00.000Z,6919737073,6919737073,2.28278E+11,1786102749,150
1692,1831,C,,,,6918167903,6918167903,1.37199E+11,1398463511,144
1693,1468,C,C13222 (Battle),2026-07-03T00:00:00.000Z,2026-08-24T00:00:00.000Z,6917003782,6914074343,95733618402,996223364,104
1694,1859,C,,,,6899721208,6899721208,1.04244E+11,1256245752,129
1695,1911,C,,,,6896843854,6896843854,1.30254E+11,1148256354,135
1696,3511,C,,,,6895356414,6895356414,76529801883,1102790075,156
1697,1841,C,C13218 (Battle),2026-07-03T00:00:00.000Z,2026-08-24T00:00:00.000Z,6889370897,6889370897,1.67685E+11,1354724187,145
1698,2320,C,,,,6887409127,6887409127,49931253718,1165359546,128
1699,3039,C,,,,6886288271,6879763670,1.95739E+11,1441557561,157
1700,3054,C,,,,6884870536,6884870536,64334101976,664104428,168
1701,1687,C,,,,6880081761,6880081761,1.32396E+11,1503506344,130
1702,3562,C,,,,6873038873,6873038873,1.37343E+11,1187569089,200
1703,1087,C,,,,6871860655,6871860655,62896919037,1114923984,118
1704,1516,C,C13246 (Battle),2026-07-03T00:00:00.000Z,2026-08-24T00:00:00.000Z,6869460771,6863660842,1.63813E+11,1466260305,142
1705,1496,C,,,,6864449328,6470017697,1.30038E+11,1396906226,116
1706,1406,C,,,,6863778020,6863778020,1.08596E+11,1389430572,132
1707,3016,C,,,,6862119174,6855808111,1.27707E+11,1096896056,139
1708,1745,C,,,,6859295144,6858327938,71774477909,1127371312,132
1709,3655,C,C13218 (Battle),2026-07-03T00:00:00.000Z,2026-08-24T00:00:00.000Z,6856854860,6856854860,84944593456,925076391,163
1710,3577,C,C13221 (Battle),2026-07-03T00:00:00.000Z,2026-08-24T00:00:00.000Z,6854995516,6854995516,89180633472,940382614,170
1711,1986,C,,,,6853979698,6843951929,97606759114,1322298721,106
1712,2781,C,,,,6841663274,6837848787,1.33758E+11,1277505682,151
1713,2942,C,,,,6830740426,6830740426,1.19573E+11,1268527515,169
1714,1609,C,,,,6829604923,6828492568,1.06417E+11,1308650417,147
1715,1808,C,C13223 (Battle),2026-07-03T00:00:00.000Z,2026-08-24T00:00:00.000Z,6827991845,6827991845,54998436482,1045308129,120
1716,2354,C,,,,6827254927,6827254927,2.18525E+11,1518211968,171
1717,3220,C,C13232 (Battle),2026-07-03T00:00:00.000Z,2026-08-24T00:00:00.000Z,6824647550,5808679518,1.12318E+11,1106949029,144
1718,3375,C,,,,6822068074,6822068074,1.86134E+11,1558953276,143
1719,3231,C,C13221 (Battle),2026-07-03T00:00:00.000Z,2026-08-24T00:00:00.000Z,6821854610,6821854610,74570690186,1208320333,169
1720,2029,C,,,,6821286942,6820949356,2.6773E+11,1450513637,171
1721,3216,C,C13240 (Battle),2026-07-03T00:00:00.000Z,2026-08-24T00:00:00.000Z,6818850160,6818345980,1.93029E+11,1412285664,167
1722,2503,C,C13222 (Battle),2026-07-03T00:00:00.000Z,2026-08-24T00:00:00.000Z,6817300946,6817300946,85999124280,1197393955,144
1723,3011,C,,,,6815758180,6815758180,1.62513E+11,1443283534,136
1724,3755,C,C13239 (Battle),2026-07-03T00:00:00.000Z,2026-08-24T00:00:00.000Z,6814226612,6814226612,1.29494E+11,760863490,159
1725,3746,C,C13238 (Battle),2026-07-03T00:00:00.000Z,2026-08-24T00:00:00.000Z,6809212117,6809212117,1.64751E+11,1136922927,170
1726,1239,C,,,,6802370153,6801436714,57293056168,1131243204,107
1727,3337,C,,,,6800314486,6800314486,1.26969E+11,1128578940,186
1728,2864,C,C13213 (Battle),2026-07-03T00:00:00.000Z,2026-08-24T00:00:00.000Z,6799077193,6796929345,2.50829E+11,1474612892,172
1729,1985,C,,,,6798478079,6075127896,77092683689,1104765254,137
1730,1762,C,,,,6796718664,6159337396,78309788158,1023234052,105
1731,3890,C,C13206 (Battle),2026-06-11T00:00:00.000Z,2026-08-08T00:00:00.000Z,6792553284,6792553284,32045521274,346346528,189
1732,1262,C,,,,6791175037,6791175037,1.12006E+11,1347238675,127
1733,3873,C,C13206 (Battle),2026-06-11T00:00:00.000Z,2026-08-08T00:00:00.000Z,6790722694,6790722694,56298244471,504825499,204
1734,3689,C,C13212 (Battle),2026-07-03T00:00:00.000Z,2026-08-24T00:00:00.000Z,6787563729,6787563729,1.17243E+11,1039281534,145
1735,2316,C,C13217 (Battle),2026-07-03T00:00:00.000Z,2026-08-24T00:00:00.000Z,6787028342,6787028342,1.29862E+11,1369005180,131
1736,1915,C,,,,6784719521,6784719521,1.00146E+11,1295238214,141
1737,2622,C,,,,6783975283,6008886669,96287360719,1068970745,163
1738,2650,C,,,,6783397750,6783397750,2.09526E+11,1438791964,169
1739,2575,C,,,,6779007582,6779007582,1.00679E+11,1159842322,129
1740,3123,C,,,,6778941116,6778941116,1.46131E+11,1469779618,145
1741,2674,C,C13229 (Battle),2026-07-03T00:00:00.000Z,2026-08-24T00:00:00.000Z,6772838240,6759674085,1.0586E+11,1194068452,154
1742,1535,C,C13220 (Battle),2026-07-03T00:00:00.000Z,2026-08-24T00:00:00.000Z,6771168711,6771168711,1.35703E+11,1478069012,127
1743,3569,C,C13219 (Battle),2026-07-03T00:00:00.000Z,2026-08-24T00:00:00.000Z,6768324958,6768324958,51063431615,970630373,171
1744,1461,C,,,,6768107165,6768107165,1.58167E+11,1458965566,137
1745,1638,C,,,,6766304707,6766304707,56546197503,1094664682,113
1746,3395,C,,,,6765357833,6761447197,1.72489E+11,1178728807,174
1747,2135,C,C13223 (Battle),2026-07-03T00:00:00.000Z,2026-08-24T00:00:00.000Z,6762441645,6762338604,57832308501,949925451,113
1748,3830,C,C13238 (Battle),2026-07-03T00:00:00.000Z,2026-08-24T00:00:00.000Z,6761486275,6761486275,77076128742,605443645,184
1749,2876,C,,,,6761472951,5320023290,1.09218E+11,1021302300,112
1750,1177,C,C13220 (Battle),2026-07-03T00:00:00.000Z,2026-08-24T00:00:00.000Z,6760265516,6760265516,1.51314E+11,1479754199,123
1751,3336,C,,,,6757434411,6757434411,73511927259,928918223,150
1752,1361,C,,,,6754974316,6741358119,1.93796E+11,1701348467,97
1753,1010,C,C13242 (Battle),2026-07-03T00:00:00.000Z,2026-08-24T00:00:00.000Z,6752910352,6752910352,1.14998E+11,1541711459,129
1754,3303,C,,,,6752412542,6752412542,4.58463E+11,1876282624,176
1755,3449,C,,,,6752043581,6752043581,1.1026E+11,1116730481,159
1756,2186,C,,,,6751417279,6726077020,66420895066,973587956,121
1757,3017,C,,,,6750400311,5451718756,1.46501E+11,1073249923,106
1758,3478,C,C13230 (Battle),2026-07-03T00:00:00.000Z,2026-08-24T00:00:00.000Z,6746953389,6746953389,1.00708E+11,978245917,143
1759,2922,C,,,,6746909198,6746909198,51543930403,1129319469,160
1760,3715,C,C13236 (Battle),2026-07-03T00:00:00.000Z,2026-08-24T00:00:00.000Z,6746876422,6746876422,93797466400,744547665,156
1761,1191,C,,,,6745485762,6745485762,1.29141E+11,1474097901,124
1762,2352,C,C13220 (Battle),2026-07-03T00:00:00.000Z,2026-08-24T00:00:00.000Z,6745272344,6745272344,58935880208,956375704,134
1763,2522,C,C13228 (Battle),2026-07-03T00:00:00.000Z,2026-08-24T00:00:00.000Z,6744841778,6159086076,1.75343E+11,1439260810,164
1764,3392,C,,,,6742949784,6742949784,2.08998E+11,1305617897,150
1765,1063,C,C13246 (Battle),2026-07-03T00:00:00.000Z,2026-08-24T00:00:00.000Z,6742101174,6742101174,67438936559,1040643312,113
1766,1131,C,,,,6741031800,6726513245,62424812246,782874099,103
1767,1493,C,,,,6740081661,6716483649,1.13077E+11,1173580346,119
1768,1832,C,,,,6738560668,6725573508,57380409087,848948699,113
1769,2543,C,C13217 (Battle),2026-07-03T00:00:00.000Z,2026-08-24T00:00:00.000Z,6737937566,6737937566,1.81803E+11,1457530874,166
1770,3582,C,,,,6736164823,6736164823,1.76436E+11,1120568287,148
1771,3780,C,,,,6727669281,6727669281,1.2196E+11,1028074138,159
1772,1005,C,,,,6723268781,6257973797,1.21802E+11,1333231679,139
1773,2286,C,C13227 (Battle),2026-07-03T00:00:00.000Z,2026-08-24T00:00:00.000Z,6720672171,6720672171,1.40002E+11,1482078274,135
1774,2692,C,,,,6719017578,6717440500,1.35581E+11,1323901846,139
1775,1060,C,C13245 (Battle),2026-07-03T00:00:00.000Z,2026-08-24T00:00:00.000Z,6717180755,6717180755,1.2045E+11,1566729637,132
1776,3093,C,C13248 (Battle),2026-07-03T00:00:00.000Z,2026-08-24T00:00:00.000Z,6714994525,6714994525,90488894076,1120885808,118
1777,1004,C,,,,6713199274,6706349873,56143101430,778605062,115
1778,3223,C,,,,6711685165,6711685165,2.43757E+11,1480468876,139
1779,2934,C,C13220 (Battle),2026-07-03T00:00:00.000Z,2026-08-24T00:00:00.000Z,6711141109,6711141109,1.42758E+11,1168600281,159
1780,1048,C,,,,6709296423,6698665289,1.67E+11,1236967645,134
1781,2746,C,,,,6708594114,6708594114,94246751805,896036352,163
1782,2900,C,C13241 (Battle),2026-07-03T00:00:00.000Z,2026-08-24T00:00:00.000Z,6707192723,6706883838,2.11034E+11,1307737230,150
1783,2221,C,C13219 (Battle),2026-07-03T00:00:00.000Z,2026-08-24T00:00:00.000Z,6705658753,6705658753,74789320396,1157785698,120
1784,2479,C,,,,6705106586,5307228089,1.2472E+11,1055156741,102
1785,2317,C,C13214 (Battle),2026-07-03T00:00:00.000Z,2026-08-24T00:00:00.000Z,6703699498,6702854490,3.12995E+11,1764573807,144
1786,3328,C,,,,6703658337,6703658337,89249046504,1198349607,147
1787,3548,C,C13244 (Battle),2026-07-03T00:00:00.000Z,2026-08-24T00:00:00.000Z,6703347137,6703347137,62021905720,924159680,158
1788,3055,C,C13238 (Battle),2026-07-03T00:00:00.000Z,2026-08-24T00:00:00.000Z,6702583588,6702583588,1.16967E+11,1263410048,127
1789,3333,C,C13247 (Battle),2026-07-03T00:00:00.000Z,2026-08-24T00:00:00.000Z,6698512031,6698512031,1.21251E+11,1171770197,171
1790,2196,C,C13244 (Battle),2026-07-03T00:00:00.000Z,2026-08-24T00:00:00.000Z,6696240717,6696240717,1.24762E+11,1343527136,154
1791,2229,C,,,,6696179412,6696179412,1.84971E+11,1393872984,140
1792,3258,C,,,,6695346140,6691429187,1.88E+11,1027429275,212
1793,3048,C,,,,6691917289,6691917289,2.122E+11,1517587079,148
1794,1353,C,,,,6689989840,6687500231,67659952985,1100701157,113
1795,2577,C,,,,6689988538,6683176460,83466506634,1020417716,107
1796,3051,C,,,,6688936964,6685881445,50280759321,873558398,137
1797,3079,C,,,,6688024674,6685232008,1.09593E+11,1043061287,144
1798,1362,C,,,,6687999594,6687570500,1.92848E+11,1713064685,126
1799,3141,C,C13217 (Battle),2026-07-03T00:00:00.000Z,2026-08-24T00:00:00.000Z,6686294660,6686294660,1.37352E+11,1141758036,131
1800,2161,C,,,,6685467337,6685467337,80703484958,1258420387,143
1801,1817,C,,,,6680669997,6676575814,2.8842E+11,1543083783,142
1802,2684,C,,,,6679539697,6679539697,1.49726E+11,1505432242,135
1803,2852,C,,,,6676081803,6676081803,1.00887E+11,992446602,146
1804,3338,C,C13215 (Battle),2026-07-03T00:00:00.000Z,2026-08-24T00:00:00.000Z,6672513573,6666646057,2.02726E+11,990046522,167
1805,2762,C,C13224 (Battle),2026-07-03T00:00:00.000Z,2026-08-24T00:00:00.000Z,6672472803,6667915905,64577032756,979486707,135
1806,1822,C,,,,6670664413,6356981243,54742382804,1034361192,109
1807,1643,C,C13219 (Battle),2026-07-03T00:00:00.000Z,2026-08-24T00:00:00.000Z,6670610933,6670610933,1.15772E+11,1538702076,121
1808,3061,C,,,,6670113736,6666799879,77711018564,956168158,142
1809,1931,C,,,,6669467214,6415123949,1.24439E+11,1298742679,129
1810,3384,C,C13217 (Battle),2026-07-03T00:00:00.000Z,2026-08-24T00:00:00.000Z,6668336025,6668336025,1.85448E+11,1379379347,170
1811,3349,C,C13246 (Battle),2026-07-03T00:00:00.000Z,2026-08-24T00:00:00.000Z,6666799956,5577408754,1.67597E+11,1208409000,121
1812,3290,C,,,,6666797938,6666797938,85566071717,931000327,130
1813,2155,C,,,,6665322114,6665322114,1.49288E+11,1438120115,141
1814,2160,C,,,,6661981236,6129851869,1.39667E+11,1111886226,147
1815,1058,C,,,,6661159387,6646160876,1.61476E+11,1185410194,97
1816,1860,C,C13221 (Battle),2026-07-03T00:00:00.000Z,2026-08-24T00:00:00.000Z,6661126253,6661126253,1.13648E+11,1328278769,145
1817,2005,C,,,,6657280079,6657280079,1.34208E+11,1354234735,149
1818,2245,C,,,,6657021407,6657021407,1.32476E+11,1436279002,147
1819,2193,C,C13220 (Battle),2026-07-03T00:00:00.000Z,2026-08-24T00:00:00.000Z,6654937354,6654937354,59759261176,1102741111,125
1820,1804,C,C13220 (Battle),2026-07-03T00:00:00.000Z,2026-08-24T00:00:00.000Z,6651253141,6651253141,88608387219,1115357419,110
1821,1662,C,,,,6650300111,6650300111,2.08217E+11,1548020449,149
1822,3255,C,,,,6649465315,5253281303,49325450655,638216294,153
1823,1350,C,C13230 (Battle),2026-07-03T00:00:00.000Z,2026-08-24T00:00:00.000Z,6649199838,6649199838,1.18483E+11,1368741644,165
1824,1900,C,C13232 (Battle),2026-07-03T00:00:00.000Z,2026-08-24T00:00:00.000Z,6648213111,6606691279,4.42173E+11,2275216341,201
1825,1035,C,,,,6648120434,6648120434,1.21862E+11,1192528889,131
1826,2008,C,,,,6647399686,6647399686,91582535362,1212764065,146
1827,1887,C,,,,6644606291,6644606291,63904056580,1066861328,124
1828,2652,C,C13244 (Battle),2026-07-03T00:00:00.000Z,2026-08-24T00:00:00.000Z,6641242307,6641242307,1.15925E+11,1370864603,155
1829,3195,C,,,,6637594641,6637594641,1.44438E+11,1371032426,153
1830,1754,C,,,,6637084725,6344110095,55440253758,959926401,122
1831,2642,C,,,,6635589234,6635589234,1.01545E+11,1070942107,153
1832,3219,C,C13216 (Battle),2026-07-03T00:00:00.000Z,2026-08-24T00:00:00.000Z,6631032913,6631032913,1.39516E+11,1191137798,149
1833,3521,C,,,,6629679965,6629679965,50324731957,944509000,139
1834,3027,C,,,,6626639095,6625838885,3.79691E+11,1669189811,134
1835,2668,C,C13215 (Battle),2026-07-03T00:00:00.000Z,2026-08-24T00:00:00.000Z,6622744336,6622744336,1.09211E+11,1253495896,127
1836,3735,C,,,,6621688460,6621688460,92321432138,980114016,165
1837,3332,C,,,,6620466478,6620466478,89010842782,1146648150,130
1838,1273,C,C13221 (Battle),2026-07-03T00:00:00.000Z,2026-08-24T00:00:00.000Z,6609587816,6609587816,65709005201,1257171377,121
1839,2259,C,,,,6608904216,6608904216,1.52508E+11,1442706429,124
1840,3769,C,,,,6608660347,6608660347,95253120697,785008449,158
1841,1583,C,,,,6606863681,6606863681,75810945456,1149058653,131
1842,2460,C,C13224 (Battle),2026-07-03T00:00:00.000Z,2026-08-24T00:00:00.000Z,6605851086,6605851086,65599719719,1062017136,141
1843,2698,C,,,,6604020009,6604020009,78366965661,1080439120,146
1844,1211,C,C13216 (Battle),2026-07-03T00:00:00.000Z,2026-08-24T00:00:00.000Z,6603903893,6603903893,2.36595E+11,1821203488,120
1845,3730,C,C13215 (Battle),2026-07-03T00:00:00.000Z,2026-08-24T00:00:00.000Z,6600564233,6599972421,96618891807,758253550,200
1846,1364,C,C13215 (Battle),2026-07-03T00:00:00.000Z,2026-08-24T00:00:00.000Z,6596719363,6596719363,2.04895E+11,1506660424,152
1847,3318,C,,,,6595972778,6595972778,65429958483,995950180,141
1848,2300,C,C13223 (Battle),2026-07-03T00:00:00.000Z,2026-08-24T00:00:00.000Z,6595865588,6595865588,77522279578,930147471,122
1849,1340,C,,,,6595424938,6595424938,1.22539E+11,1222510724,129
1850,3688,C,C13238 (Battle),2026-07-03T00:00:00.000Z,2026-08-24T00:00:00.000Z,6587950053,6587950053,69337589358,654679186,149
1851,1791,C,,,,6587692659,6587692659,2.56216E+11,1485941559,161
1852,3058,C,,,,6584683716,6584683716,1.21514E+11,1212197332,180
1853,2426,C,C13248 (Battle),2026-07-03T00:00:00.000Z,2026-08-24T00:00:00.000Z,6584304402,6584304402,73462372599,1059009015,150
1854,1312,C,C13220 (Battle),2026-07-03T00:00:00.000Z,2026-08-24T00:00:00.000Z,6578171144,6555879095,1.25253E+11,1151859905,116
1855,1056,C,C13244 (Battle),2026-07-03T00:00:00.000Z,2026-08-24T00:00:00.000Z,6575876101,6575876101,97768391183,1465352585,100
1856,3876,C,C13206 (Battle),2026-06-11T00:00:00.000Z,2026-08-08T00:00:00.000Z,6574173933,6574173933,67094023264,462806935,165
1857,2344,C,,,,6571646486,6571646486,95615874136,1341410290,123
1858,1275,C,,,,6569495352,6569495352,1.19893E+11,1266257579,147
1859,2843,C,C13233 (Battle),2026-07-03T00:00:00.000Z,2026-08-24T00:00:00.000Z,6566571326,6566571326,1.57199E+11,1129907050,142
1860,1600,C,,,,6562142300,6562142300,50467714978,932051683,134
1861,2241,C,,,,6560222075,6560222075,82007545576,1244492218,160
1862,2056,C,C13221 (Battle),2026-07-03T00:00:00.000Z,2026-08-24T00:00:00.000Z,6556152141,6556152141,81681256514,1200529870,127
1863,3918,C,,,,6553849089,6553849089,78920504763,435987865,180
1864,1847,C,,,,6553327370,6553327370,2.11604E+11,1554977316,116
1865,3040,C,,,,6552537085,6552537085,1.16269E+11,1097986559,152
1866,1435,C,,,,6550833142,4977606142,94251621304,882136250,98
1867,1499,C,,,,6549488906,6548398305,1.68863E+11,1230686955,123
1868,2749,C,,,,6548081509,6544245949,53648531999,833373859,136
1869,3232,C,,,,6545934672,5122464711,1.44814E+11,882286021,187
1870,3498,C,,,,6545861222,6545861222,94504752314,934260258,150
1871,3201,C,,,,6544119372,5481183919,1.24967E+11,897263319,145
1872,2664,C,C13217 (Battle),2026-07-03T00:00:00.000Z,2026-08-24T00:00:00.000Z,6543781934,6543781934,1.42152E+11,1275625760,165
1873,2073,C,C13218 (Battle),2026-07-03T00:00:00.000Z,2026-08-24T00:00:00.000Z,6543348521,6543348521,80616413265,1129717735,118
1874,3537,C,C13242 (Battle),2026-07-03T00:00:00.000Z,2026-08-24T00:00:00.000Z,6541098845,6541098845,88640405498,1043254286,148
1875,3152,C,C13244 (Battle),2026-07-03T00:00:00.000Z,2026-08-24T00:00:00.000Z,6540414194,6540414194,43168144267,941590531,128
1876,1850,C,,,,6533995726,6533995726,1.17473E+11,1497257636,170
1877,2240,C,C13224 (Battle),2026-07-03T00:00:00.000Z,2026-08-24T00:00:00.000Z,6533023842,6528098196,45729758710,829352941,109
1878,1983,C,,,,6532583788,5799132293,1.30188E+11,1092394283,113
1879,2273,C,C13224 (Battle),2026-07-03T00:00:00.000Z,2026-08-24T00:00:00.000Z,6532355679,6532355679,63902287682,952200780,136
1880,3833,C,,,,6532009686,6532009686,66242606315,539007694,172
1881,2215,C,,,,6527673140,6523153788,1.45163E+11,1278374573,122
1882,1617,C,,,,6525712252,6524992335,3.49022E+11,1861839491,73
1883,1588,C,,,,6523535707,6523535707,25801113732,884783559,144
1884,1668,C,C13247 (Battle),2026-07-03T00:00:00.000Z,2026-08-24T00:00:00.000Z,6521265747,6521265747,88363543691,1281135304,123
1885,1408,C,,,,6520214622,6512310784,1.14869E+11,1126326688,110
1886,1322,C,,,,6519295316,6518140398,75536696754,1036029478,122
1887,3407,C,C13232 (Battle),2026-07-03T00:00:00.000Z,2026-08-24T00:00:00.000Z,6518704145,6518704145,1.82967E+11,1199366493,137
1888,1935,C,,,,6517237119,6512525867,1.74691E+11,1511815073,141
1889,2201,C,C13229 (Battle),2026-07-03T00:00:00.000Z,2026-08-24T00:00:00.000Z,6517161775,6517161775,1.36473E+11,1381128386,116
1890,3073,C,C13227 (Battle),2026-07-03T00:00:00.000Z,2026-08-24T00:00:00.000Z,6514423936,6514423936,1.45586E+11,1477626829,133
1891,2609,C,,,,6511341637,6509358311,1.74447E+11,1458341452,137
1892,1396,C,,,,6510675959,6243999902,49501374504,1144008769,101
1893,3330,C,,,,6507722689,6507722689,1.18343E+11,1077501779,154
1894,1175,C,,,,6506412753,4632665109,2.36185E+11,1474211694,89
1895,2590,C,,,,6505883470,6505861645,1.98582E+11,1245922239,168
1896,3297,C,C13243 (Battle),2026-07-03T00:00:00.000Z,2026-08-24T00:00:00.000Z,6505563527,6505563527,96017714848,1077834148,146
1897,2244,C,,,,6503527411,6503527411,55703185944,1009457222,129
1898,3321,C,C13222 (Battle),2026-07-03T00:00:00.000Z,2026-08-24T00:00:00.000Z,6501940012,6501940012,49658881503,970921871,169
1899,2812,C,,,,6498909210,6498909210,1.30237E+11,1143338274,157
1900,3188,C,,,,6496098178,6496098178,1.76932E+11,1410324898,144
1901,2458,C,C13216 (Battle),2026-07-03T00:00:00.000Z,2026-08-24T00:00:00.000Z,6494021171,6494021171,1.73475E+11,1261594844,142
1902,1186,C,,,,6493864496,6493864496,1.02656E+11,1472713728,115
1903,3072,C,,,,6491477749,6491477749,74427095107,1120674573,133
1904,1608,C,,,,6491308317,6488985755,2.45464E+11,1651800038,141
1905,3365,C,,,,6489315411,6487973207,1.70284E+11,1187487941,114
1906,2034,C,,,,6486514103,6486514103,1.04791E+11,1146783054,130
1907,2305,C,C13235 (Battle),2026-07-03T00:00:00.000Z,2026-08-24T00:00:00.000Z,6484779083,6484779083,2.00684E+11,1548642157,157
1908,3130,C,,,,6484013022,6484013022,1.19365E+11,1081081684,144
1909,3288,C,C13247 (Battle),2026-07-03T00:00:00.000Z,2026-08-24T00:00:00.000Z,6478149957,6478149957,85967934798,953753101,178
1910,3635,C,C13224 (Battle),2026-07-03T00:00:00.000Z,2026-08-24T00:00:00.000Z,6477937801,6477937801,28035757644,667899884,163
1911,2640,C,,,,6476848940,6470436377,85720593930,1043346205,159
1912,2496,C,,,,6474771631,3724749124,1.0953E+11,740547874,95
1913,3026,C,C13215 (Battle),2026-07-03T00:00:00.000Z,2026-08-24T00:00:00.000Z,6472182423,6472182423,1.45065E+11,1486819906,120
1914,2738,C,C13217 (Battle),2026-07-03T00:00:00.000Z,2026-08-24T00:00:00.000Z,6467119566,6450590060,1.3956E+11,1281881896,173
1915,1993,C,,,,6466479016,6466479016,98920747167,1179382638,135
1916,1197,C,,,,6462885845,6462885845,2.19016E+11,1600789337,130
1917,1484,C,,,,6462591952,6457813177,1.47962E+11,1213570662,120
1918,3898,C,,,,6461684315,6461684315,34945281669,383127107,192
1919,3137,C,,,,6461442083,6461442083,1.21389E+11,1041949516,170
1920,2658,C,C13211 (Battle),2026-07-03T00:00:00.000Z,2026-08-24T00:00:00.000Z,6459573688,6459573688,3.43976E+11,1300149618,132
1921,3921,C,,,,6459538062,6459538062,66461291377,331412687,152
1922,3458,C,C13215 (Battle),2026-07-03T00:00:00.000Z,2026-08-24T00:00:00.000Z,6459120607,6459120607,1.59124E+11,1281537447,133
1923,2512,C,,,,6458725591,6454827275,1.1701E+11,1260510360,130
1924,1224,C,C13217 (Battle),2026-07-03T00:00:00.000Z,2026-08-24T00:00:00.000Z,6457175241,6457175241,92475532270,1273172219,127
1925,2299,C,,,,6447994005,6447994005,81689017434,1030908140,141
1926,3140,C,C13244 (Battle),2026-07-03T00:00:00.000Z,2026-08-24T00:00:00.000Z,6447835577,6370957061,1.92091E+11,1167056241,157
1927,3182,C,,,,6445580665,6445580665,1.20279E+11,1040292144,148
1928,1510,C,,,,6440728161,6405034566,54216153732,945833647,99
1929,2659,C,C13240 (Battle),2026-07-03T00:00:00.000Z,2026-08-24T00:00:00.000Z,6437614374,6437614374,1.56327E+11,1353996545,162
1930,3524,C,C13242 (Battle),2026-07-03T00:00:00.000Z,2026-08-24T00:00:00.000Z,6436003947,6436003947,85748298724,1013074691,167
1931,1962,C,,,,6435778864,6435778864,86352725991,1374463147,111
1932,2716,C,,,,6428611227,6428611227,1.13213E+11,1311263521,143
1933,3197,C,,,,6426707100,6426707100,1.33532E+11,1183405461,153
1934,2122,C,,,,6426485529,6426485529,1.55471E+11,1267038072,133
1935,1442,C,,,,6419920348,6419920348,1.47912E+11,1271833097,155
1936,3739,C,C13238 (Battle),2026-07-03T00:00:00.000Z,2026-08-24T00:00:00.000Z,6414673422,6414673422,1.29216E+11,980510416,152
1937,2729,C,,,,6413105655,6413105655,84919794291,827560704,135
1938,1766,C,C13229 (Battle),2026-07-03T00:00:00.000Z,2026-08-24T00:00:00.000Z,6411939284,6407481268,1.10461E+11,1165935840,106
1939,1272,C,,,,6410010070,6409578196,1.10644E+11,1427978207,119
1940,3133,C,,,,6409446466,6409446466,95381345634,1064810388,140
1941,1328,C,,,,6405647588,6405647588,84986029287,1338715166,117
1942,1699,C,,,,6403816848,6403816848,1.38906E+11,1316408812,145
1943,3563,C,,,,6401383626,6401383626,1.0734E+11,965576945,184
1944,3469,C,,,,6398682946,6394831571,1.9452E+11,1067433258,120
1945,2271,C,,,,6396994960,6396994960,1.07306E+11,1184584198,161
1946,2799,C,,,,6395045353,5469783845,80328025206,888955613,124
1947,2302,C,,,,6394732522,6393350860,1.26601E+11,1214456077,136
1948,2586,C,C13232 (Battle),2026-07-03T00:00:00.000Z,2026-08-24T00:00:00.000Z,6392350951,6389458887,2.7916E+11,1620488499,87
1949,2377,C,C13248 (Battle),2026-07-03T00:00:00.000Z,2026-08-24T00:00:00.000Z,6384098563,6380589276,1.04789E+11,1024899199,215
1950,1245,C,,,,6381828051,6374945034,2.15419E+11,1387651932,135
1951,1570,C,C13215 (Battle),2026-07-03T00:00:00.000Z,2026-08-24T00:00:00.000Z,6377264901,6376031223,2.81021E+11,1568143314,124
1952,2295,C,,,,6376695294,5717102960,56566224139,1000561292,120
1953,2051,C,C13244 (Battle),2026-07-03T00:00:00.000Z,2026-08-24T00:00:00.000Z,6373546871,6373546871,1.34188E+11,1397535609,130
1954,2184,C,,,,6372588372,5694246629,1.13119E+11,1166950835,114
1955,2958,C,,,,6371922836,6371922836,3.15985E+11,1635662425,168
1956,1722,C,,,,6370938836,6370938836,2.43726E+11,1559356908,146
1957,1753,C,C13224 (Battle),2026-07-03T00:00:00.000Z,2026-08-24T00:00:00.000Z,6367633775,6367633775,68401926125,1135219194,112
1958,2351,C,,,,6367082375,5804476552,89894227744,939420721,141
1959,1436,C,,,,6367051165,6367051165,1.40294E+11,1437354977,99
1960,3825,C,C13214 (Battle),2026-07-03T00:00:00.000Z,2026-08-24T00:00:00.000Z,6365077015,6365077015,97015074406,843333829,161
1961,2085,C,C13248 (Battle),2026-07-03T00:00:00.000Z,2026-08-24T00:00:00.000Z,6360261773,6359820621,49187143364,955834985,131
1962,2688,C,,,,6358141451,6358141451,1.02881E+11,1038087896,158
1963,1906,C,,,,6356367886,6348164038,65221301711,1112935494,109
1964,3653,C,,,,6354656195,6354656195,1.38419E+11,1115677477,137
1965,2796,C,C13223 (Battle),2026-07-03T00:00:00.000Z,2026-08-24T00:00:00.000Z,6351498843,6351498843,64329918565,1023901686,140
1966,2054,C,,,,6350738605,6347702983,1.61071E+11,1271538788,164
1967,2761,C,C13230 (Battle),2026-07-03T00:00:00.000Z,2026-08-24T00:00:00.000Z,6347719997,6347719997,1.06303E+11,1063778176,164
1968,2912,C,C13214 (Battle),2026-07-03T00:00:00.000Z,2026-08-24T00:00:00.000Z,6346356513,6346356513,1.62983E+11,1190097972,154
1969,3786,C,,,,6343514395,6343514395,58451366778,620098990,156
1970,3200,C,,,,6343075297,6343075297,87089841371,1000888460,135
1971,1091,C,C13230 (Battle),2026-07-03T00:00:00.000Z,2026-08-24T00:00:00.000Z,6340619884,6332604004,1.17404E+11,1337962173,108
1972,2464,C,C13220 (Battle),2026-07-03T00:00:00.000Z,2026-08-24T00:00:00.000Z,6339579031,6339579031,61411832467,1023186076,136
1973,1240,C,C13221 (Battle),2026-07-03T00:00:00.000Z,2026-08-24T00:00:00.000Z,6338498495,6338498495,66050018115,1108242230,104
1974,2997,C,,,,6338329845,6338329845,1.38136E+11,1031302832,124
1975,1167,C,,,,6338134913,6338134913,77854263079,1193748463,127
1976,1445,C,,,,6336599756,6336599756,58737868124,919291475,156
1977,1928,C,,,,6336555306,6336555306,1.09938E+11,1218025734,140
1978,2754,C,C13221 (Battle),2026-07-03T00:00:00.000Z,2026-08-24T00:00:00.000Z,6334050356,6334050356,1.20551E+11,1188232991,134
1979,3817,C,C13215 (Battle),2026-07-03T00:00:00.000Z,2026-08-24T00:00:00.000Z,6334040535,6334040535,1.1157E+11,721301587,169
1980,2542,C,C13248 (Battle),2026-07-03T00:00:00.000Z,2026-08-24T00:00:00.000Z,6331486456,6331486456,96971780474,1221349640,125
1981,3679,C,C13217 (Battle),2026-07-03T00:00:00.000Z,2026-08-24T00:00:00.000Z,6331299943,6331299943,71696742710,891036057,152
1982,1618,C,,,,6329106204,6329106204,72994566442,1077395400,120
1983,1479,C,,,,6322935182,6322935182,2.90628E+11,1561670236,137
1984,3150,C,C13230 (Battle),2026-07-03T00:00:00.000Z,2026-08-24T00:00:00.000Z,6321488412,6321488412,64186342294,1026044116,136
1985,2778,C,C13216 (Battle),2026-07-03T00:00:00.000Z,2026-08-24T00:00:00.000Z,6321140947,6321140947,1.11516E+11,1195938172,126
1986,1554,C,,,,6320601563,6320601563,1.30162E+11,1336811523,143
1987,3907,C,,,,6314714146,6314714146,47922313835,378039347,196
1988,2683,C,,,,6313485906,6313485906,1.22666E+11,1188121020,133
1989,3589,C,C13217 (Battle),2026-07-03T00:00:00.000Z,2026-08-24T00:00:00.000Z,6310377433,6310377433,99668173723,1171057870,152
1990,2623,C,C13224 (Battle),2026-07-03T00:00:00.000Z,2026-08-24T00:00:00.000Z,6310048464,6310048464,1.49399E+11,1334210559,132
1991,1403,C,,,,6309672256,6303548173,1.13321E+11,1130425173,113
1992,2937,C,C13223 (Battle),2026-07-03T00:00:00.000Z,2026-08-24T00:00:00.000Z,6305342078,6305342078,67753269540,944034350,150
1993,3379,C,,,,6304952354,6304952354,81395984218,932327956,175
1994,2906,C,C13211 (Battle),2026-07-03T00:00:00.000Z,2026-08-24T00:00:00.000Z,6300491751,6299660130,2.47096E+11,1485243845,122
1995,1342,C,C13223 (Battle),2026-07-03T00:00:00.000Z,2026-08-24T00:00:00.000Z,6299940411,6268453076,43722557914,789106976,102
1996,1116,C,,,,6297954715,6286750846,17569271185,529180911,124
1997,3827,C,,,,6293217880,6292653824,85816406782,670518501,154
1998,2248,C,,,,6293024284,6293024284,1.28895E+11,1133437002,151
1999,3426,C,,,,6291207668,6286957370,1.62931E+11,1188827695,102
2000,1279,C,,,,6286491911,6286491911,1.20978E+11,1324562733,120
2001,3038,C,C13230 (Battle),2026-07-03T00:00:00.000Z,2026-08-24T00:00:00.000Z,6285958775,6285958775,1.37763E+11,1155984406,177
2002,2846,C,,,,6285662581,6285662581,1.00994E+11,1105501787,135
2003,1782,C,,,,6285279099,6272703841,64928996654,1073993524,107
2004,3126,C,,,,6282357309,6282357309,63923225700,803248035,145
2005,3510,C,,,,6277839611,5431513361,40552432238,700576712,115
2006,3551,C,,,,6277645810,6277645810,1.57446E+11,1206415264,152
2007,1415,C,C13217 (Battle),2026-07-03T00:00:00.000Z,2026-08-24T00:00:00.000Z,6274376337,6273175061,1.61495E+11,1453915379,145
2008,3116,C,,,,6271844373,6271844373,86361111673,1090485029,137
2009,1755,C,,,,6269229968,6269229968,90542505604,1169644948,112
2010,3556,C,,,,6267547935,6267547935,1.526E+11,1188678348,127
2011,1127,C,,,,6267007301,6235833062,2.35767E+11,1454922537,120
2012,3877,C,C13207 (Battle),2026-06-11T00:00:00.000Z,2026-08-08T00:00:00.000Z,6266489337,6266489337,28308263461,333457218,174
2013,3089,C,,,,6265252754,6258895575,86198217573,1093743494,101
2014,2040,C,,,,6263863244,6263863244,1.26611E+11,1202761286,140
2015,3872,C,C13207 (Battle),2026-06-11T00:00:00.000Z,2026-08-08T00:00:00.000Z,6262305203,6262305203,32873476950,377398135,189
2016,3237,C,,,,6261954832,6261954832,91738630408,1032343182,118
2017,1420,C,C13230 (Battle),2026-07-03T00:00:00.000Z,2026-08-24T00:00:00.000Z,6261702018,6261702018,1.09053E+11,1493126432,154
2018,2708,C,C13220 (Battle),2026-07-03T00:00:00.000Z,2026-08-24T00:00:00.000Z,6260628666,6260628666,1.33433E+11,1283054402,149
2019,3203,C,,,,6258613226,6248100144,2.06959E+11,1174648328,153
2020,3044,C,,,,6250461849,6250461849,1.29242E+11,1213557830,136
2021,2954,C,,,,6247650080,6247650080,1.1178E+11,1217087123,120
2022,3062,C,C13220 (Battle),2026-07-03T00:00:00.000Z,2026-08-24T00:00:00.000Z,6247132109,6244447576,80895694343,1064227698,138
2023,2765,C,,,,6247054986,6247054986,1.45828E+11,1254879819,155
2024,1293,C,C13220 (Battle),2026-07-03T00:00:00.000Z,2026-08-24T00:00:00.000Z,6246822021,6246822021,1.01616E+11,1225173351,123
2025,2635,C,,,,6244006665,6238135685,1.61509E+11,1094715406,161
2026,3295,C,,,,6236901391,6236901391,1.04454E+11,842636529,150
2027,2257,C,,,,6236116853,6236116853,1.08346E+11,1340915537,123
2028,2767,C,,,,6236099716,6236099716,1.16541E+11,1049715672,162
2029,1268,C,C13230 (Battle),2026-07-03T00:00:00.000Z,2026-08-24T00:00:00.000Z,6234028852,6234028852,64415365296,983729539,127
2030,2980,C,,,,6231524614,6228741412,2.02484E+11,1359629765,118
2031,3729,C,,,,6231450617,6231450617,1.4024E+11,1001955170,119
2032,3442,C,C13220 (Battle),2026-07-03T00:00:00.000Z,2026-08-24T00:00:00.000Z,6228748120,6228748120,99979022393,993606473,125
2033,1594,C,C13222 (Battle),2026-07-03T00:00:00.000Z,2026-08-24T00:00:00.000Z,6228034182,6228034182,71267528290,1104044041,92
2034,2517,C,C13215 (Battle),2026-07-03T00:00:00.000Z,2026-08-24T00:00:00.000Z,6225217944,6225217944,1.14574E+11,1274181964,135
2035,2834,C,,,,6222812012,6204487433,2.41217E+11,1358058782,147
2036,3515,C,,,,6219659620,6219659620,72209246692,869184143,145
2037,3740,C,C13229 (Battle),2026-07-03T00:00:00.000Z,2026-08-24T00:00:00.000Z,6219567181,6219567181,54701301911,690048325,157
2038,1481,C,C13248 (Battle),2026-07-03T00:00:00.000Z,2026-08-24T00:00:00.000Z,6217987665,6217987665,94013370476,1078559989,134
2039,1022,C,C13245 (Battle),2026-07-03T00:00:00.000Z,2026-08-24T00:00:00.000Z,6214904462,6214904462,1.14016E+11,1216674001,145
2040,1321,C,,,,6212102624,6204425342,1.09752E+11,1149014237,106
2041,2863,C,,,,6209665843,6209665843,1.01064E+11,1238734067,123
2042,1642,C,C13243 (Battle),2026-07-03T00:00:00.000Z,2026-08-24T00:00:00.000Z,6208934321,6205018289,1.593E+11,1493440579,150
2043,2266,C,,,,6204883771,6204883771,1.46701E+11,1462452956,130
2044,2956,C,,,,6203145339,6203145339,1.83717E+11,1100637937,173
2045,2144,C,C13222 (Battle),2026-07-03T00:00:00.000Z,2026-08-24T00:00:00.000Z,6200971986,6200971986,56945774068,1039281177,102
2046,3642,C,,,,6199613156,6199613156,57375789367,794184891,163
2047,2904,C,,,,6199529113,6199529113,89175222409,938414891,156
2048,3064,C,,,,6199251795,6199251795,1.02118E+11,1136875590,111
2049,3560,C,,,,6198333887,4264921670,93663333222,523570099,123
2050,1398,C,C13247 (Battle),2026-07-03T00:00:00.000Z,2026-08-24T00:00:00.000Z,6195787919,6195787919,92830763993,1292535053,124
2051,1110,C,C13223 (Battle),2026-07-03T00:00:00.000Z,2026-08-24T00:00:00.000Z,6195633823,6195633823,54407110366,876371086,112
2052,1427,C,,,,6192890633,6188843579,1.50076E+11,1181388406,123
2053,2413,C,C13220 (Battle),2026-07-03T00:00:00.000Z,2026-08-24T00:00:00.000Z,6192529992,6192529992,1.31217E+11,1042219810,109
2054,1424,C,C13224 (Battle),2026-07-03T00:00:00.000Z,2026-08-24T00:00:00.000Z,6189220567,6187539619,32306219078,868325632,100
2055,2973,C,,,,6188298753,6188298753,89337683379,915044333,155
2056,2058,C,C13227 (Battle),2026-07-03T00:00:00.000Z,2026-08-24T00:00:00.000Z,6187883840,6182148551,2.94514E+11,1994265284,130
2057,1432,C,,,,6186493146,6186493146,1.03774E+11,1157570223,110
2058,3177,C,C13231 (Battle),2026-07-03T00:00:00.000Z,2026-08-24T00:00:00.000Z,6181730107,6181730107,1.01476E+11,946564014,145
2059,3573,C,C13222 (Battle),2026-07-03T00:00:00.000Z,2026-08-24T00:00:00.000Z,6181355213,6181355213,49474568127,790539355,159
2060,2528,C,,,,6181080745,6179847055,1.8358E+11,1204776856,129
2061,3020,C,,,,6180994575,6180994575,1.57197E+11,1062208197,185
2062,3394,C,C13220 (Battle),2026-07-03T00:00:00.000Z,2026-08-24T00:00:00.000Z,6174116351,6174116351,1.23843E+11,1034421478,139
2063,1974,C,C13243 (Battle),2026-07-03T00:00:00.000Z,2026-08-24T00:00:00.000Z,6171951025,6171951025,73858221234,976286874,116
2064,3559,C,C13213 (Battle),2026-07-03T00:00:00.000Z,2026-08-24T00:00:00.000Z,6170034807,6166854042,2.39799E+11,1443705754,122
2065,2395,C,,,,6163815561,6154049681,1.73208E+11,1366914904,132
2066,2653,C,C13227 (Battle),2026-07-03T00:00:00.000Z,2026-08-24T00:00:00.000Z,6159877974,6159877974,3.79116E+11,1676196665,152
2067,3371,C,,,,6153702298,6153702298,1.33883E+11,1180654594,142
2068,1352,C,,,,6150098789,6138599761,2.53641E+11,1276637248,176
2069,2322,C,,,,6144887092,5497995804,59035168719,999704104,97
2070,2353,C,,,,6143099523,5812934147,1.22847E+11,1018447572,146
2071,1851,C,,,,6142110134,6142110134,63603133980,957777390,114
2072,1884,C,,,,6141518795,6127501844,1.10049E+11,1340291258,124
2073,3487,C,C13231 (Battle),2026-07-03T00:00:00.000Z,2026-08-24T00:00:00.000Z,6138256073,6138256073,1.31033E+11,1310661128,135
2074,1988,C,,,,6137590640,6137590640,1.94039E+11,1281987164,136
2075,2002,C,,,,6132757753,6117418599,1.12533E+11,1111539258,116
2076,3704,C,C13246 (Battle),2026-07-03T00:00:00.000Z,2026-08-24T00:00:00.000Z,6130982803,6130982803,89228318305,927401789,164
2077,3403,C,,,,6126797988,6126797988,1.48057E+11,1213635541,132
2078,1794,C,,,,6126374551,6126374551,1.37241E+11,1234430017,107
2079,1413,C,,,,6125589940,6125589940,1.08299E+11,1110046615,117
2080,3448,C,,,,6122476991,6122476991,21196902609,598117583,140
2081,3616,C,,,,6121413140,6121413140,1.34005E+11,1230279014,127
2082,2140,C,C13215 (Battle),2026-07-03T00:00:00.000Z,2026-08-24T00:00:00.000Z,6120518802,6120518802,1.40248E+11,1123309247,135
2083,3204,C,C13221 (Battle),2026-07-03T00:00:00.000Z,2026-08-24T00:00:00.000Z,6120015657,6120015657,80529393312,971073545,169
2084,3091,C,,,,6119960073,6119960073,1.36321E+11,1145216507,114
2085,1073,C,,,,6118438353,6078516071,1.52646E+11,1246069916,105
2086,2903,C,C13231 (Battle),2026-07-03T00:00:00.000Z,2026-08-24T00:00:00.000Z,6117982834,6112232126,2.50784E+11,1736409013,121
2087,2096,C,C13221 (Battle),2026-07-03T00:00:00.000Z,2026-08-24T00:00:00.000Z,6114352036,6114352036,69136891837,1091399296,144
2088,1438,C,,,,6111711412,6109148038,1.27724E+11,1279819785,127
2089,1057,C,,,,6111223496,6108115619,98647895152,1013996353,107
2090,3168,C,,,,6106261424,6106261424,79488822624,1047325633,149
2091,3070,C,,,,6104714184,6104714184,1.01979E+11,904884643,129
2092,1421,C,,,,6098136777,6052288018,2.32018E+11,1269071442,127
2093,2580,C,C13223 (Battle),2026-07-03T00:00:00.000Z,2026-08-24T00:00:00.000Z,6097857028,6097857028,73897509617,1069628636,126
2094,3147,C,,,,6096355800,6075432001,2.63836E+11,1558692140,118
2095,2742,C,C13243 (Battle),2026-07-03T00:00:00.000Z,2026-08-24T00:00:00.000Z,6090978775,6090978775,92128846136,986406328,144
2096,3171,C,,,,6087394243,6087394243,94550071035,1108010368,131
2097,1932,C,,,,6086476606,6084518951,72036255907,968292089,102
2098,3353,C,,,,6082729245,6082729245,1.60652E+11,1206441270,141
2099,1264,C,,,,6081251866,6081251866,1.3764E+11,1540779860,113
2100,2115,C,C13241 (Battle),2026-07-03T00:00:00.000Z,2026-08-24T00:00:00.000Z,6079877087,6075408619,1.42578E+11,1337195245,113
2101,2145,C,,,,6079769444,6075906245,1.20188E+11,1187694480,118
2102,2022,C,,,,6077428638,6077428638,84335749574,1102159426,118
2103,1856,C,C13220 (Battle),2026-07-03T00:00:00.000Z,2026-08-24T00:00:00.000Z,6071682450,6070394109,82128620555,1062890373,128
2104,3175,C,,,,6069448904,6069448904,1.35287E+11,1180872288,132
2105,1577,C,C13241 (Battle),2026-07-03T00:00:00.000Z,2026-08-24T00:00:00.000Z,6065407552,6065407552,1.42195E+11,1440937805,117
2106,1170,C,,,,6060927339,6054415995,1.45716E+11,1162551937,118
2107,3619,C,,,,6058198112,6058198112,1.1089E+11,1004542824,115
2108,2594,C,,,,6057710991,6057710991,68033093705,992652570,98
2109,3081,C,,,,6055296390,6055296390,1.09945E+11,984332422,131
2110,2751,C,,,,6050511610,6046860335,49270587752,791605913,135
2111,2254,C,C13221 (Battle),2026-07-03T00:00:00.000Z,2026-08-24T00:00:00.000Z,6049209164,6049209164,62026914763,1038790437,113
2112,3261,C,,,,6048519584,6048519584,1.79764E+11,1204736273,134
2113,2740,C,,,,6046866402,6046866402,1.15971E+11,1280778591,125
2114,1925,C,C13221 (Battle),2026-07-03T00:00:00.000Z,2026-08-24T00:00:00.000Z,6043829517,6043829517,61192914400,978334701,124
2115,2249,C,,,,6041868756,4209598273,1.35481E+11,911064898,99
2116,1440,C,,,,6041092350,6041092350,60455687594,989789596,127
2117,2853,C,C13224 (Battle),2026-07-03T00:00:00.000Z,2026-08-24T00:00:00.000Z,6039143609,6039143609,58994714772,881589732,117
2118,1492,C,C13216 (Battle),2026-07-03T00:00:00.000Z,2026-08-24T00:00:00.000Z,6038144776,6038144776,1.74525E+11,1426856719,134
2119,1402,C,,,,6037267782,6036683813,2.14479E+11,1273873961,117
2120,1298,C,,,,6035109647,6035109647,83270603858,1086578503,103
2121,2435,C,,,,6034035372,6034035372,1.00749E+11,977644025,117
2122,2098,C,,,,6029937756,6020657924,2.01762E+11,1321328486,133
2123,1566,C,,,,6027947410,6027947410,88665053087,1071539216,110
2124,2177,C,,,,6025665891,6025665891,98792818828,970327878,151
2125,2703,C,,,,6025479963,4948647075,1.26985E+11,1093327732,99
2126,2880,C,,,,6024359278,6024359278,80111085721,1011821915,146
2127,3390,C,,,,6022087333,6022087333,1.03668E+11,944697360,128
2128,1276,C,C13220 (Battle),2026-07-03T00:00:00.000Z,2026-08-24T00:00:00.000Z,6021934474,6021934474,1.25887E+11,1242512323,111
2129,2676,C,,,,6020352939,6020352939,1.73455E+11,1304671036,134
2130,1673,C,,,,6018332913,6018332913,1.34355E+11,1316264064,106
2131,1199,C,C13219 (Battle),2026-07-03T00:00:00.000Z,2026-08-24T00:00:00.000Z,6016662505,6005063151,1.07593E+11,1077818582,128
2132,1247,C,,,,6016566293,6016566293,1.06409E+11,1207460571,119
2133,3305,C,,,,6015471417,6015471417,90171745341,853569242,146
2134,1194,C,,,,6015236213,6015236213,57925554677,1121755549,127
2135,3625,C,,,,6012324289,6012324289,1.25127E+11,892586764,166
2136,1183,C,C13221 (Battle),2026-07-03T00:00:00.000Z,2026-08-24T00:00:00.000Z,6009071757,6009071757,91890719494,1147872483,101
2137,3683,C,C13217 (Battle),2026-07-03T00:00:00.000Z,2026-08-24T00:00:00.000Z,6007354205,6007354205,1.01046E+11,714217394,179
2138,2109,C,,,,6004827492,5693403442,1.13384E+11,1105841036,144
2139,2506,C,,,,6001046526,6001046526,1.20926E+11,1230694588,141
2140,2006,C,C13230 (Battle),2026-07-03T00:00:00.000Z,2026-08-24T00:00:00.000Z,5996090258,5990610877,1.12491E+11,900878591,111
2141,1735,C,C13230 (Battle),2026-07-03T00:00:00.000Z,2026-08-24T00:00:00.000Z,5994152394,5994152394,96054485379,1301885445,130
2142,2989,C,,,,5993638858,5993638858,1.75922E+11,1328615107,120
2143,2878,C,,,,5993519094,5993519094,1.14933E+11,1122367427,129
2144,2624,C,C13229 (Battle),2026-07-03T00:00:00.000Z,2026-08-24T00:00:00.000Z,5985211230,5982036916,87669316793,971096288,155
2145,1296,C,C13220 (Battle),2026-07-03T00:00:00.000Z,2026-08-24T00:00:00.000Z,5977941360,5977941360,1.92231E+11,1387961298,147
2146,3607,C,,,,5973538968,5967183471,1.46594E+11,961449123,138
2147,2282,C,,,,5971421618,5955312888,95765283065,935433617,104
2148,1488,C,,,,5970409903,5970409903,1.11545E+11,1223819385,97
2149,2180,C,,,,5963637485,5963637485,1.86843E+11,1252139848,131
2150,2292,C,C13243 (Battle),2026-07-03T00:00:00.000Z,2026-08-24T00:00:00.000Z,5962450628,5962450628,96764236356,1287674305,125
2151,1161,C,,,,5960812986,5766477224,79728858731,930433818,106
2152,1454,C,,,,5959619043,5943055680,2.28467E+11,1666021648,114
2153,3461,C,,,,5957759177,5957185049,1.73819E+11,1196700368,132
2154,3174,C,,,,5957374444,5957374444,1.1309E+11,1009621043,147
2155,2151,C,C13245 (Battle),2026-07-03T00:00:00.000Z,2026-08-24T00:00:00.000Z,5956878055,5956878055,1.10339E+11,1247938624,122
2156,2148,C,,,,5955639946,5952838862,1.64165E+11,1323099615,121
2157,3707,C,,,,5954961179,5954961179,83960856594,679692643,151
2158,1325,C,,,,5953345987,5953345987,80111164457,1082849288,128
2159,1246,C,,,,5952767878,5948233097,67567593282,981924735,100
2160,3420,C,C13230 (Battle),2026-07-03T00:00:00.000Z,2026-08-24T00:00:00.000Z,5951234185,5951234185,67794497992,871766214,136
2161,3069,C,C13221 (Battle),2026-07-03T00:00:00.000Z,2026-08-24T00:00:00.000Z,5947937137,5943331598,1.5597E+11,1223081392,128
2162,2511,C,,,,5936089731,5936089731,1.11141E+11,1200262284,114
2163,2682,C,,,,5934551309,5934551309,1.10315E+11,971320265,135
2164,1355,C,C13220 (Battle),2026-07-03T00:00:00.000Z,2026-08-24T00:00:00.000Z,5934029927,5934029927,1.20651E+11,1344348619,118
2165,2840,C,,,,5932964754,5932964754,45331976195,701589404,180
2166,2982,C,,,,5931188738,5931188738,1.36241E+11,1037730422,135
2167,2329,C,C13247 (Battle),2026-07-03T00:00:00.000Z,2026-08-24T00:00:00.000Z,5930406264,5930406264,98414804234,1050109041,128
2168,1153,C,C13219 (Battle),2026-07-03T00:00:00.000Z,2026-08-24T00:00:00.000Z,5929022067,5929022067,1.7893E+11,1625551705,97
2169,3821,C,C13222 (Battle),2026-07-03T00:00:00.000Z,2026-08-24T00:00:00.000Z,5926728971,5926728971,74241380972,529200763,160
2170,1055,C,,,,5926288619,5926288619,78984783466,952248721,120
2171,1096,C,,,,5922503307,5922503307,56796500951,836314313,120
2172,3775,C,,,,5919956542,5919956542,43410552582,599304522,159
2173,2415,C,,,,5919287290,5919287290,88782821733,1099744160,122
2174,2090,C,,,,5915405296,5660126998,61906007624,1070617422,111
2175,3428,C,C13217 (Battle),2026-07-03T00:00:00.000Z,2026-08-24T00:00:00.000Z,5915041704,5915041704,1.12414E+11,1121102389,121
2176,2043,C,,,,5910874540,5908972614,41569741935,1060681817,121
2177,3578,C,C13247 (Battle),2026-07-03T00:00:00.000Z,2026-08-24T00:00:00.000Z,5909261015,5909261015,1.17802E+11,1091904788,114
2178,1555,C,C13241 (Battle),2026-07-03T00:00:00.000Z,2026-08-24T00:00:00.000Z,5908979830,5842030807,79727369875,1061386441,99
2179,2968,C,C13218 (Battle),2026-07-03T00:00:00.000Z,2026-08-24T00:00:00.000Z,5908520153,5908520153,1.11112E+11,1076820044,127
2180,2548,C,,,,5905413289,5259079565,80167133401,964513454,97
2181,1775,C,C13230 (Battle),2026-07-03T00:00:00.000Z,2026-08-24T00:00:00.000Z,5900436401,5900436401,83082768132,1170857744,140
2182,2507,C,,,,5894314440,5891838517,2.01609E+11,1442155500,114
2183,1551,C,,,,5893812331,5888871352,1.01257E+11,1057580990,124
2184,3423,C,C13245 (Battle),2026-07-03T00:00:00.000Z,2026-08-24T00:00:00.000Z,5889876481,5889876481,1.14997E+11,1059471981,133
2185,3207,C,C13218 (Battle),2026-07-03T00:00:00.000Z,2026-08-24T00:00:00.000Z,5887243892,5887243892,1.1871E+11,1087855513,133
2186,3196,C,C13218 (Battle),2026-07-03T00:00:00.000Z,2026-08-24T00:00:00.000Z,5886524557,5886524557,1.36223E+11,1073478021,155
2187,3206,C,C13223 (Battle),2026-07-03T00:00:00.000Z,2026-08-24T00:00:00.000Z,5885430974,5885430974,70657467116,971638824,142
2188,2041,C,,,,5881897844,5881897844,1.89978E+11,1321161185,99
2189,2760,C,,,,5881267743,5881267743,1.7302E+11,1116402702,128
2190,1007,C,C13221 (Battle),2026-07-03T00:00:00.000Z,2026-08-24T00:00:00.000Z,5873835524,5873835524,66230743499,891050752,123
2191,1097,C,,,,5871973197,5871973197,1.54566E+11,1610713905,118
2192,3888,C,C13207 (Battle),2026-06-11T00:00:00.000Z,2026-08-08T00:00:00.000Z,5870511153,5870511153,29105596189,369496263,193
2193,2230,C,C13242 (Battle),2026-07-03T00:00:00.000Z,2026-08-24T00:00:00.000Z,5867712582,5867712582,2.04761E+11,1289376022,143
2194,2252,C,,,,5866835295,5866835295,48124624061,806322707,114
2195,1731,C,,,,5866397327,5866397327,44541720941,1142555578,138
2196,2467,C,,,,5864706435,5374079890,42123854647,726451350,98
2197,1648,D,,,,5862080516,5834198684,1.36734E+11,1062125631,136
2198,3624,D,,,,5861946530,5861946530,80507620685,896081659,151
2199,3334,D,C13229 (Battle),2026-07-03T00:00:00.000Z,2026-08-24T00:00:00.000Z,5858219454,5858219454,1.36734E+11,1078500626,133
2200,1475,D,C13219 (Battle),2026-07-03T00:00:00.000Z,2026-08-24T00:00:00.000Z,5853684406,5850458357,2.11685E+11,1434924436,94
2201,1294,D,C13245 (Battle),2026-07-03T00:00:00.000Z,2026-08-24T00:00:00.000Z,5852094718,5852094718,48557890898,914975609,122
2202,3208,D,,,,5848501284,5848501284,69423868835,866686551,144
2203,1260,D,,,,5845204689,5832289674,1.03054E+11,1187139309,112
2204,1115,D,C13223 (Battle),2026-07-03T00:00:00.000Z,2026-08-24T00:00:00.000Z,5844550834,5844550834,63931739543,1078240657,131
2205,1119,D,C13222 (Battle),2026-07-03T00:00:00.000Z,2026-08-24T00:00:00.000Z,5841230034,5840758140,1.26711E+11,1195752378,94
2206,1899,D,,,,5838890740,5838890740,1.14373E+11,1319667428,114
2207,2557,D,,,,5835468720,5260629464,54758127366,990871349,96
2208,3436,D,,,,5832483755,5832483755,1.06389E+11,886110828,109
2209,2701,D,C13218 (Battle),2026-07-03T00:00:00.000Z,2026-08-24T00:00:00.000Z,5832353280,5820086426,1.79056E+11,1355073860,108
2210,1733,D,C13219 (Battle),2026-07-03T00:00:00.000Z,2026-08-24T00:00:00.000Z,5829308124,5829308124,1.33421E+11,1475795077,119
2211,1428,D,,,,5826322944,5826322944,1.49143E+11,1576948164,105
2212,1963,D,C13247 (Battle),2026-07-03T00:00:00.000Z,2026-08-24T00:00:00.000Z,5822211390,5822211390,1.03884E+11,1187387423,117
2213,1217,D,,,,5813114904,5813114904,92860641321,1062826571,110
2214,1433,D,,,,5809996437,5804290283,4.17819E+11,1678644268,150
2215,2637,D,,,,5808672872,5808672872,75310107880,940209896,121
2216,2789,D,C13229 (Battle),2026-07-03T00:00:00.000Z,2026-08-24T00:00:00.000Z,5807947113,5807947113,2.88002E+11,1411159554,149
2217,1133,D,,,,5806839280,5800237668,61121578277,807925906,98
2218,2553,D,,,,5806634348,5786607610,2.06101E+11,1117304419,134
2219,1030,D,C13223 (Battle),2026-07-03T00:00:00.000Z,2026-08-24T00:00:00.000Z,5802738954,5802738954,53836934197,1028953689,112
2220,2689,D,,,,5802706958,5802706958,1.12902E+11,1195786119,126
2221,1629,D,C13247 (Battle),2026-07-03T00:00:00.000Z,2026-08-24T00:00:00.000Z,5799815709,5799815709,1.00647E+11,1053086985,105
2222,3661,D,C13246 (Battle),2026-07-03T00:00:00.000Z,2026-08-24T00:00:00.000Z,5797030751,5797030751,1.08618E+11,950814588,141
2223,2645,D,,,,5796006608,5788514523,88320855183,1009085470,110
2224,1145,D,,,,5792828709,5792828709,54158134585,1092074233,101
2225,2046,D,C13222 (Battle),2026-07-03T00:00:00.000Z,2026-08-24T00:00:00.000Z,5790810803,5790810803,91985695055,1081364281,118
2226,1752,D,,,,5786996082,5786996082,1.41514E+11,1348129709,115
2227,2178,D,,,,5785919904,5459367571,54913201623,918389509,117
2228,2639,D,,,,5782888719,5782888719,1.12195E+11,1323125839,116
2229,2619,D,,,,5778639219,5778639219,1.37499E+11,1189375614,138
2230,1830,D,,,,5774526152,5774526152,1.67232E+11,1332000427,107
2231,1363,D,C13241 (Battle),2026-07-03T00:00:00.000Z,2026-08-24T00:00:00.000Z,5773597241,5773597241,1.29772E+11,1318316782,92
2232,3638,D,,,,5770707529,5770707529,65454298099,786711801,137
2233,2075,D,,,,5770649431,5757922303,91476826816,1129513483,117
2234,1317,D,C13241 (Battle),2026-07-03T00:00:00.000Z,2026-08-24T00:00:00.000Z,5769403654,5769403654,1.24424E+11,1192882083,122
2235,3194,D,,,,5767201655,5752816738,1.61624E+11,1278888496,164
2236,3557,D,,,,5766700875,5766700875,1.80031E+11,1094516369,148
2237,3411,D,,,,5763419301,5763419301,88226460823,880780335,118
2238,1205,D,C13222 (Battle),2026-07-03T00:00:00.000Z,2026-08-24T00:00:00.000Z,5757629464,5757629464,76205580112,1108069423,109
2239,2573,D,C13221 (Battle),2026-07-03T00:00:00.000Z,2026-08-24T00:00:00.000Z,5755505476,5752032726,70245439361,805150758,109
2240,1372,D,C13222 (Battle),2026-07-03T00:00:00.000Z,2026-08-24T00:00:00.000Z,5750128659,5744294572,93951282051,1248785865,104
2241,2602,D,,,,5747330292,5747330292,1.33508E+11,1280806610,132
2242,2948,D,,,,5746471571,4505090010,1.21458E+11,865874359,146
2243,2095,D,C13218 (Battle),2026-07-03T00:00:00.000Z,2026-08-24T00:00:00.000Z,5743905549,5743905549,95400995033,982342398,135
2244,3456,D,C13216 (Battle),2026-07-03T00:00:00.000Z,2026-08-24T00:00:00.000Z,5743314939,5743314939,95816751242,1020777136,116
2245,1286,D,,,,5740206492,5740206492,1.12207E+11,1434226290,107
2246,1647,D,C13240 (Battle),2026-07-03T00:00:00.000Z,2026-08-24T00:00:00.000Z,5736984552,5629291741,2.37607E+11,1942085189,127
2247,1998,D,,,,5732685422,5731952858,99449489824,1100629262,98
2248,2360,D,,,,5729393150,5726793310,54524022074,844501246,116
2249,3646,D,C13222 (Battle),2026-07-03T00:00:00.000Z,2026-08-24T00:00:00.000Z,5727232856,5727232856,56204051741,730466748,154
2250,3648,D,C13222 (Battle),2026-07-03T00:00:00.000Z,2026-08-24T00:00:00.000Z,5725245996,5725245996,82561413236,868311471,154
2251,1896,D,C13230 (Battle),2026-07-03T00:00:00.000Z,2026-08-24T00:00:00.000Z,5722238529,5722238529,63773793654,1077889735,103
2252,1540,D,C13241 (Battle),2026-07-03T00:00:00.000Z,2026-08-24T00:00:00.000Z,5714769970,5714769970,1.46501E+11,1035200965,95
2253,1867,D,C13222 (Battle),2026-07-03T00:00:00.000Z,2026-08-24T00:00:00.000Z,5713767102,5713767102,54117185952,888826906,143
2254,2060,D,C13230 (Battle),2026-07-03T00:00:00.000Z,2026-08-24T00:00:00.000Z,5706783480,5706783480,1.17755E+11,1155913222,143
2255,2265,D,,,,5705138840,5705138840,1.54962E+11,1042734082,125
2256,2208,D,,,,5703310250,5703310250,96276246403,1125168595,134
2257,1953,D,,,,5702656796,5702656796,66740599769,1102111205,95
2258,1229,D,,,,5701081914,5701081914,91260322580,1194228311,103
2259,1833,D,,,,5700193841,5700193841,93389491794,1229727707,92
2260,1327,D,C13218 (Battle),2026-07-03T00:00:00.000Z,2026-08-24T00:00:00.000Z,5696988474,5687109802,1.85819E+11,1240573138,118
2261,3317,D,,,,5696904913,5696904913,1.49991E+11,954506795,147
2262,2190,D,C13247 (Battle),2026-07-03T00:00:00.000Z,2026-08-24T00:00:00.000Z,5696904309,5696904309,52273143931,906237731,105
2263,2357,D,,,,5696259893,5696259893,51892926434,979971895,131
2264,1557,D,,,,5694411549,5694411549,1.04064E+11,1043986055,108
2265,1947,D,,,,5691751406,5690541058,1.13043E+11,1255447762,96
2266,3875,D,C13207 (Battle),2026-06-11T00:00:00.000Z,2026-08-08T00:00:00.000Z,5690667509,5690667509,33064233938,344655205,167
2267,1655,D,C13222 (Battle),2026-07-03T00:00:00.000Z,2026-08-24T00:00:00.000Z,5690086857,5690086857,67101988371,1108759730,117
2268,3742,D,C13217 (Battle),2026-07-03T00:00:00.000Z,2026-08-24T00:00:00.000Z,5689410632,5689410632,68003577887,700394437,147
2269,3103,D,,,,5682279814,5682279814,84242064649,817741065,128
2270,1117,D,C13222 (Battle),2026-07-03T00:00:00.000Z,2026-08-24T00:00:00.000Z,5681910640,5681910640,59232788998,987579302,114
2271,2310,D,,,,5681834315,5681834315,49048673377,766677636,101
2272,3804,D,C13221 (Battle),2026-07-03T00:00:00.000Z,2026-08-24T00:00:00.000Z,5678116809,5678116809,52941528841,698225311,141
2273,3006,D,C13217 (Battle),2026-07-03T00:00:00.000Z,2026-08-24T00:00:00.000Z,5673155195,5673155195,2.44085E+11,1472204826,129
2274,2630,D,,,,5661477982,5660809997,1.03631E+11,1144794325,120
2275,1138,D,C13242 (Battle),2026-07-03T00:00:00.000Z,2026-08-24T00:00:00.000Z,5657695829,5657695829,1.68633E+11,1360863163,127
2276,2571,D,,,,5653760426,5634502588,2.46822E+11,1520130305,112
2277,1846,D,C13225 (Battle),2026-07-03T00:00:00.000Z,2026-08-24T00:00:00.000Z,5652314146,5652314146,71860839948,1038499446,150
2278,2480,D,C13229 (Battle),2026-07-03T00:00:00.000Z,2026-08-24T00:00:00.000Z,5647435142,5647435142,1.30805E+11,1108048122,126
2279,2118,D,C13243 (Battle),2026-07-03T00:00:00.000Z,2026-08-24T00:00:00.000Z,5643340215,5643340215,62517895373,981454199,121
2280,2785,D,,,,5641026778,5641026778,88122824699,1029667487,134
2281,1523,D,,,,5639000935,5639000935,1.55703E+11,1167380202,172
2282,2763,D,C13229 (Battle),2026-07-03T00:00:00.000Z,2026-08-24T00:00:00.000Z,5634649337,5634649337,88536207477,1098538766,125
2283,1785,D,,,,5633632966,5631693866,45996137729,696847601,84
2284,3914,D,,,,5633433682,5633433682,25134918520,337934825,183
2285,3437,D,,,,5632890543,5625328076,71989292465,934420352,118
2286,1192,D,C13220 (Battle),2026-07-03T00:00:00.000Z,2026-08-24T00:00:00.000Z,5632881981,5632881981,70920446472,856858722,85
2287,1876,D,,,,5632614496,5609715228,40613878830,685094011,78
2288,3468,D,C13216 (Battle),2026-07-03T00:00:00.000Z,2026-08-24T00:00:00.000Z,5627648879,5610613101,2.1678E+11,1214136051,142
2289,3659,D,,,,5626615402,5626615402,47615978916,485658492,127
2290,2437,D,C13221 (Battle),2026-07-03T00:00:00.000Z,2026-08-24T00:00:00.000Z,5622593387,5622593387,1.133E+11,1089101619,117
2291,2941,D,C13222 (Battle),2026-07-03T00:00:00.000Z,2026-08-24T00:00:00.000Z,5620071321,5619418525,1.24617E+11,1156895999,161
2292,2279,D,,,,5619008669,5619008669,1.4526E+11,1288324962,125
2293,1430,D,,,,5618240490,5617009941,1.59942E+11,1161248449,149
2294,1560,D,C13219 (Battle),2026-07-03T00:00:00.000Z,2026-08-24T00:00:00.000Z,5617526271,5617526271,1.80278E+11,1175957906,106
2295,1997,D,,,,5615484710,5615484710,82747959658,1049908338,114
2296,1711,D,C13218 (Battle),2026-07-03T00:00:00.000Z,2026-08-24T00:00:00.000Z,5608273631,5608273631,1.00854E+11,1075203457,107
2297,1497,D,,,,5604443451,5604443451,1.24779E+11,1494654427,113
2298,2611,D,,,,5602929159,5602755995,47264937010,609412725,98
2299,2667,D,,,,5602206609,5602206609,76345113943,743934902,136
2300,2771,D,,,,5601920488,5601920488,1.78065E+11,1311318644,102
2301,1626,D,,,,5600419327,5585583951,64573970718,1007340174,84
2302,1323,D,C13224 (Battle),2026-07-03T00:00:00.000Z,2026-08-24T00:00:00.000Z,5595003065,5582935951,43337729603,747810368,87
2303,1742,D,,,,5587886081,5521834388,38138222180,598826866,74
2304,1764,D,C13247 (Battle),2026-07-03T00:00:00.000Z,2026-08-24T00:00:00.000Z,5580702386,5580702386,40476232259,837697716,99
2305,1174,D,,,,5580102476,5580102476,1.08016E+11,1169351977,103
2306,3590,D,C13246 (Battle),2026-07-03T00:00:00.000Z,2026-08-24T00:00:00.000Z,5579937118,5579937118,1.21668E+11,1018842545,163
2307,1924,D,C13217 (Battle),2026-07-03T00:00:00.000Z,2026-08-24T00:00:00.000Z,5579907540,5579907540,1.36285E+11,1146668173,126
2308,1541,D,C13223 (Battle),2026-07-03T00:00:00.000Z,2026-08-24T00:00:00.000Z,5578225234,5578225234,49983325815,954525655,104
2309,2649,D,,,,5575447977,5559862560,1.08796E+11,1111006278,118
2310,2805,D,,,,5573272052,5573272052,64132784524,775352003,128
2311,2440,D,,,,5570077853,5570077853,92535845902,1021719779,114
2312,2615,D,,,,5568904393,5568904393,40944818147,753501481,125
2313,2450,D,,,,5568021217,5568021217,2.31398E+11,1243593484,129
2314,1084,D,,,,5567237462,5567237462,74279577109,876372770,105
2315,1957,D,C13225 (Battle),2026-07-03T00:00:00.000Z,2026-08-24T00:00:00.000Z,5565510508,5565510508,45413460450,836747033,106
2316,3575,D,,,,5560840763,5560840763,1.37487E+11,1011339180,165
2317,2556,D,,,,5558078158,5385776081,89496934817,1014171945,110
2318,1991,D,,,,5557588491,5553841656,94173204286,1081131422,108
2319,1165,D,,,,5556584041,5556584041,45472345503,782665433,108
2320,1070,D,,,,5556351313,5546507583,1.09861E+11,1063604251,110
2321,2705,D,,,,5553055477,5553055477,1.25942E+11,1305499367,135
2322,3497,D,,,,5551941383,5544890358,1.58361E+11,1194277976,118
2323,2534,D,,,,5550241127,5550241127,1.15351E+11,1126723218,149
2324,3413,D,,,,5550052775,5550052775,87574140873,847364440,121
2325,3281,D,,,,5546437205,5531381140,97119841988,769405467,129
2326,2407,D,C13245 (Battle),2026-07-03T00:00:00.000Z,2026-08-24T00:00:00.000Z,5540216355,5540216355,72536512915,1000744175,115
2327,1509,D,,,,5538050993,4717241565,89474464818,954474410,102
2328,2366,D,,,,5533681371,5533681371,1.94847E+11,1262919937,102
2329,1310,D,,,,5526896496,5526896496,1.03026E+11,975980787,119
2330,1333,D,,,,5525863082,5516071591,85815970348,1001491452,81
2331,1873,D,,,,5513973545,5513973545,71920144558,1013721640,141
2332,1332,D,,,,5510409968,5510409968,80772940068,1044369645,88
2333,2309,D,,,,5510208631,5510208631,85702100734,988048768,111
2334,3340,D,,,,5509451604,5509451604,50520816472,927801691,129
2335,3466,D,,,,5508288808,5508288808,1.19984E+11,1046446878,122
2336,1644,D,C13223 (Battle),2026-07-03T00:00:00.000Z,2026-08-24T00:00:00.000Z,5507190631,5497503146,33949545968,791385995,87
2337,1616,D,,,,5504838756,5504838756,57765390594,779796198,116
2338,1979,D,,,,5502757161,5502757161,57202506261,842022935,115
2339,3316,D,,,,5497900397,5497900397,1.39963E+11,930216263,138
2340,1658,D,,,,5496591602,5496137664,1.71643E+11,1400972043,99
2341,3236,D,,,,5494728192,5488963135,2.15744E+11,1060352149,120
2342,1014,D,C13223 (Battle),2026-07-03T00:00:00.000Z,2026-08-24T00:00:00.000Z,5491289164,5491289164,41265933194,605861076,143
2343,2631,D,,,,5488357560,5488357560,1.19278E+11,1155974559,107
2344,2447,D,,,,5486901881,5480568280,1.34087E+11,1340368000,87
2345,3082,D,,,,5485806999,5485806999,93775905143,957247042,122
2346,3122,D,,,,5484642701,5484642701,95913382265,989081483,101
2347,3056,D,C13240 (Battle),2026-07-03T00:00:00.000Z,2026-08-24T00:00:00.000Z,5480932940,5473015138,1.47341E+11,999049564,125
2348,1604,D,C13215 (Battle),2026-07-03T00:00:00.000Z,2026-08-24T00:00:00.000Z,5471677597,5471677597,1.21925E+11,1140748028,113
2349,1889,D,C13224 (Battle),2026-07-03T00:00:00.000Z,2026-08-24T00:00:00.000Z,5469228007,5469228007,42453347864,745242681,94
2350,1737,D,,,,5466214020,5466214020,91923240435,939517329,116
2351,1640,D,,,,5461690579,5461690579,1.05807E+11,1028377085,104
2352,1341,D,,,,5461000642,5461000642,60508527502,1234836407,108
2353,2361,D,,,,5460466981,5460466981,1.11653E+11,970326963,123
2354,3744,D,C13246 (Battle),2026-07-03T00:00:00.000Z,2026-08-24T00:00:00.000Z,5459060030,5459060030,70828220833,595458441,136
2355,1114,D,,,,5458540134,5458540134,63893302634,713377423,87
2356,2301,D,C13219 (Battle),2026-07-03T00:00:00.000Z,2026-08-24T00:00:00.000Z,5455605530,5455605530,1.54806E+11,1132885519,107
2357,2895,D,C13246 (Battle),2026-07-03T00:00:00.000Z,2026-08-24T00:00:00.000Z,5451337939,5451337939,37574657999,817475164,114
2358,3684,D,,,,5449540045,5449540045,1.12026E+11,698788180,126
2359,1740,D,C13243 (Battle),2026-07-03T00:00:00.000Z,2026-08-24T00:00:00.000Z,5446983492,5446983492,1.50026E+11,1422701245,114
2360,3457,D,C13218 (Battle),2026-07-03T00:00:00.000Z,2026-08-24T00:00:00.000Z,5443587665,5442277423,1.4792E+11,942424572,171
2361,1954,D,C13223 (Battle),2026-07-03T00:00:00.000Z,2026-08-24T00:00:00.000Z,5443086533,5443086533,81406415209,1019955491,101
2362,1113,D,,,,5440383231,5439119979,37675453466,776923271,93
2363,2873,D,C13248 (Battle),2026-07-03T00:00:00.000Z,2026-08-24T00:00:00.000Z,5439038347,5439038347,1.52145E+11,1291688496,109
2364,1886,D,C13229 (Battle),2026-07-03T00:00:00.000Z,2026-08-24T00:00:00.000Z,5435171939,5435171939,74824109136,1000987457,105
2365,1622,D,C13221 (Battle),2026-07-03T00:00:00.000Z,2026-08-24T00:00:00.000Z,5433959073,5433959073,1.20619E+11,1122664106,109
2366,2052,D,,,,5424340558,5420160566,1.1111E+11,1120691156,104
2367,1512,D,,,,5424102147,5283011800,93012648439,1230986725,91
2368,1803,D,,,,5422709993,5422709993,56987046173,876122510,114
2369,2077,D,,,,5421070579,5421070579,2.17279E+11,1366897834,120
2370,2409,D,C13227 (Battle),2026-07-03T00:00:00.000Z,2026-08-24T00:00:00.000Z,5418077063,5418077063,2.07651E+11,1561375785,104
2371,1410,D,C13241 (Battle),2026-07-03T00:00:00.000Z,2026-08-24T00:00:00.000Z,5414508537,5414508537,1.33983E+11,1400948900,97
2372,1857,D,,,,5412941573,5412941573,1.02699E+11,1004691638,107
2373,1081,D,,,,5406384246,5406384246,1.33275E+11,1172703584,104
2374,1763,D,,,,5395035208,5395035208,87276502744,995532403,90
2375,3631,D,C13215 (Battle),2026-07-03T00:00:00.000Z,2026-08-24T00:00:00.000Z,5393623949,5393623949,82946806493,761285162,131
2376,3476,D,C13218 (Battle),2026-07-03T00:00:00.000Z,2026-08-24T00:00:00.000Z,5391179668,5391179668,94189584704,882740769,137
2377,2974,D,,,,5388359913,5388359913,66111983120,884281790,105
2378,1636,D,C13219 (Battle),2026-07-03T00:00:00.000Z,2026-08-24T00:00:00.000Z,5382488317,5379020152,1.05739E+11,989629537,132
2379,3481,D,,,,5381714817,5381714817,82732173317,814998334,133
2380,1431,D,C13223 (Battle),2026-07-03T00:00:00.000Z,2026-08-24T00:00:00.000Z,5379238124,5378896040,65822412810,960702930,96
2381,2371,D,,,,5377562305,5376875021,96561263354,941661897,129
2382,2839,D,,,,5364867458,5361837924,1.16727E+11,1018139122,105
2383,1861,D,,,,5357948862,5357948862,1.66365E+11,1166450453,104
2384,3650,D,,,,5355595958,5355595958,49182267211,550574599,130
2385,2107,D,,,,5353159231,5345277608,93116419335,987627134,96
2386,1681,D,C13222 (Battle),2026-07-03T00:00:00.000Z,2026-08-24T00:00:00.000Z,5352008631,5346073860,74351111932,900169164,115
2387,1656,D,,,,5346185001,5346185001,69650694462,954457069,90
2388,2533,D,,,,5345489118,5345489118,1.18883E+11,1157465449,90
2389,2478,D,C13229 (Battle),2026-07-03T00:00:00.000Z,2026-08-24T00:00:00.000Z,5345293388,5345293388,1.28033E+11,1181736916,135
2390,1504,D,C13218 (Battle),2026-07-03T00:00:00.000Z,2026-08-24T00:00:00.000Z,5344756708,5341875657,1.96118E+11,1291236172,101
2391,2770,D,C13223 (Battle),2026-07-03T00:00:00.000Z,2026-08-24T00:00:00.000Z,5344182887,5344182887,61548159798,816881283,99
2392,2792,D,,,,5343394319,4904371121,74781223484,755496945,116
2393,1558,D,,,,5336647535,5313650200,95770255488,1261271598,91
2394,1086,D,,,,5336556828,5336556828,1.77184E+11,1219874875,97
2395,3270,D,,,,5334717087,5334717087,64852140429,751373543,117
2396,2082,D,C13223 (Battle),2026-07-03T00:00:00.000Z,2026-08-24T00:00:00.000Z,5334186511,5332948464,67566476239,726403230,91
2397,2862,D,,,,5324121937,4639954480,1.17173E+11,843143082,94
2398,3339,D,C13215 (Battle),2026-07-03T00:00:00.000Z,2026-08-24T00:00:00.000Z,5322998894,5294336509,2.0499E+11,1091540180,128
2399,2592,D,C13241 (Battle),2026-07-03T00:00:00.000Z,2026-08-24T00:00:00.000Z,5322754016,5316744243,1.27641E+11,932522494,125
2400,1508,D,,,,5322580181,5322509403,1.05751E+11,913321120,76
2401,1135,D,,,,5316717098,5316717098,1.42849E+11,1229557391,110
2402,1723,D,,,,5313513204,5030608344,21236397156,454186159,108
2403,2877,D,,,,5309814585,5309814585,2.05549E+11,1291085895,105
2404,3310,D,C13230 (Battle),2026-07-03T00:00:00.000Z,2026-08-24T00:00:00.000Z,5303205887,5303205887,1.58111E+11,888459387,153
2405,1698,D,C13225 (Battle),2026-07-03T00:00:00.000Z,2026-08-24T00:00:00.000Z,5302430894,5256140708,1.46048E+11,1035602847,89
2406,2438,D,C13220 (Battle),2026-07-03T00:00:00.000Z,2026-08-24T00:00:00.000Z,5299574396,5299574396,73412759270,798467746,122
2407,1677,D,,,,5299313206,5299313206,1.301E+11,1302672509,100
2408,2932,D,,,,5297748348,5297748348,74592557623,1026702763,123
2409,3024,D,,,,5287809365,5287809365,70153164209,878156339,126
2410,1375,D,,,,5285751692,5285751692,79845620153,1253856940,99
2411,1693,D,,,,5273570899,5268690171,41063798178,831833942,100
2412,2364,D,,,,5253142543,5253142543,59548689752,957362797,105
2413,2882,D,,,,5252371962,5251315776,66254472437,778247349,91
2414,2495,D,C13219 (Battle),2026-07-03T00:00:00.000Z,2026-08-24T00:00:00.000Z,5250407825,5250366613,1.09968E+11,977693865,107
2415,2474,D,C13218 (Battle),2026-07-03T00:00:00.000Z,2026-08-24T00:00:00.000Z,5249879394,5245409602,1.34186E+11,1171087627,81
2416,3214,D,C13224 (Battle),2026-07-03T00:00:00.000Z,2026-08-24T00:00:00.000Z,5248748639,5248748639,36937133514,666146214,120
2417,3139,D,,,,5239227021,5239227021,1.82776E+11,1195126837,130
2418,2850,D,,,,5230641064,5230641064,87799926872,1048166819,123
2419,2223,D,,,,5229908781,5229908781,1.28208E+11,1073108075,125
2420,2944,D,C13220 (Battle),2026-07-03T00:00:00.000Z,2026-08-24T00:00:00.000Z,5225741348,5225741348,68241963734,826164077,151
2421,2430,D,,,,5225373555,5086756009,63585349517,748011689,93
2422,1282,D,,,,5220503535,4570077572,1.22548E+11,1029900077,79
2423,2114,D,,,,5211851768,5211851768,2.44663E+11,1508945612,115
2424,1168,D,C13229 (Battle),2026-07-03T00:00:00.000Z,2026-08-24T00:00:00.000Z,5209751057,5207569413,2.90967E+11,1499209096,130
2425,1727,D,C13223 (Battle),2026-07-03T00:00:00.000Z,2026-08-24T00:00:00.000Z,5206817641,5186593377,78286091818,717035682,106
2426,3628,D,,,,5206714190,5206714190,1.0978E+11,945336769,113
2427,1855,D,,,,5205453507,5205453507,92457391642,1094824697,117
2428,1531,D,,,,5204355470,5189385151,1.49254E+11,1166673267,99
2429,2574,D,,,,5203486091,5203486091,1.2474E+11,1133551633,108
2430,3455,D,,,,5203449510,5203449510,1.00775E+11,1021108242,111
2431,1901,D,,,,5195276644,5195080370,78772860558,776601105,105
2432,2515,D,,,,5194929317,5194929317,87611959183,946169377,92
2433,2136,D,C13222 (Battle),2026-07-03T00:00:00.000Z,2026-08-24T00:00:00.000Z,5194901394,5194901394,54543422974,882983395,103
2434,1951,D,,,,5192450592,5192450592,1.13434E+11,1169068437,89
2435,2733,D,,,,5190131465,5190131465,93936951611,1011616842,129
2436,1545,D,,,,5187386430,5159741634,3.16585E+11,1536451523,103
2437,1610,D,,,,5187073203,5171204649,67317794512,843461825,83
2438,1692,D,C13223 (Battle),2026-07-03T00:00:00.000Z,2026-08-24T00:00:00.000Z,5183298698,5181970721,67483241768,816012356,111
2439,1089,D,C13220 (Battle),2026-07-03T00:00:00.000Z,2026-08-24T00:00:00.000Z,5175892923,5175892923,1.43611E+11,1046863706,91
2440,2255,D,C13223 (Battle),2026-07-03T00:00:00.000Z,2026-08-24T00:00:00.000Z,5165745392,5153614300,62442494907,787357366,85
2441,2473,D,,,,5163770115,5163770115,1.37948E+11,1236863355,119
2442,2527,D,C13215 (Battle),2026-07-03T00:00:00.000Z,2026-08-24T00:00:00.000Z,5162127927,5162127927,1.57297E+11,1031474333,112
2443,1210,D,,,,5161358278,5160553199,1.43831E+11,1232935083,106
2444,1172,D,,,,5159476234,5159476234,1.33111E+11,1110299998,93
2445,1646,D,C13240 (Battle),2026-07-03T00:00:00.000Z,2026-08-24T00:00:00.000Z,5152218292,5152218292,88394806148,929375887,99
2446,1918,D,C13221 (Battle),2026-07-03T00:00:00.000Z,2026-08-24T00:00:00.000Z,5148858053,5148858053,1.15678E+11,1072163450,112
2447,1917,D,,,,5147586861,5147586861,54201188960,775949930,154
2448,1697,D,,,,5147499221,5147499221,67739943010,875106681,93
2449,1347,D,,,,5145293483,3068464359,36890476148,495775435,105
2450,3254,D,,,,5143890650,5143890650,1.07166E+11,1101685321,101
2451,3644,D,,,,5141491004,5141491004,90234767141,670654740,126
2452,3480,D,,,,5140720107,5140720107,59909620486,732550157,120
2453,1743,D,,,,5136974663,5136974663,83560727206,1022615434,101
2454,2547,D,,,,5135924114,5135924114,1.39783E+11,1215735825,90
2455,1910,D,,,,5135897642,5132952451,1.94956E+11,972692107,155
2456,2131,D,,,,5133434181,5133434181,61599739994,707041355,87
2457,2472,D,C13229 (Battle),2026-07-03T00:00:00.000Z,2026-08-24T00:00:00.000Z,5132408610,5132408610,1.31934E+11,1072758415,142
2458,1391,D,C13223 (Battle),2026-07-03T00:00:00.000Z,2026-08-24T00:00:00.000Z,5124235211,5124235211,61732262996,898878447,91
2459,2067,D,,,,5116978323,5108669958,93040639921,1105886477,89
2460,1598,D,C13240 (Battle),2026-07-03T00:00:00.000Z,2026-08-24T00:00:00.000Z,5113892476,5109672768,1.5448E+11,1099964716,102
2461,3102,D,,,,5110997048,5109485265,1.53295E+11,982417423,130
2462,2219,D,,,,5109433883,4736350561,81096843665,928617974,99
2463,2884,D,,,,5108919645,5108919645,55144335179,787420209,116
2464,1021,D,C13220 (Battle),2026-07-03T00:00:00.000Z,2026-08-24T00:00:00.000Z,5106327323,5087447314,2.01936E+11,1417129528,93
2465,3439,D,,,,5095883441,5095883441,49820895317,736560258,138
2466,2881,D,,,,5091913423,5091913423,85724555002,892905580,114
2467,1193,D,,,,5083218275,5054212431,2.23504E+11,1342773087,77
2468,2559,D,,,,5078413896,5078413896,1.15986E+11,1172932930,128
2469,2104,D,,,,5074472597,5069021921,95475120484,1079468273,87
2470,3101,D,C13222 (Battle),2026-07-03T00:00:00.000Z,2026-08-24T00:00:00.000Z,5065229761,5065229761,88202934849,1038833219,116
2471,3554,D,C13241 (Battle),2026-07-03T00:00:00.000Z,2026-08-24T00:00:00.000Z,5063829462,5063829462,75090422877,738870966,127
2472,2485,D,,,,5060487587,5051958623,1.21281E+11,1137632915,119
2473,2383,D,,,,5059962193,5059962193,44242135653,749605242,106
2474,1478,D,C13221 (Battle),2026-07-03T00:00:00.000Z,2026-08-24T00:00:00.000Z,5059277183,5035849115,87067633503,913061452,61
2475,2015,D,C13248 (Battle),2026-07-03T00:00:00.000Z,2026-08-24T00:00:00.000Z,5058735498,5058735498,1.09217E+11,1157966238,95
2476,2870,D,C13221 (Battle),2026-07-03T00:00:00.000Z,2026-08-24T00:00:00.000Z,5055651043,5055651043,97624084251,1090183502,121
2477,1494,D,,,,5052649812,5036123147,18927714066,450878780,87
2478,3015,D,,,,5038114602,5038114602,56936122935,896821983,115
2479,2214,D,C13222 (Battle),2026-07-03T00:00:00.000Z,2026-08-24T00:00:00.000Z,5036948709,5036948709,79317544641,778187331,103
2480,1412,D,C13219 (Battle),2026-07-03T00:00:00.000Z,2026-08-24T00:00:00.000Z,5036676645,5036676645,77039993865,1162747212,106
2481,1028,D,C13240 (Battle),2026-07-03T00:00:00.000Z,2026-08-24T00:00:00.000Z,5036584473,5033425371,58519596291,779238563,84
2482,2166,D,,,,5033193200,5022866946,50374854282,795065540,99
2483,3172,D,,,,5030270558,5030270558,1.37691E+11,1135016853,102
2484,2947,D,C13242 (Battle),2026-07-03T00:00:00.000Z,2026-08-24T00:00:00.000Z,5019832090,5019832090,75638441096,745815259,122
2485,1107,D,,,,5018894021,5018894021,56248072391,717709361,97
2486,2502,D,,,,5012577071,5012577071,92926764463,1083102628,98
2487,1466,D,,,,5010214663,5010214663,72960426991,874145640,101
2488,2901,D,,,,5004718517,5004718517,1.39209E+11,1040773677,104
2489,2206,D,C13230 (Battle),2026-07-03T00:00:00.000Z,2026-08-24T00:00:00.000Z,4999845616,4999845616,1.98847E+11,1302571793,124
2490,3396,D,,,,4999708412,4999708412,45442670542,584311986,131
2491,2898,D,C13245 (Battle),2026-07-03T00:00:00.000Z,2026-08-24T00:00:00.000Z,4993940965,4993940965,87067016377,1038517643,107
2492,2860,D,,,,4988678028,4988678028,75710887778,925425373,105
2493,3306,D,,,,4986320397,4983739739,91875397458,802847380,134
2494,1704,D,,,,4972191554,4965873381,1.10076E+11,923359756,77
2495,1263,D,,,,4945706464,4945706464,60804791473,823609613,95
2496,2712,D,,,,4943318246,4943318246,59139352213,723289227,103
2497,1439,D,,,,4941815606,4939100918,1.03972E+11,901854822,87
2498,3344,D,,,,4941634358,4941634358,1.28562E+11,875198884,101
2499,3148,D,,,,4941285582,4941285582,49104417460,824829917,110
2500,1401,D,C13216 (Battle),2026-07-03T00:00:00.000Z,2026-08-24T00:00:00.000Z,4932324260,4932324260,1.43815E+11,1114558136,85
2501,3545,D,C13230 (Battle),2026-07-03T00:00:00.000Z,2026-08-24T00:00:00.000Z,4929009047,4929009047,83838155520,945187981,130
2502,1798,D,C13216 (Battle),2026-07-03T00:00:00.000Z,2026-08-24T00:00:00.000Z,4924567909,4924567909,1.69901E+11,1044378151,99
2503,1795,D,,,,4924023209,4924023209,41344983768,633376959,96
2504,1706,D,C13221 (Battle),2026-07-03T00:00:00.000Z,2026-08-24T00:00:00.000Z,4918811344,4918811344,1.75734E+11,1323506833,111
2505,2220,D,C13230 (Battle),2026-07-03T00:00:00.000Z,2026-08-24T00:00:00.000Z,4913612062,4913612062,1.11706E+11,1025420396,99
2506,2587,D,,,,4905320794,4904911033,16051464048,387480081,86
2507,1519,D,,,,4905040703,4905040703,1.07857E+11,1093430116,107
2508,2866,D,,,,4904963507,4904963507,60001851341,775513194,95
2509,1384,D,C13224 (Battle),2026-07-03T00:00:00.000Z,2026-08-24T00:00:00.000Z,4897549083,4877924695,87387009290,890985555,67
2510,1738,D,C13241 (Battle),2026-07-03T00:00:00.000Z,2026-08-24T00:00:00.000Z,4896524274,4896524274,1.00868E+11,950437643,91
2511,2579,D,,,,4894018490,4894018490,1.77023E+11,1141389124,93
2512,3681,D,,,,4890676310,4890676310,40107832178,508860609,120
2513,2129,D,C13222 (Battle),2026-07-03T00:00:00.000Z,2026-08-24T00:00:00.000Z,4888652805,4888652805,48569452149,619469375,97
2514,1965,D,,,,4887476203,4887476203,65599640653,793296056,110
2515,2673,D,,,,4887062349,4887062349,58797476824,694604692,114
2516,1448,D,C13240 (Battle),2026-07-03T00:00:00.000Z,2026-08-24T00:00:00.000Z,4883357569,4883357569,78089049884,992021470,92
2517,2339,D,C13240 (Battle),2026-07-03T00:00:00.000Z,2026-08-24T00:00:00.000Z,4879812980,4879812980,66723298152,1029368399,92
2518,2604,D,,,,4875035901,4875035901,1.7545E+11,1071951196,107
2519,3750,D,C13248 (Battle),2026-07-03T00:00:00.000Z,2026-08-24T00:00:00.000Z,4867715110,4867715110,23291295870,364084493,142
2520,2967,D,,,,4859314707,4859314707,88291423190,901954087,91
2521,3285,D,C13222 (Battle),2026-07-03T00:00:00.000Z,2026-08-24T00:00:00.000Z,4856190540,4856190540,82732891578,761111775,112
2522,2185,D,,,,4853462641,4853462641,67986214675,759763257,84
2523,1429,D,C13242 (Battle),2026-07-03T00:00:00.000Z,2026-08-24T00:00:00.000Z,4850960068,4850960068,1.43254E+11,1169583111,108
2524,1061,D,,,,4850179120,4850179120,50598997795,932379609,93
2525,2546,D,C13223 (Battle),2026-07-03T00:00:00.000Z,2026-08-24T00:00:00.000Z,4842434635,4842434635,51885032231,865395580,91
2526,1019,D,,,,4839230443,4839230443,1.19111E+11,1040885120,102
2527,1395,D,,,,4833016399,4168397109,56378348495,704122346,85
2528,1890,D,,,,4831276772,4830444304,1.15509E+11,977427029,88
2529,2106,D,C13218 (Battle),2026-07-03T00:00:00.000Z,2026-08-24T00:00:00.000Z,4829174105,4829174105,1.61379E+11,1011352823,108
2530,2086,D,,,,4828301732,4828301732,79930855976,992191955,94
2531,2296,D,C13219 (Battle),2026-07-03T00:00:00.000Z,2026-08-24T00:00:00.000Z,4826730822,4826730822,1.98549E+11,1283476623,133
2532,1267,D,,,,4825861768,4825861768,65549879381,702753916,81
2533,3829,D,C13216 (Battle),2026-07-03T00:00:00.000Z,2026-08-24T00:00:00.000Z,4808481303,4808481303,86647207179,594146186,127
2534,2535,D,,,,4798968129,4797456903,1.02434E+11,860445511,121
2535,1062,D,,,,4798002606,4798002606,1.49107E+11,1079024901,107
2536,3591,D,,,,4774266122,4774266122,48038448958,575688978,118
2537,1712,D,,,,4773945299,4770747468,42945421618,519573035,70
2538,2125,D,,,,4771201642,4715707355,1.30293E+11,924395824,85
2539,1987,D,,,,4763033683,4740593824,1.97699E+11,1223194624,85
2540,2130,D,,,,4759134846,4756327034,79414696292,890341738,101
2541,1561,D,,,,4758119480,4758119480,48008557638,899565649,92
2542,2439,D,C13224 (Battle),2026-07-03T00:00:00.000Z,2026-08-24T00:00:00.000Z,4757633424,4756901320,39319045968,614783858,70
2543,1125,D,,,,4748228200,4708589277,61670052393,647665172,81
2544,3278,D,,,,4747266255,4740146069,1.48262E+11,903351833,128
2545,2800,D,C13222 (Battle),2026-07-03T00:00:00.000Z,2026-08-24T00:00:00.000Z,4746011072,4746011072,69841384586,698469777,108
2546,1083,D,,,,4735820017,4735820017,51873551098,978477657,74
2547,2491,D,,,,4728380387,4728380387,48528033201,696337499,84
2548,2198,D,,,,4721650109,4721650109,1.18974E+11,885672782,114
2549,2732,D,,,,4720300946,4720300946,49695779730,769775591,104
2550,1405,D,,,,4718108213,4718108213,61305190953,867133564,84
2551,2897,D,C13218 (Battle),2026-07-03T00:00:00.000Z,2026-08-24T00:00:00.000Z,4717389821,4717389821,1.74277E+11,1170282589,113
2552,1845,D,C13223 (Battle),2026-07-03T00:00:00.000Z,2026-08-24T00:00:00.000Z,4714388401,4714388401,57542379940,878578055,84
2553,1254,D,,,,4705776680,4705776680,86435218963,985562184,94
2554,1781,D,C13221 (Battle),2026-07-03T00:00:00.000Z,2026-08-24T00:00:00.000Z,4700999021,4700999021,1.4739E+11,1100171928,97
2555,2764,D,C13222 (Battle),2026-07-03T00:00:00.000Z,2026-08-24T00:00:00.000Z,4696784846,4696784846,93372500730,831288688,124
2556,2287,D,C13241 (Battle),2026-07-03T00:00:00.000Z,2026-08-24T00:00:00.000Z,4692776474,4692776474,96452305611,969159484,82
2557,3547,D,,,,4692494410,4692494410,78539214507,714043821,136
2558,3010,D,C13217 (Battle),2026-07-03T00:00:00.000Z,2026-08-24T00:00:00.000Z,4687212542,4687212542,1.20824E+11,792260326,117
2559,2793,D,,,,4674315947,4674315947,80041141987,926573492,93
2560,3433,D,,,,4672586527,4672586527,1.17569E+11,784148428,117
2561,1619,D,,,,4667101360,4648666796,1.81889E+11,1061732343,60
2562,1715,D,C13222 (Battle),2026-07-03T00:00:00.000Z,2026-08-24T00:00:00.000Z,4661985618,4661756999,1.12898E+11,813400988,89
2563,2268,D,,,,4659774000,4659774000,48752080570,939307892,101
2564,1077,D,,,,4642545274,4366367767,84052749438,944458367,78
2565,2429,D,,,,4635514978,4635514978,65024571587,998018052,99
2566,3359,D,C13240 (Battle),2026-07-03T00:00:00.000Z,2026-08-24T00:00:00.000Z,4632948678,4632948678,91281558084,750517567,106
2567,2513,D,,,,4632612570,4606886544,76984696878,719005622,93
2568,1050,D,,,,4627825419,4627825419,1.15668E+11,1022756602,78
2569,2817,D,,,,4621632447,4268856665,49540825543,710560324,87
2570,1773,D,,,,4619840556,4619840556,74420092150,858163520,89
2571,1571,D,C13224 (Battle),2026-07-03T00:00:00.000Z,2026-08-24T00:00:00.000Z,4613358075,4608752611,45755962981,617141829,87
2572,2336,D,,,,4607464842,4595708817,1.26954E+11,933495634,102
2573,1476,D,,,,4599179687,4598754796,48577692238,701023840,72
2574,2289,D,,,,4594862504,4594862504,1.30821E+11,1034850155,100
2575,1471,D,,,,4592917228,4592917228,60190578488,766401049,85
2576,2169,D,,,,4592708892,4592708892,69645105767,992259686,76
2577,3149,D,,,,4586287205,4586287205,33378902061,640707606,105
2578,1596,D,,,,4585867269,4575239909,1.91179E+11,1395401442,110
2579,3243,D,,,,4581793280,4581793280,58797162436,662685410,116
2580,2704,D,,,,4581383434,4581383434,1.33983E+11,943061509,93
2581,2372,D,C13222 (Battle),2026-07-03T00:00:00.000Z,2026-08-24T00:00:00.000Z,4578158645,4568712674,77713537546,903939912,86
2582,1628,D,,,,4576365105,4576365105,47562641650,760953218,81
2583,1313,D,,,,4576339351,4576339351,87160026644,867365540,90
2584,2147,D,C13218 (Battle),2026-07-03T00:00:00.000Z,2026-08-24T00:00:00.000Z,4572202754,4572202754,1.14236E+11,936324880,91
2585,1108,D,C13224 (Battle),2026-07-03T00:00:00.000Z,2026-08-24T00:00:00.000Z,4568332232,4568332232,49470584816,756771500,81
2586,1669,D,C13221 (Battle),2026-07-03T00:00:00.000Z,2026-08-24T00:00:00.000Z,4564360050,4564360050,63669181583,820727233,85
2587,1248,D,C13223 (Battle),2026-07-03T00:00:00.000Z,2026-08-24T00:00:00.000Z,4560629269,4560629269,48593934683,878671078,88
2588,2216,D,C13223 (Battle),2026-07-03T00:00:00.000Z,2026-08-24T00:00:00.000Z,4559271292,4559271292,67885672023,846899728,79
2589,2722,D,,,,4558864203,4558864203,79030580252,821968400,104
2590,3161,D,C13229 (Battle),2026-07-03T00:00:00.000Z,2026-08-24T00:00:00.000Z,4557933661,4557933661,2.3899E+11,1104886388,86
2591,1207,D,C13223 (Battle),2026-07-03T00:00:00.000Z,2026-08-24T00:00:00.000Z,4557913899,4557913899,53191583888,744384054,86
2592,2159,D,C13223 (Battle),2026-07-03T00:00:00.000Z,2026-08-24T00:00:00.000Z,4551865569,4548797779,64102818072,677091189,92
2593,2807,D,,,,4550658971,4550658971,59931888609,835796340,103
2594,2389,D,C13224 (Battle),2026-07-03T00:00:00.000Z,2026-08-24T00:00:00.000Z,4548169424,4548169424,64278040875,875231742,86
2595,3534,D,,,,4547774183,4547774183,61298868335,539593725,103
2596,3463,D,,,,4545521172,4545521172,57198007922,770347373,102
2597,3647,D,,,,4545495744,4545495744,54485097381,707193556,112
2598,2406,D,,,,4536380661,4535005907,1.15501E+11,994418502,89
2599,1441,D,,,,4524937461,4524937461,66364048033,1009115807,80
2600,2558,D,C13229 (Battle),2026-07-03T00:00:00.000Z,2026-08-24T00:00:00.000Z,4522822493,4516839757,2.78906E+11,1474237169,101
2601,1373,D,,,,4520276349,4520276349,1.13998E+11,1065667346,94
2602,2157,D,,,,4492597439,4487866707,85449058361,786911896,88
2603,2238,D,,,,4492521028,4492521028,72351160940,837674773,100
2604,2327,D,,,,4490673986,4487183173,44735707322,747536795,94
2605,2530,D,C13224 (Battle),2026-07-03T00:00:00.000Z,2026-08-24T00:00:00.000Z,4489020510,4487797917,55843732552,580844714,83
2606,3587,D,,,,4484893643,4484893643,98839408057,874594047,113
2607,2680,D,,,,4477827075,4206006086,44823389139,553801150,90
2608,2508,D,,,,4462606770,4462606770,1.16168E+11,962381424,83
2609,1720,D,C13224 (Battle),2026-07-03T00:00:00.000Z,2026-08-24T00:00:00.000Z,4461762477,4435194861,34700153398,600050962,68
2610,3127,D,,,,4461099951,4461099951,84528564747,911841809,103
2611,1237,D,,,,4459703801,4459703801,64626612876,849921821,101
2612,3579,D,,,,4454269391,4446651983,90288306958,720500733,111
2613,3598,D,,,,4453800368,4453800368,50059700100,750134072,113
2614,2348,D,C13224 (Battle),2026-07-03T00:00:00.000Z,2026-08-24T00:00:00.000Z,4447881029,4447881029,57649238732,735210590,99
2615,1085,D,,,,4437543829,4437543829,73925673794,947728596,83
2616,2004,D,,,,4414937405,4414937405,47782365654,868798316,86
2617,1920,D,,,,4412881745,4412881745,40140542765,667951496,99
2618,1683,D,,,,4412721776,4412721776,82588637945,897126503,91
2619,2356,D,,,,4411836815,4411836815,1.08539E+11,863789037,83
2620,2408,D,,,,4405039594,4405039594,79064175540,898154090,109
2621,1505,D,C13242 (Battle),2026-07-03T00:00:00.000Z,2026-08-24T00:00:00.000Z,4401427584,4401427584,71931162738,663856558,93
2622,3508,D,,,,4390471736,4390471736,84974443627,790556521,115
2623,1864,D,,,,4386930913,4365182970,97307282045,870443425,88
2624,3414,D,,,,4383010302,4383010302,63086219266,619151284,105
2625,1100,D,C13225 (Battle),2026-07-03T00:00:00.000Z,2026-08-24T00:00:00.000Z,4359860638,4355860321,19733400980,431953431,74
2626,1314,D,C13225 (Battle),2026-07-03T00:00:00.000Z,2026-08-24T00:00:00.000Z,4352912946,4326044196,32768289553,558730670,62
2627,3029,D,,,,4343723748,4339944808,79562820785,674839064,90
2628,2509,D,,,,4339146191,4339146191,49690716911,772747880,101
2629,3499,D,,,,4332687456,4332055763,46016961972,498894479,113
2630,2500,D,,,,4327241667,4325579086,1.46871E+11,1040483419,106
2631,2225,D,,,,4321279904,4317409359,72653050229,746198566,91
2632,2453,D,,,,4315979697,4301406203,1.87829E+11,1152504420,93
2633,1449,D,,,,4315117556,4315117556,1.33012E+11,950919718,84
2634,1751,D,C13224 (Battle),2026-07-03T00:00:00.000Z,2026-08-24T00:00:00.000Z,4310724429,4310724429,24374770471,659789107,80
2635,2455,D,,,,4298709924,4298709924,85479311399,855629301,101
2636,1936,D,,,,4296112386,4128482062,1.37653E+11,945929149,75
2637,3761,D,,,,4295232727,4295232727,1.15805E+11,735200077,81
2638,2290,D,,,,4294907342,4032702731,53595556247,644995120,94
2639,1746,D,,,,4294809082,4294809082,48583438602,708598220,71
2640,2499,D,C13230 (Battle),2026-07-03T00:00:00.000Z,2026-08-24T00:00:00.000Z,4292963391,4292963391,78633848260,809757112,86
2641,2498,D,C13243 (Battle),2026-07-03T00:00:00.000Z,2026-08-24T00:00:00.000Z,4287892589,4287892589,81697776294,872413543,97
2642,1835,D,C13224 (Battle),2026-07-03T00:00:00.000Z,2026-08-24T00:00:00.000Z,4287029843,4283419096,62659139106,767620169,84
2643,2888,D,,,,4284222785,4284222785,75692693720,717475611,104
2644,2449,D,C13245 (Battle),2026-07-03T00:00:00.000Z,2026-08-24T00:00:00.000Z,4277711704,4277711704,62149079953,715342137,92
2645,1381,D,,,,4272745693,4272745693,50791000825,738482193,85
2646,2318,D,C13230 (Battle),2026-07-03T00:00:00.000Z,2026-08-24T00:00:00.000Z,4271196179,4271196179,85850053490,1000718216,101
2647,1284,D,C13245 (Battle),2026-07-03T00:00:00.000Z,2026-08-24T00:00:00.000Z,4262285489,4262285489,1.00178E+11,760815621,115
2648,2367,D,,,,4261346997,4261346997,63728089140,670593726,125
2649,2567,D,C13245 (Battle),2026-07-03T00:00:00.000Z,2026-08-24T00:00:00.000Z,4253230272,4253230272,58997664983,791030121,93
2650,2373,D,,,,4247867547,4240751629,68985375051,798480318,75
2651,1171,D,C13225 (Battle),2026-07-03T00:00:00.000Z,2026-08-24T00:00:00.000Z,4246891751,4241372977,50455081673,602215751,59
2652,1714,D,,,,4234833030,4234833030,1.06797E+11,860632680,93
2653,1599,D,C13224 (Battle),2026-07-03T00:00:00.000Z,2026-08-24T00:00:00.000Z,4233350674,4220044731,38594393351,507134534,66
2654,2381,D,,,,4231826536,4231826536,44214419055,585856694,104
2655,1537,D,,,,4221587515,4199913137,66965074987,788531351,65
2656,1777,D,C13223 (Battle),2026-07-03T00:00:00.000Z,2026-08-24T00:00:00.000Z,4212718356,4185915727,1.72989E+11,821802231,73
2657,2617,D,,,,4206205605,4206205605,63648596646,689465650,78
2658,2390,D,C13244 (Battle),2026-07-03T00:00:00.000Z,2026-08-24T00:00:00.000Z,4205280777,4205280777,47884740065,711313518,103
2659,1556,D,,,,4204202393,4191721509,89003131210,883519821,75
2660,2471,D,C13222 (Battle),2026-07-03T00:00:00.000Z,2026-08-24T00:00:00.000Z,4196619894,4194278244,56613275503,713996534,88
2661,2176,D,,,,4189218107,4189218107,29430911716,597043947,91
2662,2323,D,,,,4183914804,3342079644,39801171098,584658576,77
2663,3364,D,,,,4171361930,4171361930,62547710199,592010001,92
2664,3382,D,,,,4168642783,4168642783,74584104569,707798356,89
2665,2782,D,,,,4165629303,4162669311,78151181008,760982118,85
2666,1882,D,,,,4160461057,4160461057,25384804437,684825224,83
2667,1869,D,,,,4156870709,4156870709,27846727836,462612175,79
2668,3245,D,,,,4153893000,4153893000,1.26143E+11,837020552,87
2669,1146,D,C13224 (Battle),2026-07-03T00:00:00.000Z,2026-08-24T00:00:00.000Z,4152744005,4135432025,35564791401,649710042,61
2670,1489,D,C13224 (Battle),2026-07-03T00:00:00.000Z,2026-08-24T00:00:00.000Z,4149843901,4149843901,38340487312,589835547,55
2671,3550,D,C13244 (Battle),2026-07-03T00:00:00.000Z,2026-08-24T00:00:00.000Z,4147811575,4147811575,77247132722,688937200,95
2672,2570,D,,,,4132244461,4132244461,69025621198,730682789,88
2673,2117,D,,,,4129376379,4129376379,68810505053,746730229,68
2674,1674,D,C13246 (Battle),2026-07-03T00:00:00.000Z,2026-08-24T00:00:00.000Z,4122689638,4122689638,70680298470,869847597,74
2675,1654,D,C13223 (Battle),2026-07-03T00:00:00.000Z,2026-08-24T00:00:00.000Z,4121261556,4121261556,49324156619,660932063,68
2676,2174,D,,,,4107383365,4107383365,63029661241,641346283,108
2677,2644,D,,,,4106267327,4106267327,57705804527,607924000,84
2678,1620,D,,,,4102064997,4101221209,94393010096,850427902,99
2679,3106,D,C13224 (Battle),2026-07-03T00:00:00.000Z,2026-08-24T00:00:00.000Z,4089981604,4089981604,53519310005,663443795,110
2680,2477,D,,,,4088560171,4088560171,95203251559,745401894,97
2681,1941,D,C13224 (Battle),2026-07-03T00:00:00.000Z,2026-08-24T00:00:00.000Z,4087971425,4087971425,61078178080,876485031,73
2682,1515,D,,,,4084205437,4084205437,2.04975E+11,1184829604,85
2683,1814,D,,,,4078657961,3257411337,38781400241,422710308,95
2684,1451,D,,,,4074033453,4074033453,1.30836E+11,1113396167,86
2685,2605,D,,,,4068927085,4068927085,69037608985,736020371,90
2686,3078,D,,,,4043819421,3426308910,28484899012,499823569,82
2687,2552,D,,,,4038023106,4034654905,59039272853,716967191,82
2688,2699,D,,,,4028417408,4028417408,36914429796,668835735,85
2689,2791,D,,,,4020772602,4020772602,86794600360,790012384,87
2690,3335,D,C13244 (Battle),2026-07-03T00:00:00.000Z,2026-08-24T00:00:00.000Z,3999277958,3999277958,74321182254,600257651,91
2691,2819,D,C13225 (Battle),2026-07-03T00:00:00.000Z,2026-08-24T00:00:00.000Z,3983149865,3977832183,26602317171,500060767,79
2692,3539,D,C13230 (Battle),2026-07-03T00:00:00.000Z,2026-08-24T00:00:00.000Z,3974444211,3972799407,94833581489,742861523,102
2693,2275,D,,,,3964986132,3964986132,46984734471,849091809,88
2694,1573,D,C13224 (Battle),2026-07-03T00:00:00.000Z,2026-08-24T00:00:00.000Z,3959271155,3952824627,1.01142E+11,786453454,67
2695,1946,D,,,,3953779337,3758192675,56809756431,630345222,79
2696,3806,D,,,,3952467933,3952467933,59354204945,305273050,112
2697,2171,D,,,,3945552719,3937379455,67569136135,796925741,71
2698,1852,D,,,,3941343599,3941343599,24591105073,578390583,67
2699,2239,D,,,,3939540787,3939540787,61581547620,704139456,84
2700,1371,D,,,,3931347284,3904214054,2.34461E+11,1231761452,90
2701,2325,D,,,,3928393871,3918005418,62585279478,801398053,82
2702,3417,D,,,,3919037468,3914384434,62080598920,641527144,74
2703,2047,D,,,,3915278922,3915278922,42938660321,625857803,100
2704,1582,D,,,,3900528876,3894034601,30068508306,543458450,68
2705,1503,D,C13221 (Battle),2026-07-03T00:00:00.000Z,2026-08-24T00:00:00.000Z,3899230761,3899230761,93849850933,868108303,74
2706,2855,D,,,,3898711066,3515954144,18283496946,529721030,75
2707,2021,D,C13243 (Battle),2026-07-03T00:00:00.000Z,2026-08-24T00:00:00.000Z,3874005139,3874005139,84106972144,800263445,69
2708,2270,D,,,,3873430018,3873430018,51041796646,678411070,84
2709,1474,D,C13225 (Battle),2026-07-03T00:00:00.000Z,2026-08-24T00:00:00.000Z,3853062644,3823084491,74906954455,703774624,63
2710,3311,D,,,,3846376051,3846376051,32060399719,540816779,84
2711,1232,D,,,,3836169388,3832842309,2.58437E+11,1131993529,77
2712,2332,D,,,,3808046481,3808046481,1.48425E+11,863493995,89
2713,3412,D,,,,3805273066,3805273066,1.4348E+11,821692670,113
2714,1176,D,C13223 (Battle),2026-07-03T00:00:00.000Z,2026-08-24T00:00:00.000Z,3797627588,3797627588,83881682004,737046226,68
2715,2986,D,,,,3788411876,3788411876,73934130442,844517672,77
2716,1779,D,C13220 (Battle),2026-07-03T00:00:00.000Z,2026-08-24T00:00:00.000Z,3786577923,3786577923,1.04267E+11,795021096,65
2717,2236,D,C13225 (Battle),2026-07-03T00:00:00.000Z,2026-08-24T00:00:00.000Z,3781203098,3781203098,29006776404,490509154,77
2718,3119,D,,,,3778536585,3778536585,56114346329,607003370,90
2719,2197,D,,,,3767481034,3767481034,70422037778,614401808,63
2720,2431,D,C13230 (Battle),2026-07-03T00:00:00.000Z,2026-08-24T00:00:00.000Z,3764517813,3764517813,83898025927,710710595,100
2721,1686,D,C13246 (Battle),2026-07-03T00:00:00.000Z,2026-08-24T00:00:00.000Z,3757085785,3757085785,35809446788,866716064,92
2722,2663,D,,,,3755638582,3755638582,1.33464E+11,955197836,73
2723,1801,D,C13244 (Battle),2026-07-03T00:00:00.000Z,2026-08-24T00:00:00.000Z,3733632950,3733632950,69506112611,792820765,89
2724,1578,D,,,,3724304126,3724304126,53291467847,629420324,58
2725,2297,D,C13223 (Battle),2026-07-03T00:00:00.000Z,2026-08-24T00:00:00.000Z,3723359647,3723359647,44742994463,674304092,71
2726,2540,D,,,,3721208993,3721208993,56191017237,574892781,77
2727,2411,D,,,,3716136304,3716136304,52673237622,668184382,79
2728,1593,D,,,,3715009123,3245438895,21931087949,366056091,48
2729,1810,D,,,,3714601453,3714601453,34388285677,579015515,88
2730,1348,D,C13247 (Battle),2026-07-03T00:00:00.000Z,2026-08-24T00:00:00.000Z,3702511308,3702511308,30501374338,637709501,66
2731,2428,D,,,,3698937498,3698937498,50811806347,658959686,57
2732,3354,D,,,,3689811470,3689811470,46186023738,626609679,84
2733,2343,D,C13225 (Battle),2026-07-03T00:00:00.000Z,2026-08-24T00:00:00.000Z,3686666855,3686666855,30954812803,634440255,69
2734,2111,D,,,,3681537053,3380418167,71666158761,699320117,74
2735,2741,D,C13224 (Battle),2026-07-03T00:00:00.000Z,2026-08-24T00:00:00.000Z,3667242664,3667242664,37748854183,620413297,76
2736,1528,D,,,,3651812150,3394339928,50737636111,746250836,49
2737,2798,D,C13240 (Battle),2026-07-03T00:00:00.000Z,2026-08-24T00:00:00.000Z,3650324517,3614948800,1.49582E+11,968987119,72
2738,1840,D,C13246 (Battle),2026-07-03T00:00:00.000Z,2026-08-24T00:00:00.000Z,3647742148,3647742148,58767386639,769559012,79
2739,1870,D,C13247 (Battle),2026-07-03T00:00:00.000Z,2026-08-24T00:00:00.000Z,3645317548,3645317548,28904808342,547164780,77
2740,3552,D,,,,3638633539,3638633539,72518819219,467279333,92
2741,3564,D,,,,3637532273,3637532273,36935320979,540963060,85
2742,2233,D,C13225 (Battle),2026-07-03T00:00:00.000Z,2026-08-24T00:00:00.000Z,3613784752,3602399601,24077970090,461035929,76
2743,3572,D,,,,3613059536,3611164128,88074419540,563910096,102
2744,2025,D,,,,3609220971,3609220971,11191157260,453518905,92
2745,3164,D,,,,3605815081,3600342622,25440070441,417447525,78
2746,1045,D,C13221 (Battle),2026-07-03T00:00:00.000Z,2026-08-24T00:00:00.000Z,3601807248,3601407825,91706826974,749912294,68
2747,1011,D,,,,3593289259,3593289259,99671367953,781745310,74
2748,1036,D,C13222 (Battle),2026-07-03T00:00:00.000Z,2026-08-24T00:00:00.000Z,3571611403,3571611403,56120331825,724639016,70
2749,2893,D,,,,3560821559,3560821559,42170564455,492878352,76
2750,3162,D,,,,3560234391,3560234391,39691896162,474240517,77
2751,1041,D,C13224 (Battle),2026-07-03T00:00:00.000Z,2026-08-24T00:00:00.000Z,3559159466,3552213970,20668403433,486539052,59
2752,1569,D,,,,3554134551,3554134551,44272202352,583102204,65
2753,1094,D,,,,3534110091,3534110091,35697729032,638120742,76
2754,1359,D,,,,3530414422,3530414422,38304532628,629507439,65
2755,1136,D,C13223 (Battle),2026-07-03T00:00:00.000Z,2026-08-24T00:00:00.000Z,3525185226,3519579284,1.19322E+11,1092809367,74
2756,1250,D,,,,3509897965,3509897965,46593921559,728499089,71
2757,1625,D,C13230 (Battle),2026-07-03T00:00:00.000Z,2026-08-24T00:00:00.000Z,3508981584,3508981584,51373250993,672302596,64
2758,2928,D,,,,3508526430,3508526430,28643435471,511020527,83
2759,2920,D,,,,3499087769,3499087769,20856579649,431312458,73
2760,2790,D,C13224 (Battle),2026-07-03T00:00:00.000Z,2026-08-24T00:00:00.000Z,3454431056,3454431056,43292094417,572959279,85
2761,2681,D,,,,3439411934,3436091231,23662377491,397619430,55
2762,2739,D,,,,3425045216,3425045216,45019486183,543702129,87
2763,1971,D,C13217 (Battle),2026-07-03T00:00:00.000Z,2026-08-24T00:00:00.000Z,3403854410,3399667675,1.97353E+11,955098500,46
2764,1603,D,,,,3400896868,3400896868,26463120794,438640983,55
2765,3568,D,,,,3393722912,3393722912,73117710599,635358698,91
2766,1768,D,,,,3389986359,3389986359,81916870471,671467112,53
2767,3324,D,C13225 (Battle),2026-07-03T00:00:00.000Z,2026-08-24T00:00:00.000Z,3367547281,3367547281,30349331265,475836289,79
2768,3193,D,C13223 (Battle),2026-07-03T00:00:00.000Z,2026-08-24T00:00:00.000Z,3365820600,3365820600,51485165499,612797039,75
2769,2432,D,C13248 (Battle),2026-07-03T00:00:00.000Z,2026-08-24T00:00:00.000Z,3363991387,3363991387,22736611287,648376981,71
2770,1574,D,C13223 (Battle),2026-07-03T00:00:00.000Z,2026-08-24T00:00:00.000Z,3350486768,3350486768,70847410172,710076131,59
2771,1534,D,,,,3330356490,3330356490,64493140034,696983093,67
2772,1160,D,,,,3325852282,3325852282,41258577470,705392689,70
2773,1750,D,,,,3320142646,3320142646,35855321056,578780472,65
2774,1984,D,C13243 (Battle),2026-07-03T00:00:00.000Z,2026-08-24T00:00:00.000Z,3299284214,3299284214,26104587987,542619885,61
2775,2675,D,,,,3281763099,3281763099,1.39393E+11,901126957,72
2776,1881,D,C13223 (Battle),2026-07-03T00:00:00.000Z,2026-08-24T00:00:00.000Z,3274789563,3274789563,1.03594E+11,728474567,66
2777,2641,D,,,,3271787139,3271571811,76639465517,612713061,82
2778,3180,D,C13220 (Battle),2026-07-03T00:00:00.000Z,2026-08-24T00:00:00.000Z,3271177621,3271177621,1.08505E+11,811762933,62
2779,1029,D,,,,3270597418,3263931060,1.31316E+11,773345740,73
2780,1905,D,C13224 (Battle),2026-07-03T00:00:00.000Z,2026-08-24T00:00:00.000Z,3245132099,3245132099,28879969943,469220222,59
2781,3597,D,,,,3243776316,3243776316,48447201421,407418130,83
2782,1904,D,,,,3242731116,3209493574,57931043272,478353030,48
2783,3444,D,,,,3229555891,3229555891,4408894364,247905005,96
2784,2750,D,C13224 (Battle),2026-07-03T00:00:00.000Z,2026-08-24T00:00:00.000Z,3195322930,3192648206,64230988855,598354743,103
2785,1634,D,C13225 (Battle),2026-07-03T00:00:00.000Z,2026-08-24T00:00:00.000Z,3191959497,3187891298,28658484412,307627228,50
2786,1897,D,,,,3172932206,3171404905,1.20842E+11,824412267,70
2787,1483,D,C13225 (Battle),2026-07-03T00:00:00.000Z,2026-08-24T00:00:00.000Z,3171700383,3149911117,78477177995,577746071,53
2788,2886,D,C13224 (Battle),2026-07-03T00:00:00.000Z,2026-08-24T00:00:00.000Z,3171182170,3171182170,42247901241,531775828,70
2789,1613,D,,,,3167575246,3149926186,57089112642,478802886,75
2790,1469,D,C13223 (Battle),2026-07-03T00:00:00.000Z,2026-08-24T00:00:00.000Z,3156591479,3143862849,61385322749,642956968,51
2791,1188,D,C13225 (Battle),2026-07-03T00:00:00.000Z,2026-08-24T00:00:00.000Z,3138522346,3138522346,62561718514,590436788,94
2792,3221,D,C13230 (Battle),2026-07-03T00:00:00.000Z,2026-08-24T00:00:00.000Z,3137095170,3137095170,55432430463,562031369,82
2793,1520,D,,,,3128847596,3128847596,54452780029,612071120,45
2794,2466,D,,,,3113659489,3113659489,62669700729,559142791,73
2795,1049,D,,,,3101352302,3101352302,50485586768,635644792,63
2796,2918,D,C13223 (Battle),2026-07-03T00:00:00.000Z,2026-08-24T00:00:00.000Z,3098021191,3097474381,65963845245,519221019,49
2797,2772,D,,,,3075515637,3075515637,27538792917,561019006,75
2798,3415,D,,,,3067503646,3067503646,55264967224,528085808,81
2799,3405,D,,,,3031863274,3031863274,49139174914,548278536,78
2800,1425,D,,,,3013847417,3009850232,57369047429,506836606,44
2801,1460,D,,,,3013268949,3013268949,37858584690,511383949,60
2802,3759,D,C13230 (Battle),2026-07-03T00:00:00.000Z,2026-08-24T00:00:00.000Z,3012152754,3012152754,69048818108,537737610,76
2803,1548,D,C13224 (Battle),2026-07-03T00:00:00.000Z,2026-08-24T00:00:00.000Z,3006020371,3006020371,55229168088,486656529,51
2804,3581,D,C13225 (Battle),2026-07-03T00:00:00.000Z,2026-08-24T00:00:00.000Z,3004822595,3004822595,17595090154,276839732,81
2805,3263,D,,,,2996829712,2996829712,57551225552,608725212,81
2806,3425,D,,,,2980167356,2980167356,70688366387,512628859,81
2807,2097,D,,,,2978961615,2978961615,26697890272,472346277,57
2808,1491,D,C13230 (Battle),2026-07-03T00:00:00.000Z,2026-08-24T00:00:00.000Z,2973876182,2973876182,23040722346,507288540,65
2809,2083,D,,,,2963574787,2963574787,51349284846,594802761,67
2810,1536,D,,,,2962534524,2962534524,23744800696,382724498,51
2811,3211,D,,,,2936171102,2936171102,39949808069,589886274,74
2812,2019,D,C13225 (Battle),2026-07-03T00:00:00.000Z,2026-08-24T00:00:00.000Z,2933633834,2933633834,31715412985,498792947,64
2813,2706,D,,,,2931247322,2924473614,57338037019,616461396,65
2814,2614,D,C13225 (Battle),2026-07-03T00:00:00.000Z,2026-08-24T00:00:00.000Z,2926669628,2926669628,54386007580,626030816,78
2815,2076,D,,,,2912251324,2912251324,18291682381,484357424,59
2816,2810,D,,,,2901478628,2894327637,39854089947,403416142,70
2817,2001,D,,,,2899358612,2899358612,34932838391,481557372,59
2818,2334,D,,,,2892365076,2892365076,80320945467,523186595,73
2819,2031,D,,,,2885144250,2885144250,59953508608,546295275,52
2820,1829,D,,,,2879661928,2879661928,15153977892,451349654,62
2821,1567,D,C13225 (Battle),2026-07-03T00:00:00.000Z,2026-08-24T00:00:00.000Z,2878901835,2850433615,27604557035,278233991,44
2822,3001,D,,,,2838216941,2827607568,1.00145E+11,587523173,62
2823,2181,D,,,,2824127594,2824127594,40827925465,473354371,68
2824,3240,D,,,,2726286996,2726286996,58326952846,566122336,83
2825,2074,D,,,,2723977703,2483506791,1.14368E+11,754962194,52
2826,1376,D,C13225 (Battle),2026-07-03T00:00:00.000Z,2026-08-24T00:00:00.000Z,2701974656,2694904793,48583557819,432656170,49
2827,1318,D,,,,2695840594,2695840594,25827653672,390671670,58
2828,1595,D,,,,2678917158,2678917158,60597795856,573191230,52
2829,2475,D,C13247 (Battle),2026-07-03T00:00:00.000Z,2026-08-24T00:00:00.000Z,2654714355,2654714355,36435574861,535700921,66
2830,2990,D,C13225 (Battle),2026-07-03T00:00:00.000Z,2026-08-24T00:00:00.000Z,2629435283,2629435283,55080027531,500147182,67
2831,1774,D,C13230 (Battle),2026-07-03T00:00:00.000Z,2026-08-24T00:00:00.000Z,2593551830,2593551830,37815810546,573886634,52
2832,2868,D,C13230 (Battle),2026-07-03T00:00:00.000Z,2026-08-24T00:00:00.000Z,2565090516,2565090516,39071124916,335293240,92
2833,2959,D,,,,2551451998,2551451998,44917619237,482874159,78
2834,3268,D,,,,2516533546,2515369083,12780184423,272955708,53
2835,3361,D,,,,2511892965,2509607079,53567291217,409940240,62
2836,3473,D,,,,2494837644,2494837644,29078954431,443428145,88
2837,1585,D,C13225 (Battle),2026-07-03T00:00:00.000Z,2026-08-24T00:00:00.000Z,2489653333,2489653333,44922109069,481405601,52
2838,1426,D,,,,2452594779,2452594779,19475572782,524183248,47
2839,1320,D,C13225 (Battle),2026-07-03T00:00:00.000Z,2026-08-24T00:00:00.000Z,2446233211,2442801492,26180149524,452297754,41
2840,2162,D,,,,2444509388,2444509388,35738199580,464289775,49
2841,2192,D,C13225 (Battle),2026-07-03T00:00:00.000Z,2026-08-24T00:00:00.000Z,2432948724,2432948724,15700914690,272685859,39
2842,3092,D,C13225 (Battle),2026-07-03T00:00:00.000Z,2026-08-24T00:00:00.000Z,2419495151,2417005222,48345250291,412992554,56
2843,2976,D,,,,2414312404,2414312404,19241541713,324784122,56
2844,2358,D,,,,2379948707,2379948707,43395123366,449062233,64
2845,1716,D,,,,2364821133,2364689576,33788081619,418413860,38
2846,1285,D,,,,2337089497,2337089497,23993752379,492537557,45
2847,1653,D,,,,2336409302,2336409302,46946499774,494910701,50
2848,3352,D,,,,2330475120,2330475120,12097032453,385510125,93
2849,1517,D,,,,2299263119,2265675532,77183531478,584153055,37
2850,1970,D,,,,2292381561,2292381561,27952107204,406411322,41
2851,1696,D,,,,2245583088,2245583088,52728255918,493152648,45
2852,2691,D,,,,2243964395,1891869796,33960942039,300503534,50
2853,2787,D,,,,2219036793,2219036793,47378380232,523352305,55
2854,1437,D,C13225 (Battle),2026-07-03T00:00:00.000Z,2026-08-24T00:00:00.000Z,2217761286,2195806012,28498433693,221141559,25
2855,2620,D,C13246 (Battle),2026-07-03T00:00:00.000Z,2026-08-24T00:00:00.000Z,2217613362,2217613362,35844575296,364587231,55
2856,1269,D,,,,2201160786,2201160786,15143753049,313614003,38
2857,2487,D,C13245 (Battle),2026-07-03T00:00:00.000Z,2026-08-24T00:00:00.000Z,2181806971,2178057357,20845669327,242215443,39
2858,1526,D,C13224 (Battle),2026-07-03T00:00:00.000Z,2026-08-24T00:00:00.000Z,2090145867,2090145867,42716978879,409838111,35
2859,2851,D,C13225 (Battle),2026-07-03T00:00:00.000Z,2026-08-24T00:00:00.000Z,2075884330,2075884330,15439799123,290635702,52
2860,1218,D,,,,2065524872,2065524872,45274065082,390182186,49
2861,1463,D,,,,2060962751,2060962751,28986116277,364573018,40
2862,2572,D,,,,2024375396,2024375396,41892262826,424208446,45
2863,3329,D,C13225 (Battle),2026-07-03T00:00:00.000Z,2026-08-24T00:00:00.000Z,2021777101,2021777101,21625044450,286425057,48
2864,2564,D,,,,1983828729,1983828729,21524222129,342652718,44
2865,2200,D,,,,1965825658,1965825658,9337803167,343890132,50
2866,2970,D,,,,1936307234,1936307234,16776395011,277724682,40
2867,1529,D,,,,1910091321,1903820723,24120239941,261739103,26
2868,2394,D,,,,1895604639,1895604639,29521218296,358263839,42
2869,3389,D,,,,1876132438,1876092552,74518782405,384939482,54
2870,1299,D,,,,1802106911,1797947978,20650462479,329943228,37
2871,2514,D,C13244 (Battle),2026-07-03T00:00:00.000Z,2026-08-24T00:00:00.000Z,1720606940,1720606940,58413282543,393469116,33
2872,2671,D,,,,1634559676,1634559676,20764271918,346768353,38
2873,1151,D,,,,1294833596,1294833596,28395671333,253361199,29
2874,3309,D,,,,1246471230,1245861610,58507403595,306525852,34
2875,1242,D,C13225 (Battle),2026-07-03T00:00:00.000Z,2026-08-24T00:00:00.000Z,854850790,852567687.6,19467717127,162383411,20
2876,1069,D,,,,0,0,0,0,0
2877,1078,D,,,,0,0,0,0,0
2878,1129,D,,,,0,0,0,0,0
2879,1221,D,,,,0,0,0,0,0
2880,1278,D,,,,0,0,0,0,0
2881,1306,D,,,,0,0,0,0,0
2882,1315,D,,,,0,0,0,0,0
2883,1335,D,,,,0,0,0,0,0
2884,1339,D,,,,0,0,0,0,0
2885,1351,D,,,,0,0,0,0,0
2886,1354,D,,,,0,0,0,0,0
2887,1378,D,,,,0,0,0,0,0
2888,1379,D,,,,0,0,0,0,0
2889,1416,D,,,,0,0,0,0,0
2890,1465,D,,,,0,0,0,0,0
2891,1513,D,,,,0,0,0,0,0
2892,1530,D,,,,0,0,0,0,0
2893,1542,D,,,,0,0,0,0,0
2894,1543,D,,,,0,0,0,0,0
2895,1550,D,,,,0,0,0,0,0
2896,1572,D,,,,0,0,0,0,0
2897,1579,D,,,,0,0,0,0,0
2898,1580,D,,,,0,0,0,0,0
2899,1601,D,,,,0,0,0,0,0
2900,1605,D,,,,0,0,0,0,0
2901,1630,D,,,,0,0,0,0,0
2902,1650,D,,,,0,0,0,0,0
2903,1725,D,,,,0,0,0,0,0
2904,1736,D,,,,0,0,0,0,0
2905,1767,D,,,,0,0,0,0,0
2906,1797,D,,,,0,0,0,0,0
2907,1880,D,,,,0,0,0,0,0
2908,1893,D,,,,0,0,0,0,0
2909,1969,D,,,,0,0,0,0,0
2910,2013,D,,,,0,0,0,0,0
2911,2036,D,,,,0,0,0,0,0
2912,2061,D,,,,0,0,0,0,0
2913,2064,D,,,,0,0,0,0,0
2914,2142,D,,,,0,0,0,0,0
2915,2167,D,,,,0,0,0,0,0
2916,2226,D,,,,0,0,0,0,0
2917,2264,D,,,,0,0,0,0,0
2918,2337,D,,,,0,0,0,0,0
2919,2505,D,,,,0,0,0,0,0
2920,2603,D,,,,0,0,0,0,0
2921,2672,D,,,,0,0,0,0,0
2922,2725,D,,,,0,0,0,0,0
2923,2935,D,,,,0,0,0,0,0
2924,2945,D,,,,0,0,0,0,0
2925,2991,D,,,,0,0,0,0,0
2926,3067,D,,,,0,0,0,0,0
2927,3185,D,,,,0,0,0,0,0
2928,3446,D,,,,0,0,0,0,0